word,length,q,rho_ratio_lower,rho_ratio_upper,delta_lower_nats,delta_upper_nats,states,reachable
0,1,9,9/8,9/8,0.117783035656383454,0.117783035656383455,9,9
0,1,11,999560360987532/900857486063095,1999613290003839/1802158900890709,0.103968471273372499,0.103968471273373577,11,11
0,1,16,8174622830273892/7374139036246745,766338777968964/691296566819245,0.103055424186178499,0.103055424186179071,16,16
1,1,9,103256093754777/93195572920819,8979007675296177/8104158642171586,0.102512029802528405,0.102512029802531752,9,9
1,1,11,992995091716059/905473955054554,3500606894870340/3192068517389843,0.092267207293077203,0.092267207293082396,11,11
1,1,16,7347964721195889/6624018904203590,1323481671018357/1193087874102605,0.103721095223270288,0.103721095223271369,16,16
2,1,9,8032951244897001/7250356605499198,351920923861821/317635712846611,0.102501333199107267,0.102501333199108856,9,9
2,1,11,2027548375402734/1848843173422319,1401075405348513/1277586631250647,0.092267234516485707,0.092267234516487867,11,11
2,1,16,3611927639882583/3275292869859398,935256019418829/848089352087671,0.097834311098748447,0.097834311098749369,16,16
3,1,9,3148092689261472/2840847048652145,8279465818638213/7471411536110936,0.102694509707456008,0.102694509707456902,9,9
3,1,11,5174076967910955/4718034328646957,57430130613898/52368244503415,0.092268702493504436,0.092268702493505487,11,11
3,1,16,8702174005550280/7815431689568401,7344666134189271/6596252432763532,0.107472679203490017,0.107472679203491172,16,16
4,1,9,336382215616359/303925469846117,1403532653785812/1268109018381395,0.101465553556220349,0.101465553556221768,9,9
4,1,11,985559282266143/898622834447087,1042165497641229/950235800427904,0.092345871840541363,0.092345871840542644,11,11
4,1,16,4063245777721089/3649723513750307,8735068767053799/7846088476395994,0.107330691794455995,0.107330691794457197,16,16
5,1,9,8998372858446585/8130140571917096,1403532653785812/1268109018381395,0.101465553556220475,0.101465553556221768,9,9
5,1,11,8870033540395287/8087605510023784,1411363082890344/1286866367961829,0.092345871840541239,0.092345871840542511,11,11
5,1,16,4063245777721089/3649723513750307,7440272765040681/6683065692992626,0.107330691794455995,0.107330691794457297,16,16
6,1,9,3148092689261472/2840847048652145,8279465818638213/7471411536110936,0.102694509707456008,0.102694509707456902,9,9
6,1,11,5174076967910955/4718034328646957,57430130613898/52368244503415,0.092268702493504436,0.092268702493505487,11,11
6,1,16,8702174005550280/7815431689568401,7344666134189271/6596252432763532,0.107472679203490017,0.107472679203491172,16,16
7,1,9,8032951244897001/7250356605499198,351920923861821/317635712846611,0.102501333199107267,0.102501333199108856,9,9
7,1,11,2027548375402734/1848843173422319,1401075405348513/1277586631250647,0.092267234516485707,0.092267234516487867,11,11
7,1,16,3611927639882583/3275292869859398,935256019418829/848089352087671,0.097834311098748447,0.097834311098749369,16,16
8,1,9,103256093754777/93195572920819,8979007675296177/8104158642171586,0.102512029802528405,0.102512029802531752,9,9
8,1,11,992995091716059/905473955054554,291717241239195/266005709782487,0.092267207293077203,0.092267207293082083,11,11
8,1,16,627895722505365/566033356658141,7940890026110142/7158527244615629,0.103721095223270061,0.103721095223271508,16,16
9,1,9,9/8,9/8,0.117783035656383454,0.117783035656383455,9,9
9,1,11,999560360987532/900857486063095,1999613290003839/1802158900890709,0.103968471273372499,0.103968471273373577,11,11
9,1,16,8174622830273892/7374139036246745,766338777968964/691296566819245,0.103055424186178499,0.103055424186179071,16,16
00,2,9,8751380522071687500000000000/8677553085668059867470656407,283972757595239242102411969221/281577137767161125000000000000,0.008471875518116954,0.008471875518119498,36,26
00,2,11,4353634056206047851562500000/4316438560579123748754906629,278409853977790212202578304433/276031245125407937500000000000,0.008580256583200545,0.008580256583201529,44,31
00,2,16,26469386087470875000000000000/26253453285674906109120911519,119143534806517707265379509/118171581879402868652343750,0.008191289078363690,0.008191289078364712,64,40
01,2,9,9656612570445046197785767279/9566338982919154296875000000,13507792242066322454624512995/13381516401925638246769169017,0.009392340287178451,0.009392340287180793,36,26
01,2,11,113471402367459536480967574219/112399489449561750000000000000,2000481501599564161474789488966/1981583859384509621684271562709,0.009491448468051253,0.009491448468053961,44,31
01,2,16,979445705032714316634447329579/969756457207787250000000000000,2188084722494018443332869322782/2166438913002744795711159462217,0.009941839609806291,0.009941839609807718,64,40
02,2,9,732689477649371261187284857081/725752052682705250000000000000,249460327474496921173832458091/247098327805050541763731334872,0.009513548738773707,0.009513548738775925,36,26
02,2,11,1342598635118155665967779661/1329783829612726562500000000,1976614476762848602697934674371/1957748130993991319327349768656,0.009590621028166136,0.009590621028167492,44,31
02,2,16,304114445619786734212831533417/300925667949845406250000000000,58490488558912496444866059112/57877189300994863759942770333,0.010540812496411725,0.010540812496413350,64,40
03,2,9,984607547334448190808945798333/975166659735356750000000000000,312764915499878894218149582727/309765976054240956350697571785,0.009634743223681578,0.009634743223682926,36,26
03,2,11,2201226262034002487095181746243/2179999671322333500000000000000,1900532075412579459404602595820/1882205101400416569083769604603,0.009689870881365502,0.009689870881366947,44,31
03,2,16,97173562787262559644881299953/96161119558797050000000000000,2184406123239775614370733254094/2161646978424486123745824776767,0.010473573300161929,0.010473573300163016,64,40
04,2,9,247316448818583559616822491169/244915291957866350000000000000,997785720373256187038171618467/988098374305313329093151047114,0.009756282287219006,0.009756282287220600,36,26
04,2,11,81370285935379714494772788991/80577624820082312500000000000,658729119346180261770541880656/652312170549483145826336843073,0.009789165435987530,0.009789165435989725,44,31
04,2,16,2424639643812486319611148650853/2400514214789103750000000000000,1819303808382615070357806974862/1801201536973699501325816159297,0.009999942291150468,0.009999942291151755,64,40
05,2,9,619021358485584149301056837623/612936798503734375000000000000,1111117808849659702734145889138/1100196274621199543502499010577,0.009877948243209936,0.009877948243211358,36,26
05,2,11,971797640871548354326978884809/962224960813386500000000000000,490420568869699248199653178569/485589687416311458952502826952,0.009899324055347194,0.009899324055349332,44,31
05,2,16,478378724424172692469211848229/473393665571423375000000000000,1598049797558742470413998679121/1581396940975196210278297495048,0.010475413010615008,0.010475413010616440,64,40
06,2,9,491578485679619336663173131063/486687461382725125000000000000,2222204291985722883866492789493/2200094180373046983271951765582,0.009999458870338019,0.009999458870339699,36,26
06,2,11,721837421353294872097846151551/714663618317156000000000000000,550049223174653649877344487718/544582694742477109739844557375,0.009987967256322273,0.009987967256323865,44,31
06,2,16,738477028701623522906534255063/731284707988635875000000000000,352652279760245239843860659726/349217659321662739605325837021,0.009787134805398345,0.009787134805399685,64,40
07,2,9,365506127956038529951348696997/361825380247270875000000000000,597258947780710126241366872867/591244385136087312763710835952,0.010121324564899321,0.010121324564900647,36,26
07,2,11,23521034123544293651134859/23284961676975000000000000,1099965111992799169584895389557/1088925144372108908181095349299,0.010087359293215719,0.010087359293218553,44,31
07,2,16,2032407955976635888220956168829/2011089737180294750000000000000,4072491783809192222752387299/4029774832894752337886363999,0.010544542344341870,0.010544542344344933,64,40
08,2,9,1235924424961040872490068826931/1223329253415789250000000000000,430439544078447895279889681170/426052981447241017622472046999,0.010243174002202757,0.010243174002206560,36,26
08,2,11,556264250224773194164518116123/550626323119649750000000000000,39885946062233385122533915253/39481688452065155462539362525,0.010187051904887528,0.010187051904893522,44,31
08,2,16,1090739395110772924554496659403/1079490753903397125000000000000,253477901584155966317462204098/250863819813845006688585599379,0.010366404637854128,0.010366404637855555,64,40
09,2,9,360640150290036985911570799/356882258210000000000000000,1793706592810585795582434323469/1775016062115062309720812356040,0.010474729137656972,0.010474729137658711,36,26
09,2,11,2227130692793389675160243757187/2206509362971168250000000000000,1775058496370420050687629921015/1758622969337435613297720949213,0.009302279059069997,0.009302279059071083,44,31
09,2,16,8297089298275184500854787149/8213720946770750000000000000,2221377283023373071920237327319/2199057098739760957062551526667,0.010098724264569058,0.010098724264570692,64,40
10,2,9,554871026019461420027820508771/549156257877956250000000000000,64440683978166218165218681502/63776991785663150975855603527,0.010352677449524868,0.010352677449526447,36,26
10,2,11,34985826270527223348417332071/34658454958019275000000000000,1977123770995763782119738869477/1958623318872760131908828827166,0.009401309567568831,0.009401309567569777,44,31
10,2,16,60850916421778719399745974983/60217026589426162500000000000,982426014012647819180774234272/972191988003822345418610413055,0.010471733625345407,0.010471733625346769,64,40
11,2,9,171947500487789812500000000000/170346126710688075130780246721,60114143599870723129502992711/59554291244234906250000000000,0.009356793893553046,0.009356793893554872,36,26
11,2,11,315131511686690625000000000/312213446102083499578774939,55635631435076720634930316903/55120454706162243750000000000,0.009302973089221580,0.009302973089223873,44,31
11,2,16,6841031517139687500000000000/6776701901125513683631798633,20105374007899632470565439217/19916313193531328125000000000,0.009447988525955313,0.009447988525956281,64,40
12,2,9,61111112056881781482669884477/60553818432544687500000000000,997908527385928392216442081349/988808250181574657053582294700,0.009161185886025245,0.009161185886027757,36,26
12,2,11,14899817499241158451634446207/14746030058872351562500000000,1949219966564884575900721296065/1929101226896485627340214654451,0.010375066495494786,0.010375066495498370,44,31
12,2,16,2449515389252707372930331199627/2423981525351236000000000000000,142639183157296867503334491664/141152305587253440294930992109,0.010478758063304664,0.010478758063306340,64,40
13,2,9,98345474180603994074269506009/97332587301846175000000000000,110834970419835471024753099477/109693450810711271256939731339,0.010352677430073066,0.010352677430074439,36,26
13,2,11,145366595036874654188458968341/143866203737523500000000000000,1974468083126214751569055627233/1954088746786815402013158159508,0.010375066482400640,0.010375066482402769,44,31
13,2,16,1094048178231829571479179352109/1083469681485880625000000000000,500324734923217937771275032711/495487028791429659951804342620,0.009716182046280827,0.009716182046282463,64,40
14,2,9,1235908899635498898522794720143/1223179934502925375000000000000,740704379764556551730723624216/733075661963147747524498794835,0.010352679126002617,0.010352679126004118,36,26
14,2,11,121923937867710607650733321643/120665508338252375000000000000,1972405594485050824744670008143/1952047545954317253008590750679,0.010375066495618782,0.010375066495620418,44,31
14,2,16,2470566827952481500081093195569/2445742811201117250000000000000,877730069085743507481038088668/868910722168412251276458020575,0.010098724264569551,0.010098724264570940,64,40
15,2,9,231436729500546690736249471/229053099455900000000000000,1995298455187537807563590703291/1974748331807871473797547198302,0.010352677449525261,0.010352677449526474,36,26
15,2,11,1225959665084786000085892334039/1213306006815125000000000000000,1977103377995862955353109708557/1956696841613423813310529908308,0.010375066496984084,0.010375066496985561,44,31
15,2,16,478378724424172692469211848229/473393665571423375000000000000,2220246234995733793901911044128/2197109633002463661009021392853,0.010475413010615008,0.010475413010616449,64,40
16,2,9,327808094078177038124035295651/324431909046486750000000000000,782409695490015998882474529608/774351444488034321590076337883,0.010352677449525103,0.010352677449526781,36,26
16,2,11,360353426197096155137450949503/356630019501220750000000000000,549731621528731636057923708381/544051435767391483148499923830,0.010386404848747777,0.010386404848749624,44,31
16,2,16,369281822779752190008790976213/365440891503593750000000000000,1866199788116399729928059952118/1846789287269698414566682327409,0.010455553345116472,0.010455553345118308,64,40
17,2,9,243718469361854023516081580151/241208346326242000000000000000,1768483054658844221221219185657/1750268964995418789147786037883,0.010352677449521889,0.010352677449524073,36,26
17,2,11,235514624394890645682800213997/233083773578511625000000000000,2199223481683297934501695021539/2176524321452434467832506873614,0.010375078668822002,0.010375078668824913,44,31
17,2,16,3805334728964952272099984261/3765758141685812000000000000,2224361037201923800776149188624/2201227035859259220345490001255,0.010454751628973668,0.010454751628976348,64,40
18,2,9,479475099823272954417565676531/474478940414090000000000000000,64439789860859977732929430840/63768323370612948216024300661,0.010474729137656402,0.010474729137658669,36,26
18,2,11,125117659097272581290625527851/123826268235949750000000000000,2204288752883079820702457662852/2181537381320275573742757489727,0.010375046775261865,0.010375046775263380,44,31
18,2,16,2212087463818029314803463892283/2189768350549838750000000000000,2224268826831632896881290602088/2201826808287175129177703940679,0.010140861254181457,0.010140861254182733,64,40
19,2,9,2968227082840261243444068343/2937656926422800000000000000,2222113531334050618908482181218/2199227695333508176070820723515,0.010352532964947853,0.010352532964949636,36,26
19,2,11,2451416574098540398173951909409/2428478066874240250000000000000,1100694746067924662805662495663/1090395274875960202273784889870,0.009401299766613964,0.009401299766615394,44,31
19,2,16,488129767931603474149577114467/483543282755423500000000000000,2189961612467825811913862120033/2169384652954476761772494801499,0.009440457849563405,0.009440457849565479,64,40
20,2,9,16820186754774185811353239561/16646951060540900000000000000,2222082603782494218276132799952/2199196768558290142812359307725,0.010352677449748562,0.010352677449752189,36,26
20,2,11,76523026008811574496358626313/75806981252790554687500000000,123553477189006955099342208206/122397356945942129061772553449,0.009401299754656233,0.009401299754657528,44,31
20,2,16,959511088076489199429722472421/950172471104188750000000000000,1997507419446430700275748966474/1978066313531816400280385622517,0.009780354832089601,0.009780354832091355,64,40
21,2,9,16319710590176732109297115081/16151629409486750000000000000,226815043289333671833012242542/224479012876068281405432580651,0.010352679125999649,0.010352679126005522,36,26
21,2,11,834435102238240806526859390121/825822537774752500000000000000,11224197286051645655521076395/11108347506460927296115558441,0.010375066510068425,0.010375066510071495,44,31
21,2,16,369324286084844718549884239513/365483206157949437500000000000,1960420634746179538320852834155/1940031690308699847437054335197,0.010454751628974922,0.010454751628976175,64,40
22,2,9,85014183587063625000000000000/84222433517415827576513277191,56285875043887211422832440763/55761676097242581250000000000,0.009356791214951942,0.009356791214953427,36,26
22,2,11,14180840885358210937500000000/14049528648359678397451777343,34771805963644663218053423493/34449824801703816406250000000,0.009302973089211442,0.009302973089213098,44,31
22,2,16,28206625022204625000000000000/27940974803892590192407592257,12988343073960868014364535481/12866018755812409375000000000,0.009462637810298876,0.009462637810301972,64,40
23,2,9,15448858785518039275880370067/15289746772329234375000000000,1768483018493925530648682383017/1750268929202968147294367470245,0.010352677449525281,0.010352677449526541,36,26
23,2,11,2168258879367290865340643772411/2145879344639765750000000000000,862233956007372558859676970164/853334467599719056741409090755,0.010375066496846563,0.010375066496847981,44,31
23,2,16,678745397818570915704385519189/671956503631579500000000000000,653842033199138576629807348979/647302225500017670309761281217,0.010052479157799443,0.010052479157800565,64,40
24,2,9,2472158995697738332963351788387/2449614512374185500000000000000,997908527385928392216442081349/988808250181574657053582294700,0.009161185886026560,0.009161185886027757,36,26
24,2,11,48673396246650786390327438153/48171017139401787500000000000,877598336969545780569490492354/868540266174241792838548226529,0.010375066482415760,0.010375066482417646,44,31
24,2,16,2470561183172946403117316382999/2444696324864389000000000000000,1092071520451008407405387880862/1080638379134102437706684591081,0.010524411795498450,0.010524411795499399,64,40
25,2,9,145421117400476591485172417143/144094973394629250000000000000,166320330292989330065078011301/164803599346264381227133688728,0.009161171506150037,0.009161171506151164,36,26
25,2,11,2196646500867592118810830693259/2173973965262054750000000000000,1102109471715917354579928101788/1090734124690889300253260438889,0.010375066495619225,0.010375066495620617,44,31
25,2,16,456770064434237000320199986049/452018329162588437500000000000,1865498066888544818622113186072/1846091469009572288998050592947,0.010457392739683548,0.010457392739684854,64,40
26,2,9,28925253029219848746394556479/28627343954072750000000000000,1995298097621476333435247975138/1974747977962892832452020389135,0.010352677430073056,0.010352677430074689,36,26
26,2,11,72071170622523592549779079021/71327293006645425000000000000,66343099412236501974925349305/65658343688214251744666069938,0.010375066367464306,0.010375066367467377,44,31
26,2,16,967711729415849665177894896949/958290924956329375000000000000,2186742137590555803477298639724/2165453907371342990761137501183,0.009782831370356601,0.009782831370358102,64,40
27,2,9,1969479980809907144696753320491/1948957880828180000000000000000,16453741607148377986040617802/16282292628927932743020308901,0.010474729137657396,0.010474729137659823,36,26
27,2,11,250487400466017628901031912977/247901237030058250000000000000,735388613306284834192800904080/727796075160990526568042129287,0.010378192653873411,0.010378192653874868,44,31
27,2,16,4017562100268364005767730883/3975703456552054687500000000,225242869433164318242527134962/222896082803378548188513120787,0.010473573300162087,0.010473573300164132,64,40
28,2,9,252302821192819257006458844637/249704285579574375000000000000,1995298451929592496214419681034/1974748328621893346082423540849,0.010352677430071750,0.010352677430074519,36,26
28,2,11,20809116312781833705093688823/20594336451330500000000000000,2199222672153416903325861625897/2176523546744823647754519234062,0.010375066508718335,0.010375066508720451,44,31
28,2,16,2074483315534728029375908686713/2053760035730741000000000000000,246778912198194632929779605331/244313687046027497894138891171,0.010039841217281649,0.010039841217282731,64,40
29,2,9,221951460431312733549763725331/219665521761686375000000000000,1791634469679085814597137651992/1773181937273501869999752779417,0.010352677449522643,0.010352677449524029,36,26
29,2,11,1098458135205881885994200171153/1088179593769626000000000000000,2199278258514218583153985977088/2178699073941324637605085421515,0.009401298628648692,0.009401298628650221,44,31
29,2,16,2470561183172946403117316382999/2444696324864389000000000000000,399601232979510492040988165789/395417718180792947002757026952,0.010524411795498450,0.010524411795499755,64,40
30,2,9,42050466963728035260099801367/41617377727363250000000000000,997649050439983353638954968350/987373990574705398674113321683,0.010352677449524211,0.010352677449526451,36,26
30,2,11,2199276408138911852963681826553/2178697238426960500000000000000,1100682220490464009116392564564/1090382866516321088842958935799,0.009401299754768929,0.009401299754770411,44,31
30,2,16,309290093449494989098862897699/306094916278481312500000000000,2184416132514724008977216378652/2161849627132146250265911344625,0.010384412468244988,0.010384412468246446,64,40
31,2,9,1109740318718738007533023787799/1098310800287665000000000000000,226815042536575671383568363269/224479012507397468609284159818,0.010352677449525175,0.010352677449526628,36,26
31,2,11,124856254940492665216829157943/123567559700660000000000000000,2198982221920902621294030256712/2176285578302861875478817357827,0.010375066508700756,0.010375066508706191,44,31
31,2,16,1093214339082353349075927640849/1082048575731356750000000000000,124855052253164114226859830995/123579820199580285112703091958,0.010266217791849339,0.010266217791850322,64,40
32,2,9,983605901496057955665543408011/973475475854642000000000000000,884227817996044791512141706297/875120914360495814338851308107,0.010352677449525215,0.010352677449526919,36,26
32,2,11,2449283322427133057810511088137/2424003213231776500000000000000,448967599606389693169763805573/444333611435522265625895413007,0.010375066508719094,0.010375066508722359,44,31
32,2,16,250126891239647355165150924841/247791960572799187500000000000,450172613860081514275971276411/445970259462007863380598633073,0.009378828593605383,0.009378828593608243,64,40
33,2,9,6297926872821500000000000000/6239277576155809909270672017,123167987696245042020541506799/122020988692289000000000000000,0.009356108809518998,0.009356108809520442,36,26
33,2,11,850839743637818437500000000/842961108502295357766284593,122788138621411529205831734297/121651140790266375000000000000,0.009302973188451506,0.009302973188453122,44,31
33,2,16,510591815266543875000000000000/506389568464086369418522922971,365549202079665690530296730423/362540677619126625000000000000,0.008264203822050552,0.008264203822052030,64,40
34,2,9,6342563842457654942163714349/6277240046325875000000000000,1110923833400286527329091310433/1099482125628233802790455587797,0.010352677449750887,0.010352677449752689,36,26
34,2,11,87369944169214135205824307039/86468160253868750000000000000,175519718956122025518165114207/173708102148011750616773542579,0.010375078668684440,0.010375078668686503,44,31
34,2,16,43929498189456799107169338727/43507584519681445000000000000,292821465085751921248576530132/290009109288047873293355818595,0.009650755293936570,0.009650755293938375,64,40
35,2,9,87550548227880929339369742953/86648853755367750000000000000,1113552272431338906923460178954/1102083652882635671305577344645,0.010352532964948545,0.010352532964949918,36,26
35,2,11,244635878739657932790460408103/242110886365188850000000000000,1099611767675866418611569205809/1088262200545473652558063574504,0.010375066482415896,0.010375066482417177,44,31
35,2,16,62352196748579264938440098393/61702554422340281250000000000,996948620327118979374016691909/986561495981497575690462043678,0.010473573300161753,0.010473573300163193,64,40
36,2,9,1969479980809907144696753320491/1948957880828180000000000000000,22131526249771620243020308901/21900914413717657743020308901,0.010474729137657396,0.010474729137658869,36,26
36,2,11,250863482445257156224178929249/248274211174353500000000000000,1900248823802143011358548575718/1880635528000454622848558263439,0.010375070968097128,0.010375070968099541,44,31
36,2,16,304114445619786734212831533417/300925667949845406250000000000,11463799088704906457847779300/11343595964278308714753020137,0.010540812496411725,0.010540812496413195,64,40
37,2,9,554964544984717784492661302473/549903636927172875000000000000,2222420222289809529992802483020/2202153225935026930097765972899,0.009161171506149730,0.009161171506151051,36,26
37,2,11,499717706925865194450819030123/494559905016120250000000000000,1974443165291788432452799538890/1954064086088702551693122461041,0.010375066508704276,0.010375066508706146,44,31
37,2,16,12508513069761363418824291681/12381055162715012500000000000,364356333727502719896923570633/360643654573953266104449088905,0.010241963221312543,0.010241963221315789,64,40
38,2,9,554871026019461420027820508771/549156257877956187500000000000,2222113139774768508885730602309/2199226990052542175444246229779,0.010352677449524982,0.010352677449526398,36,26
38,2,11,41613159090305770258101310683/41183651733548000000000000000,2199223222648470400818859973217/2176524091557980691619828634368,0.010375066508718035,0.010375066508720293,44,31
38,2,16,11911693190588821785847007401/11792806018478437500000000000,1958256761382054352673169724971/1938711965784840405898776170329,0.010030852616570091,0.010030852616571465,64,40
39,2,9,42050466963728035260099801367/41617377727363250000000000000,64440683978166218165218681502/63776991785663150975855603527,0.010352677449524211,0.010352677449526447,36,26
39,2,11,612252532070488495027839790483/606523534760330875000000000000,2201364444031402521855462127601/2180765736279415141581694703085,0.009401299651666558,0.009401299651667865,44,31
39,2,16,2098659761741099874414744285133/2078225644787192000000000000000,438849368134963538535257583005/434576403323278378847559454937,0.009784458029155410,0.009784458029156359,64,40
40,2,9,21759947093196119060416655397/21535835422896125000000000000,226815079035077057462302803747/224479048253656521790460831875,0.010352679126002669,0.010352679126005159,36,26
40,2,11,130882822959082244116968776941/129658120226675000000000000000,1976858716369653059843511959931/1958360763645343142340432101932,0.009401299755864051,0.009401299755865366,44,31
40,2,16,8943956317597036990934214999/8856754199750937500000000000,448495661954672629595977188053/444122902274451909124073474030,0.009797678057506705,0.009797678057508708,64,40
41,2,9,491802950869641652930261474849/486737738057149250000000000000,1995298097621469659200633800371/1974747977962886764340492816232,0.010352677430073062,0.010352677430074417,36,26
41,2,11,2446355610712219233968585618913/2421105690219201500000000000000,112240413540297801210365976434/111081930486735788267337603865,0.010375078681906274,0.010375078681908131,44,31
41,2,16,18653658072648558537676785797/18458334331792000000000000000,1863813522394569021438806724016/1844297402390900910437622830275,0.010526276372036708,0.010526276372038317,64,40
42,2,9,1109757501268507541409359655851/1098327805869664500000000000000,399059620175993341455581987340/394949596229882204418619606991,0.010352677449525369,0.010352677449526337,36,26
42,2,11,1097023091712966157229281844669/1085700243393223000000000000000,448437057479013422544204201643/443808545261590679750563724508,0.010375066510068214,0.010375066510071340,44,31
42,2,16,4468835419505658049238343699/4424185378405531250000000000,450710268110235505468818592523/446207029546662115545685976536,0.010041675895215802,0.010041675895220499,64,40
43,2,9,378454221855230522640705586811/374556418530390000000000000000,1541667972268373577553050978275/1525789913044588220224877481126,0.010352677449524521,0.010352677449526495,36,26
43,2,11,18728448636880567247340820163/18535144243606006250000000000,1977127751341437349638896454194/1956720963368256281996436478553,0.010375066508703906,0.010375066508706092,44,31
43,2,16,1173770572456500390082414999157/1161689071584749000000000000000,1732348115637399529786517468242/1714517233043834936769432866649,0.010346236274309885,0.010346236274311298,64,40
44,2,9,281077101804290625000000000000/278458120724565098550772929533,366710034056281355976661080319/363293154364645062500000000000,0.009361341700706440,0.009361341700708040,36,26
44,2,11,69468965416195875000000000000/68825694306630905675908669789,3842964984267961237755366549/3807379765247650000000000000,0.009302973089328536,0.009302973089329977,44,31
44,2,16,113739199909712718750000000000/112669821890202431803849491911,618522216810010747849558368607/612706859714475187500000000000,0.009446496109334847,0.009446496109336050,64,40
45,2,9,488071696742742588046126010857/482985960276060000000000000000,22131526249771620243020308901/21900914413717657743020308901,0.010474729137657915,0.010474729137658869,36,26
45,2,11,307724524032707023437176004581/304548364866352406250000000000,29152368408168263076745462412/28851474085781637953115161597,0.010375072013145397,0.010375072013147395,44,31
45,2,16,36332186585806825117761332423/35954292459477500000000000000,224209434776349309991209023787/221877413600868630456673166014,0.010455553345116891,0.010455553345118912,64,40
46,2,9,1009211205269942125644141083441/998817063616338500000000000000,1997929829277069678168129985921/1977352604657457332672190165851,0.010352677449524805,0.010352677449526475,36,26
46,2,11,138734679414557479371310652809/137302738989549921875000000000,21952655164562489748805296603/21726072348362201444033215691,0.010375066380549528,0.010375066380551730,44,31
46,2,16,556545374003499883426320808877/551082087292059562500000000000,1740465400611553000258584689812/1723380250075696805159234150647,0.009864925181167353,0.009864925181168846,64,40
47,2,9,224526760022955449646961882717/222214297639941050000000000000,340222581883642011971903562223/336718536653676386771535341555,0.010352677449525243,0.010352677449526767,36,26
47,2,11,110987729079299762680654885439/109842176888462600000000000000,221053134943976149696415741587/218771550257748341309007810714,0.010375066380549632,0.010375066380551129,44,31
47,2,16,166557275278318414577984956803/164908969843671250000000000000,449954869951755642541565169617/445501968952694617126055618025,0.009945622190986726,0.009945622190990356,64,40
48,2,9,252301036038610618957603083683/249702554884407875000000000000,38421728026958941664238837447/38026017657483076594470166307,0.010352532965172838,0.010352532965175545,36,26
48,2,11,2999668353494588180558240147/2968707483471962500000000000,1111179525646800013792849864346/1099710562811199015878800478983,0.010375066380549518,0.010375066380550863,44,31
48,2,16,736470727862405064080602728469/728747139751374750000000000000,2184141232415320396201937868144/2161235492082015141932988646087,0.010542677399851907,0.010542677399853480,64,40
49,2,9,31504648156422511164963683839/31217346689786781250000000000,52577147729829013340982323506/52097679062878304338687125243,0.009161171506148798,0.009161171506153491,36,26
49,2,11,444044891285077835592957833/439889806993198350000000000,2222583624202812535073420254314/2201786127180408766076686149581,0.009401406923741370,0.009401406923742729,44,31
49,2,16,2181733351634452152675672228989/2159036988349055750000000000000,1965070509286585223606686627204/1944628068817504647048828859161,0.010457392739683449,0.010457392739685257,64,40
50,2,9,31504648156422511164963683839/31217346689786781250000000000,1997931613733502506957328293228/1979711804389375340125239367645,0.009161171506148798,0.009161171506153604,36,26
50,2,11,1236170366260897543965464059923/1224603085177958500000000000000,2222583624202812535073420254314/2201786127180408766076686149581,0.009401406923741443,0.009401406923742729,44,31
50,2,16,1217436201320685049893150600703/1204771329015704375000000000000,300243372267681169312784883906/297119969196487442710443595925,0.010457392739683669,0.010457392739685035,64,40
51,2,9,252301036038610618957603083683/249702554884407875000000000000,589495423321836540641325330077/583424133357904127442583706240,0.010352532965172838,0.010352532965175595,36,26
51,2,11,2999668353494588180558240147/2968707483471962500000000000,181410371666467014336033203429/179537957027235602904507608948,0.010375066380549518,0.010375066380550911,44,31
51,2,16,736470727862405064080602728469/728747139751374625000000000000,1997618053338381351193625628078/1976668437198270014836719977851,0.010542677399852078,0.010542677399853242,64,40
52,2,9,224526760022955449646961882717/222214297639941050000000000000,340222581883642011971903562223/336718536653676386771535341555,0.010352677449525243,0.010352677449526767,36,26
52,2,11,138734482891617447814508287743/137302544495007828125000000000,71688918754069827553969400719/70948986523554454592197262936,0.010375066380549772,0.010375066380550921,44,31
52,2,16,499671825834955243733954870409/494726909531013500000000000000,449954869951755642541565169617/445501968952694617126055618025,0.009945622190987232,0.009945622190990356,64,40
53,2,9,1009211205269942125644141083441/998817063616338750000000000000,1997929829277069678168129985921/1977352604657457557417061557440,0.010352677449524555,0.010352677449526362,36,26
53,2,11,138734679414557479371310652809/137302738989549921875000000000,21952655164562489748805296603/21726072348362201444033215691,0.010375066380549528,0.010375066380551730,44,31
53,2,16,368424129049441468893864678163/364807520696503937500000000000,926410928839012840948751797697/917316884124469707692294176206,0.009864925181167416,0.009864925181168717,64,40
54,2,9,1969479980809907144696753320491/1948957880828180000000000000000,22131526249771620243020308901/21900914413717657743020308901,0.010474729137657396,0.010474729137658869,36,26
54,2,11,307724524032707023437176004581/304548364866352375000000000000,29152368408168263076745462412/28851474085781637953115161597,0.010375072013145500,0.010375072013147395,44,31
54,2,16,36332186585806825117761332423/35954292459477500000000000000,224209434776349309991209023787/221877413600868630456673166014,0.010455553345116891,0.010455553345118912,64,40
55,2,9,1756778291426884570312500000/1740409227291153608727990317,23803451388808426040299071723/23581658904044312500000000000,0.009361341700706985,0.009361341700708515,36,26
55,2,11,505353413717711437500000000000/500673924837791453546964891691,3842964984267961237755366549/3807379765247650000000000000,0.009302973089328459,0.009302973089329977,44,31
55,2,16,113739199909712718750000000000/112669821890202431803849491911,5865838337853064915614338369/5810687619459750000000000000,0.009446496109334847,0.009446496109335894,64,40
56,2,9,378454221855230522640705586811/374556418530390000000000000000,1541667972268373577553050978275/1525789913044587995480006089537,0.010352677449524521,0.010352677449526643,36,26
56,2,11,18728448636880567247340820163/18535144243606012500000000000,439850694484268264435195023504/435310805821986922074013763879,0.010375066508703568,0.010375066508705965,44,31
56,2,16,278270439167820882109082127193/275406229898753312500000000000,50951415165805868523132866713/50426977442465726824251808090,0.010346236274309841,0.010346236274311429,64,40
57,2,9,1109757501268507541409359655851/1098327805869664500000000000000,399059620175993341455581987340/394949596229882204418619606991,0.010352677449525369,0.010352677449526337,36,26
57,2,11,1095428517255880909532941822799/1084122127226622750000000000000,448437057479013422544204201643/443808545261590679750563724508,0.010375066510068173,0.010375066510071340,44,31
57,2,16,4468835419505658049238343699/4424185378405531250000000000,450710268110235505468818592523/446207029546662115545685976536,0.010041675895215802,0.010041675895220499,64,40
58,2,9,491802950869641652930261474849/486737738057149250000000000000,1995298097621469659200633800371/1974747977962886764340492816232,0.010352677430073062,0.010352677430074417,36,26
58,2,11,22905534573835879747754653351/22669116399672300000000000000,112240413540297801210365976434/111081930486735788267337603865,0.010375078681906042,0.010375078681908131,44,31
58,2,16,1473638987739236124476466077963/1458208412211568250000000000000,980540049134339309095507794411/970272746618622880379287752125,0.010526276372036536,0.010526276372038131,64,40
59,2,9,1235908899635498898522794720143/1223179934502925500000000000000,226815079035077057462302803747/224479048253656297045589440286,0.010352679126002515,0.010352679126006160,36,26
59,2,11,1099501572677285167549320284171/1089213266313623500000000000000,988429343363659624643667246553/979180367140189808860090112838,0.009401299755864023,0.009401299755865526,44,31
59,2,16,8943956317597036990934214999/8856754199750937500000000000,448495661954672629595977188053/444122902274451909124073474030,0.009797678057506705,0.009797678057508708,64,40
60,2,9,42050466963728035260099801367/41617377727363250000000000000,997649050439983353638954968350/987373990574705398674113321683,0.010352677449524211,0.010352677449526451,36,26
60,2,11,11440865475120128134575313639/11333810487023660156250000000,1100791260042386870595209368147/1090490885870797982814499585562,0.009401299651666577,0.009401299651667915,44,31
60,2,16,2098659761741099874414744285133/2078225644787192000000000000000,438849368134963538535257583005/434576403323278378847559454937,0.009784458029155410,0.009784458029156359,64,40
61,2,9,554871026019461420027820508771/549156257877956187500000000000,252306188512767698743841103512/249707618213717688740092953695,0.010352677449524982,0.010352677449526422,36,26
61,2,11,1098173331938201058047187179747/1086838611494624500000000000000,1974769853370528047045713336377/1954387402278899936696277813892,0.010375066508718971,0.010375066508720397,44,31
61,2,16,1089155421688155813964149166691/1078284875746333000000000000000,997384467424859096643619503093/987429860893130608235133849734,0.010030852616569764,0.010030852616571626,64,40
62,2,9,554964544984717784492661302473/549903636927172875000000000000,2222420222289809529992802483020/2202153225935026930097765972899,0.009161171506149730,0.009161171506151051,36,26
62,2,11,499717706925865194450819030123/494559905016120250000000000000,1974443165291788432452799538890/1954064086088703001182865244219,0.010375066508704276,0.010375066508705916,44,31
62,2,16,12508513069761363418824291681/12381055162715012500000000000,1981484991213279642138994524965/1961294267630440663456680606777,0.010241963221312543,0.010241963221315751,64,40
63,2,9,1969479980809907144696753320491/1948957880828180000000000000000,22131526249771620243020308901/21900914413717657743020308901,0.010474729137657396,0.010474729137658869,36,26
63,2,11,379952246857646276900815588557/376030594222059500000000000000,338281686594033971708704089668/334790133961369715672714476269,0.010375070968098425,0.010375070968100633,44,31
63,2,16,304114445619786734212831533417/300925667949845468750000000000,153668989791123667732338866207/152057700849522172294130554638,0.010540812496411518,0.010540812496412908,64,40
64,2,9,1122633654236451616860891466139/1111071504356504750000000000000,556776136215669453461730089477/551041826441317948025224368117,0.010352532964948501,0.010352532964949714,36,26
64,2,11,959276423773100886849587008911/949375318229981750000000000000,550906697807457271543358721356/545220552266686779743222977567,0.010375066482415879,0.010375066482417425,44,31
64,2,16,62352196748579264938440098393/61702554422340281250000000000,996948620327118979374016691909/986561495981497575690462043678,0.010473573300161753,0.010473573300163193,64,40
65,2,9,49180381752477344309686564957/48673859577678550000000000000,1110923833400286527329091310433/1099482125628234027535326979386,0.010352677449750590,0.010352677449752485,36,26
65,2,11,87369944169214135205824307039/86468160253868750000000000000,175519718956122025518165114207/173708102148011750616773542579,0.010375078668684440,0.010375078668686503,44,31
65,2,16,2584088128791576418068784631/2559269677628320000000000000,292821465085751921248576530132/290009109288047873293355818595,0.009650755293936685,0.009650755293938375,64,40
66,2,9,112420245294667575000000000000/111373334390387256385329814817,123167987696245042020541506799/122020988692288937500000000000,0.009356108809519378,0.009356108809520954,36,26
66,2,11,850839743637818437500000000/842961108502295357766284593,122788138621411529205831734297/121651140790266375000000000000,0.009302973188451506,0.009302973188453122,44,31
66,2,16,13281527133851085000000000000/13172218184390463697377338509,154789515219791582176986623957/153515574420237562500000000000,0.008264203822050435,0.008264203822051607,64,40
67,2,9,27743937480453359882721793229/27458195096010225000000000000,453626967790464703363376960261/448954939837853184477251133163,0.010352677449525102,0.010352677449527348,36,26
67,2,11,83394572399999966910415177043/82533821062142125000000000000,448967599606389693169763805573/444333611435522265625895413007,0.010375066508719031,0.010375066508722359,44,31
67,2,16,500123590567186709337811480877/495454944572979250000000000000,450172613860081514275971276411/445970259462007863380598633073,0.009378828593605409,0.009378828593608243,64,40
68,2,9,2222442029846646102299853413771/2199552492795806000000000000000,453630085073151342767136726538/448958025014794712473696928047,0.010352677449525219,0.010352677449527129,36,26
68,2,11,124856254940492665216829157943/123567559700660000000000000000,2199250646541666882724801155928/2176551232397382528780560638949,0.010375066508700756,0.010375066508706037,44,31
68,2,16,1093214339082353349075927640849/1082048575731356750000000000000,124855052253164114226859830995/123579820199580285112703091958,0.010266217791849339,0.010266217791850322,64,40
69,2,9,42050466963728035260099801367/41617377727363250000000000000,997649050439983353638954968350/987373990574705398674113321683,0.010352677449524211,0.010352677449526451,36,26
69,2,11,306126302217770098745203407637/303261803192855437500000000000,987248354873325899367168686803/978010429450400495196388636581,0.009401299754769126,0.009401299754770591,44,31
69,2,16,2433615190600624912267328951369/2408474289340853000000000000000,621955946790460277646092180768/615530718551179935304738770215,0.010384412468245212,0.010384412468246436,64,40
70,2,9,221951460431312733549763725331/219665521761686325000000000000,226815042534083957127609783589/224479012504931792625247036899,0.010352677449522871,0.010352677449524956,36,26
70,2,11,1098458135205881885994200171153/1088179593769625875000000000000,2199253752223650538978873415372/2178674796962111189004220857871,0.009401298628648807,0.009401298628650263,44,31
70,2,16,2073325087655371350843936894089/2051618982991770000000000000000,399601232979510492040988165789/395417718180792947002757026952,0.010524411795498297,0.010524411795499755,64,40
71,2,9,252302821192819257006458844637/249704285579574375000000000000,1995298451929592496214419681034/1974748328621893346082423540849,0.010352677430071750,0.010352677430074519,36,26
71,2,11,20809116312781833705093688823/20594336451330500000000000000,1752918205984342209422310036828/1734825581398181794957453330175,0.010375066508718335,0.010375066508720300,44,31
71,2,16,33748301013331889359800587157/33411168639419218750000000000,2221010209783751696368016447979/2198823183414247256302378628950,0.010039841217281575,0.010039841217282833,64,40
72,2,9,1969479980809907144696753320491/1948957880828180000000000000000,16453741607148377986040617802/16282292628927932743020308901,0.010474729137657396,0.010474729137659823,36,26
72,2,11,250487400466017628901031912977/247901237030058375000000000000,990497424880179135850799642488/980271009424265184033745768809,0.010378192653872907,0.010378192653874835,44,31
72,2,16,4017562100268364005767730883/3975703456552054687500000000,225242869433164318242527134962/222896082803378548188513120787,0.010473573300162087,0.010473573300164132,64,40
73,2,9,130542105183017911982393199941/129197616414551750000000000000,1995298097621469659200633800371/1974747977962886764340492816232,0.010352677430072993,0.010352677430074417,36,26
73,2,11,72071170622523592549779079021/71327293006645400000000000000,2199198367659264586825942384972/2176499493415273087811745874327,0.010375066367464657,0.010375066367466768,44,31
73,2,16,1112920960174949906580066845037/1102086524230850375000000000000,1094950591333898933331566662207/1084291099358927324148784315316,0.009782831370356630,0.009782831370357911,64,40
74,2,9,145421117400476591485172417143/144094973394629250000000000000,166320330292989330065078011301/164803599346264381227133688728,0.009161171506150037,0.009161171506151164,36,26
74,2,11,2196646500867592118810830693259/2173973965262054750000000000000,1102109471715917354579928101788/1090734124690889300253260438889,0.010375066495619225,0.010375066495620617,44,31
74,2,16,35136158802633615409246152773/34770640704814500000000000000,1960661130857702921451512950156/1940264560730482161720133259699,0.010457392739683409,0.010457392739684851,64,40
75,2,9,2472158995697738332963351788387/2449614512374185500000000000000,997908527385928392216442081349/988808250181574657053582294700,0.009161185886026560,0.009161185886027757,36,26
75,2,11,48673396246650786390327438153/48171017139401787500000000000,877598336969545780569490492354/868540266174241792838548226529,0.010375066482415760,0.010375066482417646,44,31
75,2,16,2470561183172946403117316382999/2444696324864389000000000000000,1092071520451008407405387880862/1080638379134102437706684591081,0.010524411795498450,0.010524411795499399,64,40
76,2,9,15448858785518039275880370067/15289746772329234375000000000,1768483018493925530648682383017/1750268929202968147294367470245,0.010352677449525281,0.010352677449526541,36,26
76,2,11,91885560096958584461163385997/90937169615215000000000000000,1724467912014745117719353940328/1706668935199438338227689573099,0.010375066496846405,0.010375066496847849,44,31
76,2,16,2036236193455712747113156557567/2015869510894738750000000000000,2184519201461101162691150756096/2162669374182955383531895391053,0.010052479157799319,0.010052479157800616,64,40
77,2,9,27689196708210750000000000000/27431322992352904999396194613,36941993714734514100989887281/36597947287862468750000000000,0.009356791214951809,0.009356791214953157,36,26
77,2,11,14180840885358210937500000000/14049528648359678397451777343,34771805963644663218053423493/34449824801703816406250000000,0.009302973089211442,0.009302973089213098,44,31
77,2,16,28206625022204625000000000000/27940974803892590192407592257,12988343073960868014364535481/12866018755812409375000000000,0.009462637810298876,0.009462637810301972,64,40
78,2,9,252302802156200697088140850953/249704266315539500000000000000,665009824983749825796603868648/658160706187427212199408592799,0.010352679125996497,0.010352679126001292,36,26
78,2,11,278145034079413602175619796707/275274179258250875000000000000,11224197286051645655521076395/11108347506460927296115558441,0.010375066510068274,0.010375066510071495,44,31
78,2,16,303645337333591772885161113263/300487337564631312500000000000,2187527483376749372212736181172/2164776561700287948457568768841,0.010454751628975111,0.010454751628976363,64,40
79,2,9,16820186754774185811353239561/16646951060540900000000000000,2222082603782494218276132799952/2199196768558290142812359307725,0.010352677449748562,0.010352677449752189,36,26
79,2,11,76523026008811574496358626313/75806981252790562500000000000,282404406771047182164802862506/279761879350315254966369526097,0.009401299754656130,0.009401299754657715,44,31
79,2,16,959511088076489199429722472421/950172471104188750000000000000,1997507419446430700275748966474/1978066313531816400280385622517,0.009780354832089601,0.009780354832091355,64,40
80,2,9,2968227082840261243444068343/2937656926422800000000000000,2222113531334050618908482181218/2199227695333508176070820723515,0.010352532964947853,0.010352532964949636,36,26
80,2,11,2199025324878722548249526167393/2178448504588723750000000000000,1977146291330724757862475834618/1958645647675791567810676567739,0.009401299766614082,0.009401299766615244,44,31
80,2,16,444403190463726597770350168477/440227561810825500000000000000,877637295329557673044025620523/869390983161075276870256263532,0.009440457849564332,0.009440457849566157,64,40
81,2,9,479475099823272954417565676531/474478940414090000000000000000,64439789860859977732929430840/63768323370612948216024300661,0.010474729137656402,0.010474729137658669,36,26
81,2,11,125117659097272581290625527851/123826268235949750000000000000,1978698825851312524582587972687/1958275860784260086975519791474,0.010375046775261865,0.010375046775263385,44,31
81,2,16,1216765534565844844703388766553/1204488837450111125000000000000,980591780229109176700333584309/970697985625247375640380033048,0.010140861254181452,0.010140861254182874,64,40
82,2,9,243718469361854023516081580151/241208346326242000000000000000,1768483054658844221221219185657/1750268964995418789147786037883,0.010352677449521889,0.010352677449524073,36,26
82,2,11,235514624394890645682800213997/233083773578511625000000000000,1974769824211279787353248288190/1954387349655061578651556379011,0.010375078668822002,0.010375078668825267,44,31
82,2,16,3805334728964952272099984261/3765758141685812000000000000,1093763741688374686106368090586/1082388280850144086601220080215,0.010454751628973668,0.010454751628976259,64,40
83,2,9,327808094078177038124035295651/324431909046486750000000000000,1564819390980031997764949059216/1548702888976068867925024067355,0.010352677449525103,0.010352677449526636,36,26
83,2,11,360353426197096155137450949503/356630019501220875000000000000,733943543862247881628216837424/726359960338563037324355559637,0.010386404848747427,0.010386404848749547,44,31
83,2,16,617647171958716027001942651191/611222971811117437500000000000,1327907132286193984780035296441/1314095458595244906290512367500,0.010455553345116993,0.010455553345118365,64,40
84,2,9,2219514608415039232533038545111/2196655221676523750000000000000,399059620175993341455581987340/394949596229882204418619606991,0.010352677449525004,0.010352677449526337,36,26
84,2,11,12410448171938156784192842709/12282354585653500000000000000,366492470868868282261517829391/362709744065651409219943020892,0.010375066496984248,0.010375066496985552,44,31
84,2,16,478378724424172692469211848229/473393665571423500000000000000,932746653446383300558590591665/923026745923880314299482204349,0.010475413010614744,0.010475413010616609,64,40
85,2,9,1235908899635498898522794720143/1223179934502925500000000000000,1995267524309500605073981009034/1974717716184819426656811714031,0.010352679126002515,0.010352679126004020,36,26
85,2,11,406230695986449099209420274117/402037813829408000000000000000,1098312124701201719647484148921/1086975971731914416238406568948,0.010375066495618658,0.010375066495620618,44,31
85,2,16,145327460467793029416534893857/143867224188301000000000000000,877730069085743507481038088668/868910722168412251276458020575,0.010098724264569653,0.010098724264570940,64,40
86,2,9,98345474180603994074269506009/97332587301846200000000000000,1995298097621469659200633800371/1974747977962886764340492816232,0.010352677430072809,0.010352677430074417,36,26
86,2,11,145366595036874654188458968341/143866203737523450000000000000,660679515394029319276210750853/653860357276543700662992321814,0.010375066482400987,0.010375066482402849,44,31
86,2,16,175075717425979931418240559883/173382887124778125000000000000,500324734923217937771275032711/495487028791429659951804342620,0.009716182046281194,0.009716182046282463,64,40
87,2,9,61111112056881781482669884477/60553818432544687500000000000,997908527385928392216442081349/988808250181574657053582294700,0.009161185886025245,0.009161185886027757,36,26
87,2,11,2196678938991931234807753320107/2174006068578792750000000000000,428628168656015295197173670213/424204112527074844429372955329,0.010375066495497018,0.010375066495500194,44,31
87,2,16,2449515389252707372930331199627/2423981525351236000000000000000,142639183157296867503334491664/141152305587253440294930992109,0.010478758063304664,0.010478758063306340,64,40
88,2,9,257921250731684718750000000000/255519190066032084310954332707,60114143599870723129502992711/59554291244234906250000000000,0.009356793893553158,0.009356793893554872,36,26
88,2,11,315131511686690625000000000/312213446102083499578774939,55635631435076720634930316903/55120454706162243750000000000,0.009302973089221580,0.009302973089223873,44,31
88,2,16,553270133052474750000000000000/548067459285776936521376742659,140737618055297427293958074519/139414192354719281250000000000,0.009447988525955056,0.009447988525956393,64,40
89,2,9,15448858785518039275880370067/15289746772329234375000000000,32220341989083109082609340751/31888495892831571863010521254,0.010352677449525281,0.010352677449526561,36,26
89,2,11,34985826270527223348417332071/34658454958019275000000000000,1977123770995763782119738869477/1958623318872760131908828827166,0.009401309567568831,0.009401309567569777,44,31
89,2,16,1017632325644693270873869475381/1007031552111090750000000000000,998856014757973800613095806288/988450835855643375789708545405,0.010471733625345303,0.010471733625346884,64,40
90,2,9,360640150290036985911570799/356882258210000000000000000,1793706592810585795582434323469/1775016062115062309720812356040,0.010474729137656972,0.010474729137658711,36,26
90,2,11,2227130692793389675160243757187/2206509362971168250000000000000,1775058496370420050687629921015/1758622969337435613297720949213,0.009302279059069997,0.009302279059071083,44,31
90,2,16,8297089298275184500854787149/8213720946770750000000000000,978780599404129364751623712603/968945906522877617144687500577,0.010098724264569058,0.010098724264570610,64,40
91,2,9,1235924424961040872490068826931/1223329253415789250000000000000,430439544078447895279889681170/426052981447241017622472046999,0.010243174002202757,0.010243174002206560,36,26
91,2,11,1223286908581904063664322623827/1210888480287348125000000000000,39885946062233385122533915253/39481688452065155462539362525,0.010187051904887812,0.010187051904893522,44,31
91,2,16,2433616486639426872637493966683/2408518943800807500000000000000,887172655544545882111117714343/878023369348457635782485293621,0.010366404637854521,0.010366404637855427,64,40
92,2,9,365506127956038529951348696997/361825380247270875000000000000,597258947780710126241366872867/591244385136087312763710835952,0.010121324564899321,0.010121324564900647,36,26
92,2,11,23521034123544293651134859/23284961676975000000000000,1099965111992799169584895389557/1088925144372108908181095349299,0.010087359293215719,0.010087359293218553,44,31
92,2,16,278177986173373553008699101833/275260137344780500000000000000,4072491783809192222752387299/4029774832894752337886363999,0.010544542344342032,0.010544542344344933,64,40
93,2,9,491578485679619336663173131063/486687461382725125000000000000,2222204291985722883866492789493/2200094180373046983271951765582,0.009999458870338019,0.009999458870339699,36,26
93,2,11,721837421353294872097846151551/714663618317156000000000000000,550049223174653649877344487718/544582694742477109739844557375,0.009987967256322273,0.009987967256323865,44,31
93,2,16,738477028701623522906534255063/731284707988635875000000000000,352652279760245239843860659726/349217659321662739605325837021,0.009787134805398345,0.009787134805399685,64,40
94,2,9,619021358485584149301056837623/612936798503734375000000000000,1111117808849659702734145889138/1100196274621199543502499010577,0.009877948243209936,0.009877948243211358,36,26
94,2,11,971797640871548354326978884809/962224960813386500000000000000,653894091826265664266204238092/647452916555082020184960899799,0.009899324055347194,0.009899324055349216,44,31
94,2,16,478378724424172692469211848229/473393665571423500000000000000,2223982120763652244090123714749/2200806588087495436356745775084,0.010475413010614744,0.010475413010616511,64,40
95,2,9,42159803079708271418626479337/41750480121632045000000000000,555831034827571886414491923717/550434557929041557657233457096,0.009756282287219221,0.009756282287221020,36,26
95,2,11,1221809950961929704031286875153/1209907802317889000000000000000,877802613486901798682144859481/869251580506997234777539208139,0.009789165435987904,0.009789165435990282,44,31
95,2,16,2424639643812486319611148650853/2400514214789103750000000000000,1819303808382615070357806974862/1801201536973699501325816159297,0.009999942291150468,0.009999942291151755,64,40
96,2,9,984607547334448190808945798333/975166659735356750000000000000,312764915499878894218149582727/309765976054240956350697571785,0.009634743223681578,0.009634743223682926,36,26
96,2,11,2201226262034002487095181746243/2179999671322333500000000000000,1900532075412579459404602595820/1882205101400416569083769604603,0.009689870881365502,0.009689870881366947,44,31
96,2,16,97173562787262559644881299953/96161119558797050000000000000,2184406123239775614370733254094/2161646978424486123745824776767,0.010473573300161929,0.010473573300163016,64,40
97,2,9,732689477649371261187284857081/725752052682705250000000000000,199568265659516437330719570809/197678665889116282008199990054,0.009513548738773707,0.009513548738775760,36,26
97,2,11,1224107872423000676137299500831/1212424034906373875000000000000,2201144069911933944941783415037/2180134639090584104179920240718,0.009590621028166178,0.009590621028167344,44,31
97,2,16,304114445619786734212831533417/300925667949845406250000000000,58490488558912496444866059112/57877189300994863759942770333,0.010540812496411725,0.010540812496413350,64,40
98,2,9,277462870251315441028525901777/274869044671165625000000000000,13507792242066322454624512995/13381516401925638246769169017,0.009392340287178193,0.009392340287180793,36,26
98,2,11,196973864131425365271921561473/195113141296900075000000000000,2199010498997392286797301603294/2178237443308563767527269802779,0.009491448468052189,0.009491448468053451,44,31
98,2,16,979445705032714316634447329579/969756457207786875000000000000,654037144788909167822190387679/647567028119852232933278877841,0.009941839609806678,0.009941839609807774,64,40
99,2,9,8751380522071687500000000000/8677553085668059867470656407,283972757595239242102411969221/281577137767161125000000000000,0.008471875518116954,0.008471875518119498,36,26
99,2,11,56197153755649812500000000000/55717030493157369949882659539,122700223173665245170891758839/121651927530173237500000000000,0.008580256583200544,0.008580256583201606,44,31
99,2,16,26469386087470875000000000000/26253453285674906109120911519,87906953459323296751973141011/87189823311495375000000000000,0.008191289078363690,0.008191289078364907,64,40
000,3,9,54655565763600199346446102441/54611501429099928987701175120,281225443850613113310300429693/280998714662931406250000000000,0.000806543783430394,0.000806543783433310,81,43
000,3,11,82498471987262051414610131315/82430511585075923724123939816,14048395629157445762080383543/14036822874001732812500000000,0.000824117199542483,0.000824117199543908,99,52
000,3,16,73133682346813150301503410201/73076187936349738677522015520,4387094844532835600133770787/4383645907960247070312500000,0.000786464187616674,0.000786464187618260,144,61
001,3,9,131512991627572034370831584596/131392512546727672897119108027,1760109603718549065728711229966/1758497166919585286899853943209,0.000916520098400934,0.000916520098404258,81,43
001,3,11,325960165408835121144602044100/325659156459962700949751873169,44093069433385303066309697569/44052351548529309906136572205,0.000923879818111475,0.000923879818115340,99,52
001,3,16,8784206331827797634681629070395/8775810443894760588170332007748,591706031765352789430208202847/591140482944623079296856088493,0.000956250632336757,0.000956250632338241,144,61
002,3,9,40290111091447997817459863440/40252748476129980542093951357,1581969905870586353589888949316/1580502882538144171390533248621,0.000927769840768553,0.000927769840770424,81,43
002,3,11,799144019932098250253219167750/798398699175054028571662866069,1580347370293854845481891299386/1578873461124738372550925054937,0.000933084044896952,0.000933084044898741,99,52
002,3,16,1970398970439227924552174899615/1968411847174804945927761754266,176423194568477129724297415024/176245273934345889032600415429,0.001008996636306219,0.001008996636309816,144,61
003,3,9,6926360026179984427274609786450/6919859083198677850956324845547,1777957286158233255596031161140/1776288531011684982879381480179,0.000939020740267276,0.000939020740268970,81,43
003,3,11,2960834163793993953536599284685/2958045516335746244996021265273,1758472963924290867678534878706/1756816754596116069215560404281,0.000942289019304832,0.000942289019306650,99,52
003,3,16,274228561551144095083799784455/273952620502543777382939398581,432113759092722205539449802635/431678946894005792168860736846,0.001006751347695562,0.001006751347697434,144,61
004,3,9,4945159068003752914479442630600/4940462049784666179182160690663,1581964693597279135531709792207/1580462109578118098185056014970,0.000950272828905539,0.000950272828907248,81,43
004,3,11,4938951339857621279696463659240/4934254188641165665862207213241,791103568505511718174926308773/790351195616317983211269199539,0.000951494741454502,0.000951494741456528,99,52
004,3,16,822830909051486329297283459705/822002565723461085582569889486,1443582850766187730678658689843/1442129596871940449362836326944,0.001007206395973513,0.001007206395975427,144,61
005,3,9,1958097319512190604816978393509/1956215462517213394627158419817,888956731027528639071041038840/888102386646455380021452376801,0.000961526196170793,0.000961526196172876,81,43
005,3,11,4070221382204084609762777965550/4066312992924275044909304716611,236644434671961502686820686153/236417199225839561977598567621,0.000960701301123898,0.000960701301125684,99,52
005,3,16,4856779824517240520749029157795/4851884830355495740771473792501,708870043683610378527282537062/708155596076214379889121371599,0.001008376486475224,0.001008376486477685,144,61
006,3,9,50237942486862935579766712390/50189095753376032193954699037,1760702176390177206735669970081/1758990232275774555624538189158,0.000972780601615153,0.000972780601616763,81,43
006,3,11,9780054318121957944941109795140/9770573158784120085426865803321,1756967644380114662279556378884/1755264372634787358870752423457,0.000969908520051239,0.000969908520052982,99,52
006,3,16,5930935956896235349871341423030/5925005592655143372499299447837,1775107145909894999433798551908/1773332209876402900172279153887,0.001000403841551095,0.001000403841552826,144,61
007,3,9,8799535954032616593945005662265/8790881151148165403229190284153,1760106067663261723359771765956/1758374911480599979614691571171,0.000984036197787743,0.000984036197789414,81,43
007,3,11,131266868864420648282843782850/131138406209114063128078890597,1580450504092428542775114386326/1578903816264088761523262531301,0.000979116487146458,0.000979116487149013,99,52
007,3,16,1962685951511642621455834779755/1960706574699038213527135248489,1757235733633257861400023986406/1755463554205996855473156909641,0.001009012974009487,0.001009012974012262,144,61
008,3,9,82165010740568385294263798500/82083273167622819933014475771,109495575674398289936297284543/109386649715242974521972460482,0.000995292952208196,0.000995292952210467,81,43
008,3,11,65268520073644702287506817217/65204045416536652542335920848,790119338817714160429581254951/789338829724089571703356058418,0.000988325202527995,0.000988325202531637,99,52
008,3,16,2472390097241120936032055819995/2469922758917287324134484278231,1421931936081790823656423450621/1420512909543989359663426011627,0.000998455015139661,0.000998455015141132,144,61
009,3,9,1631763740648723897445778500490/1630120459047889906168086859803,176366608638457355420339754683/176188997140077476934934200588,0.001007565958354357,0.001007565958359607,81,43
009,3,11,593341811575580146263679145549/592755686597634732328716890982,1582209755068071300839147513122/1580646789776052874782574393073,0.000988325203548723,0.000988325203550512,99,52
009,3,16,971344922998985642946469909754/970366896645205381624484445465,745130203237465343229675718459/744379947629483051593391977257,0.001007385778462258,0.001007385778463965,144,61
010,3,9,148786703687793000000000000000/148640009515168781838725427959,257672957510854012268674592024/257418908456920215526476459435,0.000986422389161282,0.000986422389164466,81,44
010,3,11,4048559464164462000000000000000/4044530537954718529170889981189,880258593194677752710756069612/879382603364499000227118837485,0.000995646049040620,0.000995646049042884,99,53
010,3,16,1111829722048242000000000000000/1110720409363391946606384542989,2076827980205982393349330198793/2074755853892922436586312426825,0.000998234200694517,0.000998234200696377,144,61
011,3,9,150274010569095921445782564290/150125871272300625241260079281,1792473769256153064956288899261/1790706758429084617648307602152,0.000986280739498078,0.000986280739501685,81,44
011,3,11,282713999821781385620478541/282432412499002001553280995,85565357995170630094845538351/85480133633816563395867565758,0.000996511133903158,0.000996511133909174,99,53
011,3,16,274228561551144095083799784455/273952620502543777382939398581,198626987496459355206093123565/198427120134357498300131230494,0.001006751347695562,0.001006751347697744,144,61
012,3,9,9889768483898071181878306943135/9879820053767456435672561057853,499437722844707733321591740591/498935322682518516695769789908,0.001006437837732973,0.001006437837735058,81,44
012,3,11,4889880163470427641451228968845/4884960275860336620068023543449,1791560663853400989717444171725/1789758109022161030763501101824,0.001006643137774601,0.001006643137777946,99,53
012,3,16,394082150438666366491951260211/393687919912633621806024295812,249717656928953096121582920193/249467845251003408297021272746,0.001000877219839405,0.001000877219842853,144,61
013,3,9,1317971025154509195153582658570/1316645236519592242560976463121,2426182715865555813352962174479/2423742142127936777515978881864,0.001006437837732020,0.001006437837734661,81,44
013,3,11,5928186177835314788900341665160/5922221612504214863689472604699,18561107914726552587231027161/18542432903946832300969572264,0.001006643136725672,0.001006643136728229,99,53
013,3,16,9713559649034481041498058315590/9703769660710990491563017886439,2692133563852700507164050293617/2689420247920360960194771251280,0.001008376486475326,0.001008376486477656,144,61
014,3,9,9791580747691573185014936994370/9781730976907997419078189095327,4494944516056549285497480079513/4490422858695087678521528835696,0.001006449164413209,0.001006449164415426,81,44
014,3,11,877873365728486131987522552139/876990105168637562353686644568,56105094444663714910887648249/56048645053368490072290021200,0.001006643136725911,0.001006643136728204,99,53
014,3,16,4856724618571533953219456205275/4851834566065094255032381028211,3591124750136297163894591528527/3587508982316513761627612019184,0.001007369441123797,0.001007369441126044,144,61
015,3,9,9889768483898071181878306943135/9879820053767461385572209550668,7998822555086359247251126535435/7990776287123044248346097178072,0.001006437837732472,0.001006437837734612,81,44
015,3,11,1955929638540831624527146560430/1953961706063319174689420435301,3589159648800853247137661601631/3585548463766027783720680183552,0.001006643136724900,0.001006643136727447,99,53
015,3,16,9713559649034481041498058315590/9703769660710990491563017886439,1792129852089029831600614833079/1790323621318838123566321390452,0.001008376486475326,0.001008376486478099,144,61
016,3,9,1317971029305133437158053559510/1316645240666022860137198134237,7278548260419980599863163522885/7271226539093528109665797751208,0.001006437837745980,0.001006437837748806,81,44
016,3,11,8888964062674634010398872734400/8880020550226279928669086088289,561251953743850654191797790973/560687257588079160307884414555,0.001006643136725833,0.001006643136728272,99,53
016,3,16,320539812148694055934015049410/320219922063171268755171925317,1887641778493329152971314371411/1885757962920118912263942018900,0.000998471330263347,0.000998471330264966,144,61
017,3,9,800724415410512947124328725632/799918941458968666281604102041,444379030831115388843258378943/443932015944271567192877719048,0.001006437837732296,0.001006437837734714,81,44
017,3,11,4444482030252189522481552073965/4440010274029103526485214121359,223694960114284703332360193329/223469892418396223550588644088,0.001006643136726000,0.001006643136728606,99,53
017,3,16,196268283797300297125155232292/196070665475096061546059621451,2221314215501359795657162324603/2219077621896604193265883507836,0.001007385778460572,0.001007385778464253,144,61
018,3,9,219111544964284285866883687345/218891133748446945168131318106,7287664191636351276208189724897/7280333300307193217321763467016,0.001006437837731843,0.001006437837734526,81,44
018,3,11,326356477935181881459703907632/326031121220574771762848507943,74154368138958324190661675227/74080440935967941808644040990,0.000997433862943545,0.000997433862946971,99,53
018,3,16,4449461563647823537674576042080/4445005398108997860172029094587,3594914828699223157561069930873/3591314497435419230572599966504,0.001002008536503878,0.001002008536505899,144,61
019,3,9,9889768483257839934248181829375/9879808907505417541091497293453,99094835416080294198808131915/98995041116377928459251035272,0.001007565958354456,0.001007565958359526,81,44
019,3,11,8888964060607431590692001572630/8880020548151844304620966824073,4444889385783229826451793727651/4440417219700151988821242137192,0.001006643137774603,0.001006643137776792,99,53
019,3,16,3851459901887822436467928688835/3847581949581299898192510663444,2221314215501359795657162324603/2219077621896604193265883507836,0.001007385778461896,0.001007385778464253,144,61
020,3,9,446408997624292500000000000000/445964439408662687643345804881,257698620131349966246774548816/257441989912545867506857520015,0.000996350258664154,0.000996350258669226,81,44
020,3,11,1012278265080133500000000000000/1011270894778240805666135978381,1112490807296128906374120575246/1111383710325798811436124769635,0.000995647059230798,0.000995647059232996,99,53
020,3,16,449283816417622950000000000000/448836336199680897858973117099,1224084005381842361936432842407/1222864835321642370544987094945,0.000996481937669711,0.000996481937671729,144,61
021,3,9,281683624128769253374778757475/281403120260695086836823732597,8007160208121690047653757074909/7999186583749239846725546239272,0.000996307919062597,0.000996307919065072,81,44
021,3,11,9780643261545360940012879082020/9770802597982567469103136350129,891771906830901239964812414263/890874662439580391399068892160,0.001006643136725850,0.001006643136732499,99,53
021,3,16,9790422654355338081222139485115/9780555198249513248751361597977,898544683428165676606170881903/897639068774346518201013226740,0.001008376486475146,0.001008376486477145,144,61
022,3,9,879687717953000642613429022190/878819535404319068240099319747,2696188549493595243232480492471/2693527623577660418418327683232,0.000987408630316572,0.000987408630318801,81,44
022,3,11,164590348039272864608774108510/164426413619704233537407641149,149304561800418690599667586267/149155852249893188591162524590,0.000996511134010802,0.000996511134013074,99,53
022,3,16,9713449237143067906438912410550/9703669132130191480004551152111,224735878412559074697690748239/224509600348260700960564874452,0.001007369441123491,0.001007369441125965,144,61
023,3,9,8898802947889188355868179774865/8889851361255129133754348797308,2022270821709541696676746791137/2020236555689256975545868419448,0.001006437837746826,0.001006437837748907,81,44
023,3,11,878976673368273270801740147332/878092302730273497755144668575,2363386098265352635408754770561/2361008208914139579161289787056,0.001006643136621111,0.001006643136623218,99,53
023,3,16,9790422654355338081222139485115/9780555198249513248751361597977,2692133563852700507164050293617/2689420247920360960194771251280,0.001008376486475146,0.001008376486477656,144,61
024,3,9,63396024005460105610754963320/63332251944829587293156169129,37909105581966953765308375799/37870971616666236561473841954,0.001006437837732720,0.001006437837735110,81,44
024,3,11,1975324058555608853749721044945/1973336612639408579291581519272,1346690111897617644343430351231/1345335157629889747797187250076,0.001006643137774143,0.001006643137776891,99,53
024,3,16,1780075285996421035064275581880/1778297729262148277826743159343,74813911469520805522389074788/74739203409026728118976711639,0.000999084061456713,0.000999084061458970,144,61
025,3,9,4449401473937725656532101474625/4444925680620766374699934366533,734113130838392876888787134333/733374663279519763772706291714,0.001006437837732558,0.001006437837734610,81,44
025,3,11,2929925986164291340415531534690/2926978080272753827467040371603,748495136596336989337080606637/747742048213427550611704941096,0.001006643136726115,0.001006643136728531,99,53
025,3,16,2766258934382133806445974394040/2763492897579083542267575551379,2991345172438249723671888247799/2988354067471623255809514185112,0.001000419952938809,0.001000419952940540,144,61
026,3,9,1317971029300485193732661833060/1316645240661397673905646447901,2426182715865555813352962174479/2423742142127936477549412617040,0.001006437837732020,0.001006437837734785,81,44
026,3,11,137206031888530964557152902695/137067983872414302978508334643,561252591458999792973947950018/560687894661599688959164338363,0.001006643136725989,0.001006643136728329,99,53
026,3,16,8898757305423763536635058787430/8889788675563793198842602919581,539126815908337098517593888259/538583455898222924451703602528,0.001008360169458551,0.001008360169461138,144,61
027,3,9,4399858390569836480827172640185/4395432434203472787652001764284,7197412558780138989017320811711/7190172454415822163726293050416,0.001006437837732711,0.001006437837734663,81,44
027,3,11,120737654364707779365968458225/120617286579144069810546522381,374171759516535588693373172885/373798733998104253943600970924,0.000997433862942513,0.000997433862944645,99,53
027,3,16,196268283797300297125155232292/196070665475096061546059621451,4038007948428791225045359822421/4033942164898309486240854820164,0.001007385778460572,0.001007385778464506,144,61
028,3,9,9790472758649669156883180882920/9780624102439764011868335388081,448139316863277534937465586401/447688514315254947366229843500,0.001006449164413191,0.001006449164417033,81,44
028,3,11,9878835418428095859857714926040/9868895960138351755943099063481,1011272493239473348301926620698/1010255014929490350769499165181,0.001006643136726243,0.001006643136728561,99,53
028,3,16,4856780120083067785808897861770/4851893879861512238551546594119,448688124126348646278906029987/448236714364152660260220409212,0.001006572191864702,0.001006572191866732,144,61
029,3,9,2966267239272526036358926235920/2963280034534470193822578272847,1498313149631341900784091729823/1496804260587084280121038949184,0.001007565958354443,0.001007565958356357,81,44
029,3,11,4889880163470427641451228968845/4884960275860336620068023543449,4489969815918508483316885789719/4485452292762810095997275229972,0.001006643137774601,0.001006643137776778,99,53
029,3,16,4895211213523652009131093434755/4890274372985612806639452633408,493617294086967564322955682303/493119479026200027070881413452,0.001009012974010833,0.001009012974012676,144,61
030,3,9,1113805054474344000000000000000/1112695867179957836332861504777,490602162750992323577988961498/490113594591476672025092676035,0.000996350260049143,0.000996350260052783,81,44
030,3,11,2227659601717071000000000000000/2225442742773303714967317415729,174675715832230076060271077756/174501887019872908635947114945,0.000995647059243333,0.000995647059245616,99,53
030,3,16,41252497251720000000000000000/41211403781234331940642904471,171754167439220804369002809786/171583075377389956455804843325,0.000996641521257616,0.000996641521259602,144,61
031,3,9,131465450352524257195484510033/131333205110069785145692966830,124859430711192665795274907633/124733830672225038852442697024,0.001006437825067823,0.001006437825070547,81,44
031,3,11,987663795761932765255152488575/986670071027542396304116297533,891771793199281004721478218359/890874548922291724683349819272,0.001006643136725993,0.001006643136729545,99,53
031,3,16,8711437639541839933962216130000/8702712936222372737541048634083,4494917870696479459402514754943/4490416108015050161185668900000,0.001002024647887824,0.001002024647890126,144,61
032,3,9,1779603185139488002224701102798/1777831035343596721412450556543,224422878971778888350648007859/224199396027667777383401669466,0.000996307918936757,0.000996307918940046,81,44
032,3,11,656965816878277818417079664710/656304819497710327990987444179,2022522353676932668216859365993/2020487419828659281720775966576,0.001006643136724549,0.001006643136727966,99,53
032,3,16,9774851358573581972781286784545/9765090177711007378181448529053,895560682161224905240370947475/894666373954241468401787338332,0.000999100397144737,0.000999100397148072,144,61
033,3,9,790749372964504611153709377445/789967978388499069327608129781,2966709477254327910200289647053/2963777864820129986606389902072,0.000988658268328922,0.000988658268331562,81,44
033,3,11,1480430653306683139115415390995/1478956122492741562964630469498,4040582113876897028641016669461/4036557634364882838027297103488,0.000996511134010128,0.000996511134013116,99,53
033,3,16,274228561551144095083799784455/273952620502543777382939398581,198626987496459355206093123565/198427120134357498300131230494,0.001006751347695562,0.001006751347697744,144,61
034,3,9,5836548549793755336224089339270/5830677381543880266721210780917,118958591088597464276789050811/118838926890297323633979086652,0.001006437825068470,0.001006437825070883,81,44
034,3,11,987663188927962066854818919779/986669464804129701960355372392,1122492453967919919465771493763/1121363073180182809007873779122,0.001006643136725880,0.001006643136728315,99,53
034,3,16,790117558288192825985679441844/789320734393510432638338567517,4414801320406336487240966602297/4410349047266116061266653797424,0.001008996636306230,0.001008996636308503,144,61
035,3,9,2224700705939963831586677253430/2222462809312697402158385256021,444379030831115388843258378943/443932015944271567192877719048,0.001006437837732440,0.001006437837734714,81,44
035,3,11,4940518361472663289444294983100/4935547524921746153771126868939,2663322827336930654535601185913/2660643160652500705529557630824,0.001006643136620510,0.001006643136623125,99,53
035,3,16,1971519419936710882647286311535/1969535588883534578440261761174,198626987496459355206093123565/198427120134357498300131230494,0.001006751347695198,0.001006751347697744,144,61
036,3,9,4399858390569836480827172640185/4395432434203472787652001764284,3594179066551125928215529787185/3590563568435188929432418086576,0.001006437837732711,0.001006437837735356,81,44
036,3,11,1479334751214792664483260848545/1477859963346271023354289448073,8080230644901804427526883372641/8072175249650521453434955317864,0.000997423662044579,0.000997423662047556,99,53
036,3,16,4856780120083067785808897861770/4851893879861512238551546594119,2913201177235428585218424623921/2910270305255687262424050110016,0.001006572191864702,0.001006572191866503,144,61
037,3,9,8898802947903014407588813037795/8889851361381648568769825148708,2022296048506156892705413863787/2020261757135054951727493870320,0.001006437825068629,0.001006437825070660,81,44
037,3,11,4889824096346916544151793036805/4884904265153135686380137931489,1789559681027416524074137961987/1787759139460193590974499658016,0.001006643136725909,0.001006643136729312,99,53
037,3,16,9714557574022729428549110442835/9704822046703768126933979944473,40706961412810356974938347007/40666166581765545967881577878,0.001002661086473431,0.001002661086476033,144,61
038,3,9,219121420898994595013762969680/218900999748642804940101720111,444379030831115388843258378943/443932015944271567192877719048,0.001006437837732519,0.001006437837734714,81,44
038,3,11,592596930840964845500023765702/592000697355210532045697027139,37073320761393525986013532447/37036019934953506985036651448,0.001006643136725972,0.001006643136732049,99,53
038,3,16,5923224242911732479387722740265/5917264126202390180743154619234,1774928780665649335683079315709/1773142796841683442154707629304,0.001006735031010785,0.001006735031013175,144,61
039,3,9,9889768358988713456177962018505/9879808783361437386966988414827,111469060854295485269078555218/111356804985261107420017161405,0.001007565958354452,0.001007565958360970,81,44
039,3,11,8900009384017697564253421315730/8891054758457498785540382145423,4490020731147999383629243458563/4485503156764622531108821036596,0.001006643137774573,0.001006643137776870,99,53
039,3,16,4895211213523652009131093434755/4890274372985612806639452633408,493617294086967564322955682303/493119479026200027070881413452,0.001009012974010833,0.001009012974012676,144,61
040,3,9,446408997624292500000000000000/445964439408662687643345804881,4896267662439347610443971283256/4891391694376753147599530198705,0.000996350258664154,0.000996350258669133,81,44
040,3,11,168712875686005500000000000000/168544980803385525959698718249,1646672460298388331038051598966/1645033771619105234772874512655,0.000995647059121686,0.000995647059123892,99,53
040,3,16,4420502508666267000000000000000/4416135235290512091738106983017,4153510040158142677384925827112/4149406544282099354782871569195,0.000988446931485992,0.000988446931488056,144,61
041,3,9,8799507102001136887783864325395/8790655400191271195544368605806,4044541643419020463493985692333/4040473111378507651793845277592,0.001006437837732589,0.001006437837734907,81,44
041,3,11,1086627714333569999695318380130/1085534418374520261680102723649,297257267821478549189401396177/296958186392372546729810059728,0.001006643136724972,0.001006643136730195,99,53
041,3,16,274228561551144095083799784455/273952620502543777382939398581,13362940149073285732690603027/13349493760789478389162129836,0.001006751347695562,0.001006751347697770,144,61
042,3,9,2933169034046686675641768662680/2930218466776683843996387219987,2726481638199305495511091836805/2723738984301567613021051691088,0.001006437837732937,0.001006437837735145,81,44
042,3,11,98546049984058459455866082343/98446899192295424053014287289,8879749389161414684977702847951/8870815147933699197065434599048,0.001006643136724471,0.001006643136728363,99,53
042,3,16,1970398970439227924552174899615/1968411847174804945927761754266,111506078019639278524523121302/111393625503634930105998305823,0.001008996636306219,0.001008996636310229,144,61
043,3,9,593200988242592590288260304895/592610271717124908606995960886,674031498996678617220640611673/673360290497307201709805669706,0.000996307918936948,0.000996307918939102,81,44
043,3,11,5928105998269783048131232469240/5922141513610282724857413453723,2022522353676932668216859365993/2020487419828659281720775966576,0.001006643136725534,0.001006643136727966,99,53
043,3,16,274228561551144095083799784455/273952620502543777382939398581,5294141758647008523392245747829/5288814556330591407665290658256,0.001006751347695562,0.001006751347697772,144,61
044,3,9,1769779526236466077543434988996/1768028904731138826322447619157,5395453805571235441515811068379/5390116758033376250827874453976,0.000989664467351362,0.000989664467353583,81,44
044,3,11,8888985604342946183888843969950/8880132043286898446227939382079,246938638881458422757927672213/246692684346964554874231883698,0.000996511134010782,0.000996511134012856,99,53
044,3,16,9873912099771811892990114155180/9864034470052306717336897385007,598520367988867351787418656153/597921622272392102372007012444,0.001000877219840783,0.001000877219843409,144,61
045,3,9,2422818648823707279042166532840/2420381459107264273948378281753,7287664191636351276208189724897/7280333300307193217321763467016,0.001006437837732364,0.001006437837734526,81,44
045,3,11,2444938123525137263407209030695/2442513953068406885576916532701,2019809693318614449764761758875/2017807040188189928938873809852,0.000991997718866213,0.000991997718868492,99,53
045,3,16,51273964295243280334424906065/51222286894796243376856702881,1792129852089029831600614833079/1790323621318838123566321390452,0.001008376486474987,0.001008376486478099,144,61
046,3,9,3953924199849754276249680179110/3949946822754577168756525672929,2022270818882966147060502804055/2020236552865524703677610343688,0.001006437837745990,0.001006437837748939,81,44
046,3,11,246548050165146303229683007835/246299989137986953999673154477,4444940249327276395503141437131/4440468032073178525759442564988,0.001006643136725924,0.001006643136728388,99,53
046,3,16,3951784668467174274801084067555/3947808270331910766150805212468,8899719599096219466724525183933/8890764448098073051779741032688,0.001006735031011123,0.001006735031013093,144,61
047,3,9,494377933966277555867767913320/493880618011325928830766192897,224446093837550098312401618367/224220313891028564984378368530,0.001006449164412922,0.001006449164416067,81,44
047,3,11,1968695144000349965870192325790/1966714367680253702769681266109,498891192292687341191916865429/498389239584055707264679197508,0.001006643136620081,0.001006643136623113,99,53
047,3,16,985869195807256363369579187060/984914737015193758043384639571,4368897409732620338352290692753/4364667708102738444496016274696,0.000968608329700168,0.000968608329704227,144,61
048,3,9,115998927507374706818928640975/115882240526540705935016352549,43324692093676518588923858056/43281110419047132855373074105,0.001006437837732936,0.001006437837734986,81,44
048,3,11,4939417147980785201095268954620/4934447419395416290342851237903,222439924308577705887581819671/222216119349965893752894360360,0.001006643137774832,0.001006643137780919,99,53
048,3,16,3954847251859963989986755821185/3950900420990045167204193898117,1887641778493329152971314371411/1885757962920118687289017320282,0.000998471330262875,0.000998471330265085,144,61
049,3,9,9790472414586858937341273435515/9780612835787805285435706459146,445876243417172951096384522309/445427219941037230482478289844,0.001007565958354440,0.001007565958356970,81,44
049,3,11,9878834295961570402190537909240/9868894838790833570665632174369,561251953743203375636859494437/560687257586844610408600748280,0.001006643137774732,0.001006643137776847,99,53
049,3,16,971344922998985642946469909754/970366896645205381624484445465,495640350372160511821175010271/495141300741916768904813641608,0.001007385778462258,0.001007385778464183,144,61
050,3,9,446408997624292500000000000000/445964439408662687643345804881,4896267662439347610443971283256/4891391694376753147599530198705,0.000996350258664154,0.000996350258669133,81,44
050,3,11,10544554494565406250000000000/10534061065701328321313732311,53695908222022858752132559513/53642472660234875895090064885,0.000995646958020714,0.000995646958022921,99,53
050,3,16,374341514370992250000000000000/373970348177990069764913219191,985928540055693758593664581084/984950974574076373360445793895,0.000992009460269840,0.000992009460271987,144,61
051,3,9,131465451175951679111963206919/131333205931005691948577841765,7998822555086359247251126535435/7990776287123044248346097178072,0.001006437837731822,0.001006437837734612,81,44
051,3,11,1629941552716991225247952353410/1628301608797313227871113996059,297257267821478549189401396177/296958186392372546729810059728,0.001006643136726214,0.001006643136730195,99,53
051,3,16,274228561551144095083799784455/273952620502543777382939398581,941815568643029737074155082001/940867871677658762308272251307,0.001006751347695562,0.001006751347697907,144,61
052,3,9,2962958473528256259370493675960/2959977906594528666112188749637,4449808580682653531126194251125/4445332327493306986492609965936,0.001006449164412737,0.001006449164415183,81,44
052,3,11,98766278596519835325976767593/98666906224680166490740747953,1791570764839287386319327037573/1789768199846952907778141835192,0.001006643136725804,0.001006643136728924,99,53
052,3,16,822830909051486329297283459705/822002565723461085582569889486,892047067247029269617364984193/891149044058652266495225910540,0.001007206395973513,0.001007206395977607,144,61
053,3,9,8799507101985817464239328614180/8790655400175844338299875898577,4089671998046216341176553902421/4085558067958108178181022175148,0.001006437837746564,0.001006437837748757,81,44
053,3,11,328976928610207162179723780110/328645932868127330338981717377,4445397398318378604950572091279/4440924721109930782862335578408,0.001006643136725583,0.001006643136728249,99,53
053,3,16,9790422654355338081222139485115/9780555198249513248751361597977,2692133563852700507164050293617/2689420247920360960194771251280,0.001008376486475146,0.001008376486477656,144,61
054,3,9,1631599807297627921943392957595/1629974877069258766643947201818,561823413622518929718466115131/561263886804901070948448541626,0.000996408495931476,0.000996408495934071,81,44
054,3,11,977953629514664057742790710343/976969674534330308078070264252,162916529393438834168400083063/162752613103711181959875637024,0.001006643136725715,0.001006643136728046,99,53
054,3,16,1942689847428613581287782482110/1940733826426037900008938350997,3591124750136297163894591528527/3587508982316513761627612019184,0.001007369441123695,0.001007369441126044,144,61
055,3,9,982101520369437105152391315025/981118009493838012608287224237,345782783437839206473754182997/345436504442182052483089125600,0.001001936811360685,0.001001936811363198,81,44
055,3,11,987674882259981149889125141800/986690233029713679383939082909,13306213850855307044589054703/13292948399377926308377486851,0.000997433862942328,0.000997433862944498,99,53
055,3,16,9790422654355338081222139485115/9780555198249513248751361597977,1792129852089029831600614833079/1790323621318838123566321390452,0.001008376486475146,0.001008376486478099,144,61
056,3,9,988470043354437283270230153635/987486827250726347776949762046,399992142983992202860772278483/399594276888823330235073836622,0.000995179803247939,0.000995179803250796,81,44
056,3,11,2963028806925637396831060332545/2960077586435370578607919967439,2695906063931747180931566317169/2693220901642021242150919906776,0.000996511134021396,0.000996511134023705,99,53
056,3,16,2443265716615177606937039652445/2440842521306879917957435385094,1110833842695731211499042918598/1109732133889513656074220037191,0.000992277561872702,0.000992277561874842,144,61
057,3,9,1481529224114450091952747672295/1480038907127095358399247547068,37909105581966953765308375799/37870971616666236561473841954,0.001006437837732445,0.001006437837735110,81,44
057,3,11,4394888978618192297102905746695/4390467119781522569978894708643,223694960114284703332360193329/223469892418396336038050993397,0.001006643136725103,0.001006643136728102,99,53
057,3,16,196268283797300297125155232292/196070665475096061546059621451,3767601954163103501100573676831/3763808436624187452393619137636,0.001007385778460572,0.001007385778464498,144,61
058,3,9,4449401473937725656532101474625/4444925680620766374699934366533,734113130838392876888787134333/733374663279519763772706291714,0.001006437837732558,0.001006437837734610,81,44
058,3,11,1111120493632719241654201650710/1110002554590963425685291053241,55609981070732323287037954858/55554029831144143400239131147,0.001006643136726118,0.001006643136731099,99,53
058,3,16,3257644131713979135830452314785/3254360908739120785149714027288,4414851829299522541093914946741/4410402312295663853718577145616,0.001008360169458854,0.001008360169460957,144,61
059,3,9,245254263774449765121503790505/245007278375065119643488232464,1498313149631341900784091729823/1496804260587084280121038949184,0.001007565958351527,0.001007565958356357,81,44
059,3,11,8898902640535073959688700997805/8889949128510980368579721589678,1481611276581170907789679214759/1480120573185956183633661487872,0.001006643137669574,0.001006643137671757,99,53
059,3,16,971344922998985642946469909754/970366896645205381624484445465,3767601954163103501100573676831/3763808436624187902343468534872,0.001007385778462258,0.001007385778464378,144,61
060,3,9,1113805054474344000000000000000/1112695867179957836332861504777,490602162750992323577988961498/490113594591476672025092676035,0.000996350260049143,0.000996350260052783,81,44
060,3,11,6153660910428750000000000000/6147537085061897640801708707,257445359739371779150693468132/257189162583320864027540124045,0.000995647070306956,0.000995647070308938,99,53
060,3,16,1482465801691912500000000000000/1480989287079563165475913721249,19788164107378098821867963464/19768455380591401470427655265,0.000996481937669651,0.000996481937671623,144,61
061,3,9,4449401473937725656532101474625/4444925680620766374699934366533,734113130838392876888787134333/733374663279519763772706291714,0.001006437837732558,0.001006437837734610,81,44
061,3,11,981038429597683561030414146305/980051370885931244219503422876,4490020731147999383629243458563/4485503156764622531108821036596,0.001006643137769912,0.001006643137776870,99,53
061,3,16,9790422654355338081222139485115/9780555198249513248751361597977,898544683428165676606170881903/897639068774346518201013226740,0.001008376486475146,0.001008376486477145,144,61
062,3,9,8898802947903014407588813037795/8889851361381648568769825148708,2022296048506156892705413863787/2020261757135054951727493870320,0.001006437825068629,0.001006437825070660,81,44
062,3,11,8110735237784879198219085535/8102574729872732919454333316,886271062137061490771338361416/885379352347150691261235715773,0.001006643136723155,0.001006643136727542,99,53
062,3,16,150381177466358817006321550618/150230715482406359748802311873,298519670009907556890131061955/298220989932018860271812959944,0.001001038216027258,0.001001038216029989,144,61
063,3,9,4399858390569836480827172640185/4395432434203472787652001764284,3148298305000084907042437993483/3145131332409302464716209043288,0.001006437837732711,0.001006437837735001,81,44
063,3,11,1942996316677430172821270200870/1941041396888938226134075352247,505008090347326427623876468016/504499983203377290755675693565,0.001006643136726163,0.001006643136728351,99,53
063,3,16,9790422654355338081222139485115/9780555198249513248751361597977,2692133563852700507164050293617/2689420247920361410144620648516,0.001008376486475146,0.001008376486477489,144,61
064,3,9,2224700705939963831586677253430/2222462809312697402158385256021,2247467227588591940161761150863/2245206429398931988965229061676,0.001006437837732440,0.001006437837734832,81,44
064,3,11,411534701038019292319349947925/411124427036033253998598734139,897794872682393309172456611285/896899828122481508391351254022,0.000997433862943442,0.000997433862946307,99,53
064,3,16,822830909051486329297283459705/822002565723461085582569889486,555329556845334341796922490233/554770506950381684285139424095,0.001007206395973513,0.001007206395975672,144,61
065,3,9,3296294267321948201828688288965/3293011778737775923680873394419,102147650154298860156419730109/102045930323379537169262869488,0.000996307906402285,0.000996307906404701,81,44
065,3,11,977953629514664057742790710343/976969674534330308078070264252,3589116537188410823118843666527/3585505395529756411160182241976,0.001006643136725715,0.001006643136727977,99,53
065,3,16,9715314074124775786675231696750/9705616872442771584110514863319,1194751359624177751647171412307/1193558835655755128976624822936,0.000998634155548783,0.000998634155550772,144,61
066,3,9,8829050944165700919706210411550/8820199174529855676471064673823,1198018855407116395955559221021/1196817753839739178070800421064,0.001003076087483318,0.001003076087485963,81,44
066,3,11,987663794494465571826742109045/986670069761350366375756565043,1481629778019307974727500113315/1480139056010515026342130658376,0.001006643136726075,0.001006643136728182,99,53
066,3,16,988479061847353880986403851085/987545402773704995608751736438,58460857643142650992849399804/58405638961939681382359614903,0.000944987432944383,0.000944987432946872,144,61
067,3,9,9790476230418223246251216029135/9780737791537970717087125126062,1011149277705100815836621109326/1010143502785881940150551116835,0.000995179928343682,0.000995179928345765,81,44
067,3,11,988890929486248065690971788630/987905979503002004088649144491,894776014883635389046555447883/893884804746507460763770199904,0.000996511134021460,0.000996511134025296,99,53
067,3,16,196268283797300297125155232292/196070665475096061546059621451,4038007948428791225045359822421/4033942164898309486240854820164,0.001007385778460572,0.001007385778464506,144,61
068,3,9,4895236381070774148296493854290/4890312108416999548445707278153,199171915203436069427272368905/198971561892770049294278361408,0.001006437825068509,0.001006437825072702,81,44
068,3,11,1481494199441665435330689599105/1480003613843450754134492986779,889759697131600302853521196409/888864477298191107242380405936,0.001006643136725816,0.001006643136729339,99,53
068,3,16,3258233843521274612095686184195/3254955845987143872338556878109,2871897712108934041432637951281/2869008394131556700269234596528,0.001006572191864722,0.001006572191866487,144,61
069,3,9,9889768358988713456177962018505/9879808783361437386966988414827,111469060854295485269078555218/111356804985261107420017161405,0.001007565958354452,0.001007565958360970,81,44
069,3,11,4444482593187263178267708073025/4440010836393131581552890965166,2696726645216958291008929618871/2694013369724289102634812505032,0.001006643137774646,0.001006643137776748,99,53
069,3,16,1316861331373255186818662744515/1315541627478437776383521482218,8089033203975176122327675481891/8080926709866579755009734753800,0.001002661086473251,0.001002661086475344,144,61
070,3,9,446408997624292500000000000000/445964439408662687643345804881,1632089220813115870147990427752/1630463898125584052506666296105,0.000996350258664154,0.000996350258669335,81,44
070,3,11,1483447727866713000000000000000/1481971472534009588585090890273,1646674518617979958339473494848/1645035827888487310806949807305,0.000995647060258138,0.000995647060260392,99,53
070,3,16,1482463418104566000000000000000/1480986669525050406757563440609,4937615790339169851883235140196/4932697208864885987382472561415,0.000996641521257385,0.000996641521259508,144,61
071,3,9,985996401145685118876649771835/985004545101705546878770237764,2696394731747784733330413716081/2693682312707981347583888479536,0.001006449164412823,0.001006449164415255,81,44
071,3,11,98103842846397698957737206515/98005136975439210441348350238,561251953743850654191797790973/560687257588079160307884414555,0.001006643136722245,0.001006643136728272,99,53
071,3,16,5772267176422368519862014225295/5766449491629251012674750774302,2220918123931783249612836423679/2218679731078251053735747793258,0.001008376486475058,0.001008376486477034,144,61
072,3,9,493831966877024264175054655855/493335205721620824055586950719,8098208305632862741337796887299/8090062062407548929432418086576,0.001006437837731661,0.001006437837734525,81,44
072,3,11,4444482030881532012640706356190/4440010274658279330925557644631,2244984908196144707795964879191/2242726146620644507797771489276,0.001006643136620929,0.001006643136623121,99,53
072,3,16,548456506016068717734394800500/547904375216808733877702512941,892047067247029269617364984193/891149044058652716445075307776,0.001007206395973444,0.001007206395977102,144,61
073,3,9,65898551465024259686633091653/65832262033069867195616827419,444379030831115388843258378943/443932015944271467204022297440,0.001006437837732270,0.001006437837734940,81,44
073,3,11,98692360960988462217390172322/98593971940828075312471476609,2963290777143132128913271081123/2960336594335311151351067344344,0.000997423662046009,0.000997423662048714,99,53
073,3,16,5923128934832155298994898020580/5917216751926770815746956665523,560952382246915227431657358323/560392466512925509645666920525,0.000998650470712034,0.000998650470714254,144,61
074,3,9,593253529859290432254790943764/592656757417028342516888577843,734113130838392876888787134333/733374663279519763772706291714,0.001006437837732423,0.001006437837734610,81,44
074,3,11,438962136566173890421888209155/438520480676347382972174624193,494434387003248084485402818977/493936918449669709093523711924,0.001006643136726021,0.001006643136728349,99,53
074,3,16,790117558288192825985679441844/789320734393510432638338567517,418622258306545353000448353859/418200082878640661498901124360,0.001008996636306230,0.001008996636308554,144,61
075,3,9,2472444936205991533440612965875/2469957825841408205246325478023,499437722844707733321591740591/498935322682518516695769789908,0.001006437837732764,0.001006437837735058,81,44
075,3,11,4940535070827357672686161124525/4935564217464027323336751715578,3589162802060964113875867311377/3585551613853524384285286606728,0.001006643136725706,0.001006643136728487,99,53
075,3,16,2766258934382133806445974394040/2763492897579083542267575551379,2991345172438249723671888247799/2988354067471623255809514185112,0.001000419952938809,0.001000419952940540,144,61
076,3,9,8888067578961838891623717714920/8879216736663016792146364148109,3593881381058663760543635670595/3590302551682997725510206114576,0.000996307918951058,0.000996307918953263,81,44
076,3,11,977953629514664057742790710343/976969674534330308078070264252,2022522353676932668216859365993/2020487419828659281720775966576,0.001006643136725715,0.001006643136727966,99,53
076,3,16,1317261343042470094755986991830/1315936091497715291196349698069,4415648702638628932446431280551/4411206269635349400277812358248,0.001006572191864719,0.001006572191866407,144,61
077,3,9,8701114627834598043259042350455/8692381415381713490903246272089,336663351560844041654576377199/336325446280883417046157147104,0.001004192965585445,0.001004192965587811,81,44
077,3,11,984353739822378947542440776555/983363345456555598415607459727,1481629778019307974727500113315/1480139056010515026342130658376,0.001006643136725129,0.001006643136728182,99,53
077,3,16,1962685951511642621455834779755/1960706574699038213527135248489,493617294086967564322955682303/493119479026200027070881413452,0.001009012974009487,0.001009012974012676,144,61
078,3,9,1971960039636185977335486619810/1969998560759610599927740441119,101113680436657210169802686971/101013104185453592392603755681,0.000995179928202724,0.000995179928205983,81,44
078,3,11,69915376011624410033416460510/69845739263649809710326144927,4439870372346372667972283014489/4435448195826730643456172861576,0.000996511134017270,0.000996511134022332,99,53
078,3,16,5923224242911732479387722740265/5917264126202388200783295222108,4045318233137054905258384296319/4041247718868607413913411573236,0.001006735031011119,0.001006735031013253,144,61
079,3,9,981017179367083776630290861450/980029237644398039507283879999,44952657904195506603624142535/44907387946417578201236368024,0.001007565958352253,0.001007565958356720,81,44
079,3,11,1777793037274863733812643558463/1776004334557211251460094986133,374164151365492210820153648221/373787691102478158588484761330,0.001006643137774581,0.001006643137776772,99,53
079,3,16,4895211213523652009131093434755/4890274372985612806639452633408,493617294086967564322955682303/493119479026200027070881413452,0.001009012974010833,0.001009012974012676,144,61
080,3,9,446408997624292500000000000000/445964439408662687643345804881,2448411139787564784004196727759/2445972879597402748548665293660,0.000996350258664154,0.000996350258669042,81,44
080,3,11,4049103920522886000000000000000/4045074448410786466793863453609,4449958728805005414919074937636/4445530345402231191745398402835,0.000995647059233940,0.000995647059236048,99,53
080,3,16,6319541631778500000000000000/6313247459223543396648642763,31764338077170694501619041354/31732701253394307317869389457,0.000996481937669658,0.000996481937671792,144,61
081,3,9,4399858390569836480827172640185/4395432434203472787652001764284,597525823960683739092876137383/596924753882996721242097683472,0.001006437837732711,0.001006437837735068,81,44
081,3,11,981038429595517677391774171640/980051370884791777320420376863,561252591458999792973947950018/560687894661599688959164338363,0.001006643136724827,0.001006643136728329,99,53
081,3,16,4355707879749040364504099295730/4351387618755444660503598370143,5247944360815086185634019743203/5242739124388635878725074070584,0.000992354189494124,0.000992354189496594,144,61
082,3,9,326349092071306483508046878875/326020807223592819189809512077,8089083275519377506119659912213/8080946211449738692347499301832,0.001006437837732639,0.001006437837734782,81,44
082,3,11,4444532027751990563610401583995/4440101111143064006242439105046,597188187188361164713807498913/596592828432758853608247972840,0.000997433862942377,0.000997433862945919,99,53
082,3,16,1970398970439227924552174899615/1968411847174804945927761754266,111506078019639278524523121302/111393625503634930105998305823,0.001008996636306219,0.001008996636310229,144,61
083,3,9,494239135989407731644920222005/493741965249741124155188363166,2044861228646636040480551707055/2042804238223307504450806087434,0.001006437837746302,0.001006437837748844,81,44
083,3,11,46506761684554402780620394420/46459969527546522605250551547,672842942474301413423927706637/672165970535908227754798904016,0.001006643136724930,0.001006643136727526,99,53
083,3,16,1096914246204576380335199137820/1095810482010174999533987627817,13362940149073285732690603027/13349493760789478389162129836,0.001006751347695663,0.001006751347697770,144,61
084,3,9,9889768483898071181878306943135/9879820053767456435672561057853,499437722844707733321591740591/498935322682518516695769789908,0.001006437837732973,0.001006437837735058,81,44
084,3,11,1755746506282938845708731307440/1753979985389981530787772813651,3304812069448353863170763225/3301486976932378173616358896,0.001006643136621019,0.001006643136623408,99,53
084,3,16,822830909051486329297283459705/822002565723461085582569889486,555329556845334341796922490233/554770506950381684285139424095,0.001007206395973513,0.001007206395975672,144,61
085,3,9,5935855474800847870170039646870/5929884343342325501972036120241,1123734876258215840331962849458/1122604463178051399289312959825,0.001006449164412890,0.001006449164415354,81,44
085,3,11,1316144866109433068993450572405/1314820644532751135756414046474,8879738288316271473212291513329/8870804058248222239521490383576,0.001006643137774572,0.001006643137776836,99,53
085,3,16,51273964295243280334424906065/51222286894796243376856702881,1792129852089029831600614833079/1790323621318838573516170787688,0.001008376486474987,0.001008376486477847,144,61
086,3,9,1317971025154509195153582658570/1316645236519592242560976463121,444379030831115388843258378943/443932015944271567192877719048,0.001006437837732020,0.001006437837734714,81,44
086,3,11,9878845507117981257433330751830/9868906038677638026631638801033,2022544731165035999772783098543/2020509774801950825380758999516,0.001006643136726098,0.001006643136728492,99,53
086,3,16,9774685496291482144090968096220/9764849929720666958239287457143,385090999070000712494128379339/384703509553471481403443273856,0.001006735031010993,0.001006735031013268,144,61
087,3,9,9888882802094689957286072126875/9879035336216969907203981196534,673268634117888650407923380615/672598185288256379630267478522,0.000996307919062925,0.000996307919065930,81,44
087,3,11,977953629514664057742790710343/976969674534330308078070264252,2022522353676932668216859365993/2020487419828659281720775966576,0.001006643136725715,0.001006643136727966,99,53
087,3,16,1970398841520453658182982627775/1968411686226715157813202281454,493617294086967564322955682303/493119479026200027070881413452,0.001009012974010619,0.001009012974012676,144,61
088,3,9,657326529235311696050926226765/656666037092589934766061056787,494423187668775312024291274627/493926383392496326131904239368,0.001005321057783305,0.001005321057786552,81,44
088,3,11,65255816438256409601225982785/65190160170267667966967966847,2993316608280298253772356921219/2990304922761116662908447640560,0.001006643136722734,0.001006643136728200,99,53
088,3,16,9773219543233532774944440255550/9763448835664589203678431839913,4487737254895210994348797644469/4483250671106732199906071051028,0.001000243050050287,0.001000243050052137,144,61
089,3,9,196201296525282498946244203078/196005916965111992418829869315,2696364438977319080421145150373/2693679367535497187459405694912,0.000996307918935902,0.000996307918939085,81,44
089,3,11,9790585865339963579196210932815/9780834297086544432181522177053,1009893008163516687238124688329/1008887139798412751229126118680,0.000996511135059130,0.000996511135061348,99,53
089,3,16,814675844548469014705642210505/813862162079275788639469935729,2243879801478462725439203963605/2241638657752818656096577607194,0.000999279763310371,0.000999279763312444,144,61
090,3,9,1550065519923859375000000000/1548521863873424067729375159,2448191003706906747137340450336/2445752935891744496309020667125,0.000996361236227014,0.000996361236233780,81,44
090,3,11,1349837813363736000000000000000/1348495727585994305300953136651,92197850689852956991290123006/92106182325754352972742481825,0.000994751662864427,0.000994751662866733,99,52
090,3,16,377942508344852100000000000000/377565421448957119831359919877,2227442974656159919900799994002/2225220574321314042836302258805,0.000998234200694418,0.000998234200696699,144,61
091,3,9,8898802947889376263581121142530/8889851361255440977432203844653,444379030831115388843258378943/443932015944271567192877719048,0.001006437837732864,0.001006437837734714,81,44
091,3,11,435901893503363457366335698115/435467322512891073043814344284,987763457156618760742996725033/986778709555543915566578661928,0.000997444065073881,0.000997444065079558,99,52
091,3,16,1096914246204576380335199137820/1095810482010174999533987627817,13362940149073285732690603027/13349493760789478389162129836,0.001006751347695663,0.001006751347697770,144,61
092,3,9,463131952736901941462308648705/462666073694277379240233626697,1346671491916005007972871390461/1345316832576096158718380169180,0.001006437837732702,0.001006437837735349,81,44
092,3,11,8887858308492265984166576982670/8878915817155517022417418491843,1348363307415004020227092054819/1347006655814938050827782602192,0.001006653433950816,0.001006653433953056,99,52
092,3,16,822830909051486329297283459705/822002565723461085582569889486,892047067247029269617364984193/891149044058652266495225910540,0.001007206395973513,0.001007206395977607,144,61
093,3,9,769646797795954922199027162400/768872585810174478175252928331,3594138708279878817531671052221/3590523250807071308111681749128,0.001006437825068952,0.001006437825071135,81,44
093,3,11,1448429919321883975992208777985/1446972586007619854689488084816,168315281002152170607590276681/168145931099176169109300207246,0.001006653433950894,0.001006653433953093,99,52
093,3,16,1941312181130861765838990144470/1939355594228406766873132046007,494420707903061676215335703315/493922396971522504110446595516,0.001008376486475068,0.001008376486477157,144,61
094,3,9,5935855532563886515818658221605/5929884468213163770180175431912,561866805483875942697195266660/561301605937882609551907130799,0.001006437837732466,0.001006437837734832,81,44
094,3,11,3950648010252185878030218627845/3946673077891663513605951362391,498746074429208785658219308214/498244262598391875882285246129,0.001006653433949071,0.001006653433951954,99,52
094,3,16,1975296831689596645853440337995/1973320473443184750106717302942,7558694262743510763956501134727/7551131506858593493877542929912,0.001001038216026413,0.001001038216029063,144,61
095,3,9,5935855532563886515818658221605/5929884468213163770180175431912,444379030831115388843258378943/443932015944271567192877719048,0.001006437837732466,0.001006437837734714,81,44
095,3,11,651977279263934865554455412956/651321294327114270582281559921,1196387906299905364632613587295/1195184164282982443943258008488,0.001006653433845753,0.001006653433848346,99,52
095,3,16,978741791289049902870905775647/977794989327842483905388000532,1791885378793619740407396459373/1790151969015878125779664676640,0.000967834639750531,0.000967834639752863,144,61
096,3,9,3953913075414345214068252112655/3949935709559664739679869000374,2966539430212113611052929097881/2963555294645329460367932411448,0.001006437825068293,0.001006437825070677,81,44
096,3,11,591713074719798841706035799974/591117724427202225498781238085,317492091963630412579724324317/317172648270523350289206358026,0.001006653433949911,0.001006653433952941,99,52
096,3,16,1317261343042470094755986991830/1315936091497715291196349698069,4415648702638628932446431280551/4411206269635349400277812358248,0.001006572191864719,0.001006572191866407,144,61
097,3,9,593253529859290432254790943764/592656757417028342516888577843,299260331550907378255466968389/298959296142024807805880682440,0.001006437837732423,0.001006437837734803,81,44
097,3,11,1086322578516534089694932282150/1085229578390956539020537844033,28863847642316300936162327989/28834806370670384278122800676,0.001006653433950673,0.001006653433953493,99,52
097,3,16,1970411865880195768969269440885/1968443888792877676034323947234,2991356659953217687688132488021/2988368999622532311722476079496,0.000999263427577849,0.000999263427580857,144,61
098,3,9,1799621567950381337266880450782/1797829483613290523066583580365,1792529476184897965410305982077/1790744454236247397651650172536,0.000996307918936940,0.000996307918940610,81,44
098,3,11,4345184578163978445952787576255/4340812684038416473103401737798,2693349031786016013424034921051/2690639126925047116372046334696,0.001006653436048194,0.001006653436049935,99,52
098,3,16,5923233793072354013668640646455/5917264050372238178989145265276,4449787101047902964857630683163/4445302374462457553270601549096,0.001008360169458967,0.001008360169460864,144,61
099,3,9,8997201938864061921920885536360/8988141229867523850788914633431,891762508710989041687120998047/890864451666098480123774185248,0.001007565958354172,0.001007565958360021,81,44
099,3,11,8889962693523104215504849569700/8881834152132761430557548970667,897894053834295238317814454323/897073064002012678335443499136,0.000914768723474490,0.000914768723476874,99,52
099,3,16,9889719900413472436938174253300/9879762153721137330448688000247,991479978225016142090751896635/990481678316310514854738401694,0.001007385778462276,0.001007385778464355,144,61
100,3,9,4449401473944609012753532626985/4444925680627642775291620585131,2224904544732708196958324979763/2222666443057564525335292381770,0.001006437837732565,0.001006437837734557,81,44
100,3,11,203765722044890042822830961825/203581263454404404473476577323,370449352339230567602366191570/370114003661870998122165113691,0.000905658368221629,0.000905658368223744,99,52
100,3,16,9872339164927759219005439615660/9862469363213468985754595224539,1009533985117690775827678988039/1008524710609338436842185592273,0.001000243050050322,0.001000243050052450,144,61
101,3,9,37389153941882250000000000000/37352331919543844437668053851,2227417706596335256423871954601/2225224075130988455900725859065,0.000985316919862375,0.000985316919866677,81,44
101,3,11,674769896555977500000000000000/674105012733253230859649038193,445872506152515978039729572144/445433166137716083301769412085,0.000985834745674101,0.000985834745677734,99,52
101,3,16,1485089853567823500000000000000/1483608102040025181372247829663,3952269616058573235594310966684/3948326230728851779467831067095,0.000998250191163328,0.000998250191165354,144,61
102,3,9,66662932591970151719131105970/66595874244924640317947661807,499437722844707733321591740591/498935322682518566690197500712,0.001006437837732824,0.001006437837734958,81,44
102,3,11,109764825510824771645722322156/109654387097931420383252674413,11268381097336786549999213351/11257043566224443855734715136,0.001006643136726190,0.001006643136728237,99,52
102,3,16,78816472416871830925935312488/78737115088886430737613420729,224735878412559074697690748239/224509600348260650966137163648,0.001007369441123508,0.001007369441126188,144,61
103,3,9,1317971025154509195153582658570/1316645236519592242560976463121,734113130838392876888787134333/733374663279519688781064725508,0.001006437837732020,0.001006437837734712,81,44
103,3,11,8888952835694128943057997593795/8880009334541647009074148513887,1122492453967919919465771493763/1121363073180182809007873779122,0.001006643136726319,0.001006643136728315,99,52
103,3,16,790953129112786078646195324398/790155952570074659042485923561,2692133563852700507164050293617/2689420247920361410144620648516,0.001008376486474801,0.001008376486477489,144,61
104,3,9,988755867932555111735535826640/987761236022651747663762419287,4494944516056549285497480079513/4490422858695087678521528835696,0.001006449164413033,0.001006449164415426,81,44
104,3,11,4938317180820953060844838995460/4933348558958023287623646510537,1795635770296007212697659100551/1793829115352735029852739967348,0.001006643136726044,0.001006643136728826,99,52
104,3,16,658264727241189063437826767764/657602052578768934464717891493,1009521976095749126064016036165/1008505690994889769466446815312,0.001007206395973413,0.001007206395975698,144,61
105,3,9,2933169034046686675641768662680/2930218466776683843996387219987,299595676871560862134067847099/299294304128240347080730302800,0.001006437837732937,0.001006437837735061,81,44
105,3,11,1780001879038917357664153786484/1778210953926493098098511796617,3589159752378763167480780029123/3585548567239719491729851336728,0.001006643136725995,0.001006643136728753,99,52
105,3,16,3942975415862959294679972710375/3939039727123698874972041403878,1121904764493830454863314716646/1120784933025851131778796190359,0.000998650470711615,0.000998650470714154,144,61
106,3,9,1977953721605482820255881239463/1975964035554359390154659705928,3594138719517281809815437213717/3590523261987647441159804111712,0.001006437837746817,0.001006437837749733,81,44
106,3,11,1755748724195673588179877241517/1753982201071008878308317930222,1316637610909105230630599785547/1315312893565201356846147599268,0.001006643136725994,0.001006643136728107,99,52
106,3,16,1186185915232119688604022943969/1184997942098182841976681906618,1940270399805123287960515527101/1938327206012356788602307988956,0.001002008536503969,0.001002008536506020,144,61
107,3,9,2962947427763397963740443458325/2959966905467677661607163190073,444379030831115388843258378943/443932015944271567192877719048,0.001006437837732335,0.001006437837734714,81,44
107,3,11,21874391741115490592506052489/21852383114076735707940084678,1010016180694913564665714194359/1008999966407121178151147785161,0.001006643136620097,0.001006643136623149,99,52
107,3,16,196268283797300297125155232292/196070665475096061546059621451,4449931609429426170466249756967/4445451068806313373995504692740,0.001007385778460572,0.001007385778464468,144,61
108,3,9,1972006106889188790416552710285/1970020181309735904550896817692,3999455564095839266228812170563/3995427878237816709563134057860,0.001007565958352725,0.001007565958356357,81,44
108,3,11,1780001856544690750949303264462/1778210931453033952486090224405,899798961396670420040501261443/898893640690685943609779572248,0.001006643137774692,0.001006643137780127,99,52
108,3,16,8884613065668628324295861325655/8875674560601265511278076170842,448688124126348646278906029987/448236714364152735251861975418,0.001006572191864736,0.001006572191866565,144,61
109,3,9,11010742854882450026937542839/10999776996650700000000000000,4044591553061972074910032567741/4040563449040198593629054076360,0.000996419822249325,0.000996419822255044,81,44
109,3,11,9780643261545360940012879082020/9770802597982567469103136350129,2022522353676932668216859365993/2020487419828659281720775966576,0.001006643136725850,0.001006643136727966,99,52
109,3,16,1626141597614377623549715022635/1624501627159677642565485358599,2247458683580961519945602474467/2245192112302885146846113957502,0.001009012974010875,0.001009012974012598,144,61
110,3,9,2933169034000332809823021807635/2930218466730377202791427036141,1581951689534544947761459922005/1580360354420989124198829617214,0.001006437837732734,0.001006437837734405,81,44
110,3,11,1629956296413674216328293038580/1628331333506620975201671546237,1756372283158555277075713384880/1754621291541544623778460285441,0.000997433760513309,0.000997433760515062,99,53
110,3,16,9774845123618172908509597585400/9765009396425800559795637733407,1760153560429607632611725029373/1758382443852500065772049932867,0.001006735031011066,0.001006735031012854,144,61
111,3,9,270324326941342338435026995747/270079563194410658539529692104,1946041562867955543662636367/1944279529720577148437500000,0.000905854928643858,0.000905854928645869,81,44
111,3,11,36699090287678959638670143955/36665882627683281385882854336,51514114862903389221548462289/51467501630860187500000000000,0.000905272937314313,0.000905272937318749,99,53
111,3,16,62802772895840174715876178169/62745809935441392947492630112,70305592770117192772381267089/70241824651097585937500000000,0.000907425046510255,0.000907425046511663,144,61
112,3,9,987675223424156659236380468020/986692797804792218640247855341,1583722982004294789483058842826/1582147676686714667519871361609,0.000995179915681982,0.000995179915685145,81,44
112,3,11,4400411485146208532532163922885/4396028610261491301309667782174,879090563663074650161327577905/878214976467221886371350659873,0.000996511134021327,0.000996511134023052,99,53
112,3,16,9097175249182517218724257226450/9088017128919116515197152859753,176422886653590647153141384677/176245281851117467674644325856,0.001007206395973529,0.001007206395976688,144,61
113,3,9,2900070047141564384323934355905/2897152775186731949524827790593,1760104826972890679024206971857/1758334281997826101259114749197,0.001006437837732451,0.001006437837734135,81,44
113,3,11,9779647067955186905027162209840/9769807406699263585115926423749,790101417383894808361937757531/789306467397369209922151069855,0.001006643136726152,0.001006643136727924,99,53
113,3,16,1224040906172184674696295020210/1222826703915171442978624496859,7964495943163241683852349223/7956595464591476092294235410,0.000992454476629570,0.000992454476631249,144,61
114,3,9,5935855586493795725176317798005/5929884454922915859260446319217,1564100346149878985626011702053/1562526950567583056509516304172,0.001006449164413020,0.001006449164414777,81,44
114,3,11,4938317180821071739400380911880/4933348558958142085215210338097,1580202609886318636012603564952/1578612710139528798289682586623,0.001006643136725995,0.001006643136728006,99,53
114,3,16,790117558288192825985679441844/789320734393510432638338567517,878632369211945967737810480455/877746279212949230645918821928,0.001008996636306230,0.001008996636308261,144,61
115,3,9,9889768483899317306711497065545/9879820053893822423798934131988,888977983369267635406628070132/888083732380643596051526867377,0.001006437825068661,0.001006437825070334,81,44
115,3,11,1958138705047114654209410485547/1956168549946846704619465609617,263367138759200283299274937128/263102155430729752165566668081,0.001006643136724921,0.001006643136726756,99,53
115,3,16,788607767974684353058914524614/787814235553413633380118764757,1582284475999670764792582532422/1580692310562844945135364752319,0.001006751347695449,0.001006751347697502,144,61
116,3,9,3463410590132008068769481369495/3459926636152131418127970815601,78980427429848316288967957859/78900978526140170166588122752,0.001006437837732268,0.001006437837734437,81,44
116,3,11,9779636956590992060557391886320/9769797305508484138177694338317,1776008346735135437124068449552/1774221439661887865644211223137,0.001006643136726010,0.001006643136727758,99,53
116,3,16,4153112361684997857741305865665/4148934057507217540241700300537,16477290526068207107274945463/16460713288120392254998603971,0.001006572191864637,0.001006572191865993,144,61
117,3,9,2933533912418840482598089557610/2930582978106171730728166818189,1423454374414935885439609362779/1422022476751096821611962950946,0.001006437837732872,0.001006437837734249,81,44
117,3,11,492174372782632840378773622525/491679178112174070991654661229,1758160810302064402050527861547/1756391860289182674539839831243,0.001006643136724385,0.001006643136727672,99,53
117,3,16,1962685951511642621455834779755/1960706574699038213527135248489,1777947209963667853330830664252/1776154142927784854610536276773,0.001009012974009487,0.001009012974012184,144,61
118,3,9,1631763740648723897445778500490/1630120459047889906168086859803,59086326793451967002115757009/59026823403799339271872933427,0.001007565958354357,0.001007565958357538,81,44
118,3,11,197974069176819232294360905991/197774880211548033563754342207,790101294801271714058524499644/789306344937253324333766307175,0.001006643137774082,0.001006643137776516,99,53
118,3,16,5923224242911732479387722740265/5917264126202389190763224920671,1760153560429607632611725029373/1758382443852500065772049932867,0.001006735031010952,0.001006735031012854,144,61
119,3,9,198195359146987516273099416487/197995985939712600000000000000,32872707278917399285304947094/32839639213599158060100352393,0.001006449164409231,0.001006449164415011,81,44
119,3,11,4394939945386248279653394965245/4390558468939365867387876470157,195571629032484132713288416261/195376656519336250271649689139,0.000997433862827750,0.000997433862829754,99,53
119,3,16,922169519541007287362556297715/921245359435743056729864653773,439320667651368158946913313531/438880398670601912894736728320,0.001002661086473362,0.001002661086474790,144,61
120,3,9,990855742518993704575617221465/989869036709224031704068293532,8088276080829982925889831978443/8080221680317845758168076692016,0.000996307918936195,0.000996307918939070,81,43
120,3,11,9780643261545360940012879082020/9770802597982567469103136350129,2022522353676932668216859365993/2020487419828659281720775966576,0.001006643136725850,0.001006643136727966,99,53
120,3,16,1184355091766649097522875673775/1183163552651657223266686480296,1720011417170770221107656616669/1718280972563368603550318354700,0.001006572191864631,0.001006572191866926,144,60
121,3,9,897299878267561500000000000000/896406298534870442386779895417,1113707389566840974273710937224/1112598299533985635330218477985,0.000996350258665462,0.000996350258669137,81,43
121,3,11,18016103407862160000000000000/17998174672318746114228868927,1209099354500884051972395331339/1207896118591215756552620782490,0.000995646059297785,0.000995646059301385,99,53
121,3,16,495117686745962000000000000000/494628436234984292718504193127,4937616025012569567877192482568/4932736920048393790166330926775,0.000988638479035144,0.000988638479036920,144,60
122,3,9,2224700705939963831586677253430/2222462809312697402158385256021,2693342972525860647139571708165/2690633653857418012711920684504,0.001006437837732440,0.001006437837734661,81,43
122,3,11,492726887111350800833553882440/492231137043856604375769898887,4490020736243789707180279923853/4485503166488054974777669297092,0.001006642104941537,0.001006642104945321,99,53
122,3,16,1970398970439227924552174899615/1968411847174804945927761754266,111506078019639278524523121302/111393625503634930105998305823,0.001008996636306219,0.001008996636310229,144,60
123,3,9,3953980311252946517571383911670/3950047346738942925841471135029,3148233012488716382384836201873/3145101512646715540109274307356,0.000995179928203320,0.000995179928205757,81,43
123,3,11,5928244089061167404321831776430/5922339476361279524170154454933,149518710612004269561356804323/149369787918490056383782389396,0.000996510113770086,0.000996510113772572,99,53
123,3,16,9774843516976707091282532329390/9765007632068433057891568105137,1112482905226839018942275242882/1111363475151129631951038944031,0.001006751347695572,0.001006751347697702,144,60
124,3,9,989751573464112176089177559390/988867007906398938341551326753,1326245519182972314782112915631/1325060220630490109037197343792,0.000894124441135749,0.000894124441138213,81,43
124,3,11,9779648202841680337026233398550/9769808550524226575202781299711,374164151837753836487078559737/373787691960324232104563676165,0.001006642104943349,0.001006642104945526,99,53
124,3,16,8775304096257099483750316808/8766470003468938862061080475,1103899696488337393290306495851/1102788401399227066893979310055,0.001007206395973544,0.001007206395975604,144,60
125,3,9,468829692693519532973042059580/468410687955655360414937060103,2698074341764868856453459299957/2695663005729778406910544242084,0.000894124441135779,0.000894124441138175,81,43
125,3,11,4889824107193750815377442596440/4884904281029216123572162092999,4490020736243789707180279923853/4485503166488054524827819899856,0.001006642104943242,0.001006642104945421,99,53
125,3,16,608253079998874245485162129165/607644875761760150060993901324,1889503979516025078015459538177/1887614627264179543547967232026,0.001000419952939031,0.001000419952941004,144,60
126,3,9,4399858390569836480827172640185/4395432434203472787652001764284,3594179066551125928215529787185/3590563568435188929432418086576,0.001006437837732711,0.001006437837735356,81,43
126,3,11,395359156449641505759705986785/394961371523302816937068460973,4490020736243789707180279923853/4485503166488054074877970502620,0.001006642104943191,0.001006642104945521,99,53
126,3,16,2443711280904543227127399396350/2441252349106449892453927008711,1348173875180680971717713532175/1346817304280938932808754538888,0.001006735031011168,0.001006735031012978,144,60
127,3,9,329216379482141804440509134635/328885210339557019864066219374,2696357721129411803837807051873/2693645369830198610037570616368,0.001006437837746043,0.001006437837748705,81,43
127,3,11,984347578455022499822902302415/983357191302987098514804308721,748328303675498682994227420911/747575383920639465212139407610,0.001006642104942885,0.001006642104945550,99,53
127,3,16,989297384131504611298765105135/988299673671808518358060704618,2247458683580961519945602474467/2245192112302885146846113957502,0.001009012974010337,0.001009012974012598,144,60
128,3,9,2966267239226211730058693353015/2963280034488202161834876332958,1792559350868921264265971219747/1790754138676546460964956579688,0.001007565958354566,0.001007565958357223,81,43
128,3,11,989872350541730312197593795755/988885511574533151596703593352,8080340536486100612336401131029/8072284957496230645028882942568,0.000997432852099083,0.000997432852105325,99,53
128,3,16,2636511618741024986744683198855/2633859114654455167720316642946,448688124126348646278906029987/448236714364152735251861975418,0.001006572191864739,0.001006572191866565,144,60
129,3,9,9790583782604805514082371675900/9780735125494404548718024711177,20017683014946576048195987977/19997546596063158434327565640,0.001006437837732853,0.001006437837737039,81,43
129,3,11,4450004641248220728877043598460/4445527333110673459942756365813,8979939643068135962946678445397/8970904606010871242673899071488,0.001006642104943223,0.001006642104945363,99,53
129,3,16,9873811170919079765444395137710/9863869442385002804023626799551,2211378367607364320138680668311/2209151778194587066838512725924,0.001007385778462363,0.001007385778464543,144,60
130,3,9,198193132027611523491508408171/197993763303303072021955230726,8899617277384621016924012538139/8890664871590938043727884551584,0.001006437837731078,0.001006437837734789,81,44
130,3,11,888896407285027182087758548769/888002056955393232061465803924,4489964719870226448177649932997/4485447206474559906851665027272,0.001006642104943013,0.001006642104945329,99,53
130,3,16,9873981067713606296431249125655/9864109465521129522996305686362,3584259842027813800999311823451/3580676445718624150569376364976,0.001000259168830445,0.001000259168832856,144,60
131,3,9,448605692801601750000000000000/448163396382660022770222330763,2447920256962005945665382470676/2445506764710599692478058401735,0.000986422168516052,0.000986422168519874,81,44
131,3,11,450392390761338000000000000000/449944182522408850644046294807,635701117826879666024078884732/635068499504828430609061183475,0.000995646048944946,0.000995646048950556,99,53
131,3,16,4497758375719732500000000000/4493277884178723488754605329,2223894420038956600662838575667/2221679063120075965791347736135,0.000996657511409496,0.000996657511411734,144,60
132,3,9,489529189130240275704118583795/489036756274720276934897720487,499437722844707733321591740591/498935322682518566690197500712,0.001006437837732751,0.001006437837734958,81,44
132,3,11,8888965186388204060061622013455/8880021672810171178408002226782,1010016308364459379972792103267/1009000093948214014320317785728,0.001006643136621037,0.001006643136623120,99,53
132,3,16,1978603013989244172836894427625/1976620490098089464158236275481,597035860371371825211335135831/596437641401372183730294897264,0.001002483958308832,0.001002483958312630,144,60
133,3,9,1958094526903752727300155945842/1956124795686745532229604855575,1123734876258215840331962849458/1122604463178051399289312959825,0.001006449164413133,0.001006449164415354,81,44
133,3,11,494444966411780303421781877000/493947487213872538682537886069,672840161882786816945840723653/672163192742047571621010864330,0.001006643136725959,0.001006643136729115,99,53
133,3,16,4442778327414228324770657401235/4438588211381159558854451551017,62429471842081626457741131053/62370592755252556327406232198,0.000943574691045318,0.000943574691047528,144,60
134,3,9,4944945927823542672452584067530/4940027265390650543631725938071,4494940071501324779697466557191/4490469023042847870612184586940,0.000995179803262439,0.000995179803264786,81,44
134,3,11,4939422927117981600964839039200/4934503188869556828672166790889,4040029219803219679824847348031/4036005290981829814734674058264,0.000996511134022229,0.000996511134024455,99,53
134,3,16,3258278362027009837231380223565/3254997724658775840197702706543,3591124750136297163894591528527/3587508982316513761627612019184,0.001007369441123757,0.001007369441126044,144,60
135,3,9,2422818648823707279042166532840/2420381459107264273948378281753,8098208305632862741337796887299/8090062062407548929432418086576,0.001006437837732364,0.001006437837734525,81,44
135,3,11,1316148945207217314869716398325/1314824719526406095150552398281,1481646749947173742480586212619/1480156010860749995189359262148,0.001006643137774220,0.001006643137776920,99,53
135,3,16,8883002135812585427370240797795/8874049240032942827696450109039,1792129852089029831600614833079/1790323621318838123566321390452,0.001008376486475333,0.001008376486478099,144,60
136,3,9,2224700705939963831586677253430/2222462809312697402158385256021,399348745356785501238862027891/398947027854762281982131259472,0.001006437837732440,0.001006437837735217,81,44
136,3,11,9791800278865539740473366925815/9781948389818818616543539048107,740814889007824526448056399087/740069528003430641790870984822,0.001006643136725040,0.001006643136727170,99,53
136,3,16,1317261343042470094755986991830/1315936091497715291196349698069,51708453505904859281019132299/51656431400915857963064997551,0.001006572191864719,0.001006572191866570,144,60
137,3,9,1958094527601938669553250244702/1956124818540630205306871423175,1346676491570539783989001469881/1345321827201320744205457397304,0.001006437837732452,0.001006437837735319,81,44
137,3,11,1777812592232087211938392478722/1776040044958059943964100030135,2020057637817595332865616488165/2018043562951130244495113780694,0.000997535689838778,0.000997535689841079,99,53
137,3,16,9889719900413472436938174253300/9879762153721137330448688000247,599518536415633345608118130827/598914894069528702462452135136,0.001007385778462276,0.001007385778465149,144,60
138,3,9,394419018033517661115235617646/394021814995352764889986812075,4044541078636692710798843913565/4040467989026480966458866293604,0.001007565958353578,0.001007565958356728,81,44
138,3,11,9779648192692567183711138965130/9769808530294760876117670670977,899799983886547551913097547125/898894662151799420947187528544,0.001006643137774637,0.001006643137779151,99,53
138,3,16,8898947012517287659006206501640/8890106363082990323248112500563,1110670329581061524648041049927/1109566935324740068975843832358,0.000993942732697184,0.000993942732699100,144,60
139,3,9,198193132027611523491508408171/197993763303303072021955230726,8899617277384621016924012538139/8890664871590938043727884551584,0.001006437837731078,0.001006437837734789,81,44
139,3,11,4444487075282411870607270875045/4440015313983336592834704577332,4489974911900947905451009371029/4485457383622698788519254883316,0.001006643136725892,0.001006643136728071,99,53
139,3,16,9889719900413472436938174253300/9879762153721137330448688000247,4449931609429426170466249756967/4445451068806313373995504692740,0.001007385778462276,0.001007385778464468,144,60
140,3,9,495482823843868801272901372265/494984402045627741452329286122,4450262265853170006011214619187/4445785606694757667247511119700,0.001006437825068085,0.001006437825070715,81,44
140,3,11,493831392982599176629883837965/493334531123400722455933773258,8079133600135580024974504023203/8071004887788961390033777612032,0.001006643136726027,0.001006643136728404,99,53
140,3,16,788608896239122073291247831059/787814223518445423619222057617,336447288276755159023983304763/336108253955414142574027554915,0.001008197327265453,0.001008197327268279,144,60
141,3,9,891044046591144300000000000000/890156696753853928694949695381,986129899690409453314919821132/985147858219634082721528427995,0.000996350258681134,0.000996350258684040,81,44
141,3,11,4495028980466515500000000000000/4490555745327621224278480570259,2152111090429945114606814314/2149969413703409402803127515,0.000995647060248558,0.000995647060254082,99,53
141,3,16,4497758375719732500000000000/4493277884178723488754605329,122410160046782139580185571511/122288219817714916160729778744,0.000996657511409496,0.000996657511411534,144,60
142,3,9,8888056567824524927912244366170/8879205736490848972926429023343,741644102813239530735282517781/740905564887255416389682083266,0.000996307918936866,0.000996307918939175,81,44
142,3,11,656965816878277818417079664710/656304819497710327990987444179,2963561065243296096764989185133/2960579317866252567986872151592,0.001006643136724549,0.001006643136727863,99,53
142,3,16,1978687359409749022104290240665/1976775283939057169901028998867,8975520409563969079940479348715/8966847047230978226754631571232,0.000966802516940931,0.000966802516943654,144,60
143,3,9,1976962099955713782806481372685/1974973411433132857222593926013,635751744205116254119092461503/635112221476307688430210951092,0.001006437825068023,0.001006437825070630,81,44
143,3,11,9779648303119551106992537678055/9769808640620884305769530984621,84105689867921028394359733301/84021068051586805008774053961,0.001006643136726086,0.001006643136728520,99,53
143,3,16,5923265691249273224816266457560/5917355673202854697095624096477,299196328252896780218954946823/298897801090420704704851268664,0.000998261553224254,0.000998261553226375,144,60
144,3,9,4399858390569836480827172640185/4395432434203472787652001764284,2247497507665547551573987305965/2245236679016203081863146525208,0.001006437837732711,0.001006437837734744,81,44
144,3,11,60368198706370479118933512155/60307460049677511732247817268,997492415882010866058059229419/996488802212884971737104643913,0.001006643136620963,0.001006643136623049,99,53
144,3,16,3258317062240081180747447123280/3255057518391164829280848615603,46040028306835950137493742781/45993970944030173258099241912,0.001000877219840737,0.001000877219843158,144,60
145,3,9,4449401473937725656532101474625/4444925680620766374699934366533,2247467221941823726679359156429/2245206423757844584444219935984,0.001006437837732558,0.001006437837734589,81,44
145,3,11,329161887974466132905981922790/328832219972176116389659771299,4444668871754602935781476861409/4440217368827542010959903933224,0.001002039458691488,0.001002039458693730,99,53
145,3,16,788607767974684353058914524614/787814235553413633380118764757,4494193357204384111264858974119/4489671098762055956291477331312,0.001006751347695449,0.001006751347697681,144,60
146,3,9,9008058076001417301579911395445/8999097896758327504000269097284,8089094434932226204366956713723/8081048334935986379138041212888,0.000995179915822918,0.000995179915825257,81,44
146,3,11,888808892980500275237760656975/887931730393413320776962386196,4039672074082077365298404181553/4035685334935476669598927553472,0.000987384029848340,0.000987384029850413,99,53
146,3,16,4370120725910826892681403690140/4365751658050210214438850867669,4443357740589081337644743624879/4438915453358302982176824466752,0.001000259168830342,0.001000259168832581,144,60
147,3,9,4499044324860475045430117490715/4494518543325613408199441317917,4449859603546674915298990518455/4445383299031242288326543189652,0.001006449164412894,0.001006449164415206,81,44
147,3,11,6821071589797184464874756297810/6814208659729311988955396750097,4444889339750433155547208622923/4440417173713670159561676010200,0.001006643137774221,0.001006643137776891,99,53
147,3,16,9889719900413472436938174253300/9879762153721137330448688000247,599518536415633345608118130827/598914894069528702462452135136,0.001007385778462276,0.001007385778465149,144,60
148,3,9,1971983945071622965234284864335/1969998041810414826742918532877,1011135269657575208767207058818/1010116997255024044523979878691,0.001007565958354129,0.001007565958356567,81,44
148,3,11,8888964060481424634345371813695/8880020548025963406660146045808,32135713702802017374298746763/32103380783711296115277604830,0.001006643137774684,0.001006643137780744,99,53
148,3,16,8306382427800961890241925697760/8298012175380065114086346161731,336447288276755159023983304763/336108253955414142574027554915,0.001008197327266208,0.001008197327268279,144,60
149,3,9,4449401473944609012753532626985/4444925680627642775291620585131,75066311306047412685752530273/74990799735234519387839818764,0.001006437837732565,0.001006437837738099,81,44
149,3,11,4444482031337317005199436367200/4440010275113139469344578194863,1122503907487701308383595581946/1121374515176158433103231178419,0.001006643136725945,0.001006643136728172,99,53
149,3,16,1456928063815258330127076514915/1455461114219666542199505538566,2211378367607364320138680668311/2209151778194587066838512725924,0.001007385778462347,0.001007385778464543,144,60
150,3,9,489529189130240275704118583795/489036756274720276934897720487,20017683014946576048195987977/19997546596063158434327565640,0.001006437837732751,0.001006437837737039,81,44
150,3,11,60368260287337816069517290430/60307521568679637541856002503,2020034654115762945007159563787/2018002223233170272828880309834,0.001006643136726149,0.001006643136728365,99,53
150,3,16,1314381628619821143766643987125/1313067373691734831588228159416,2243868629509722598458690353893/2241624977179147872202369255956,0.001000403841551090,0.001000403841553139,144,60
151,3,9,299099959422454500000000000000/298802099511557415255481083899,4847115943640892380524896665884/4842288923517343092066217967015,0.000996350258665901,0.000996350258668835,81,44
151,3,11,450396976936707000000000000000/449948763679322523074142641189,2470011749999534935814609400082/2467553713935922623203895159465,0.000995647059105184,0.000995647059111632,99,53
151,3,16,1485089853567823500000000000000/1483608102040025181372247829663,988067404014643308898577741671/987081557682212821107016352975,0.000998250191163328,0.000998250191165479,144,60
152,3,9,2962958473528256259370493675960/2959977906594528666112188749637,1348178858674396307071081231771/1346822667771679779794636136960,0.001006449164412737,0.001006449164415334,81,44
152,3,11,78836351014195307079560981767/78757030872758466413371510227,4040064722783870559249885403483/4035999865632272840386666470528,0.001006643136725945,0.001006643136728186,99,53
152,3,16,548456506016068717734394800500/547904375216808733877702512941,49753369832358761517652963231/49703283148090891501561209312,0.001007206395973444,0.001007206395975946,144,60
153,3,9,3953530651977012736756703101895/3949593679624718447573448833154,1112365599015686869824827958032/1111257892260766794820594676445,0.000996307918936477,0.000996307918938862,81,44
153,3,11,5928105998269783048131232469240/5922141513610282724857413453723,2022522353676932668216859365993/2020487419828659281720775966576,0.001006643136725534,0.001006643136727966,99,53
153,3,16,977484351697670709128253232939/976500763206843404787149780370,941815568643029737074155082001/940867871677658537333347552689,0.001006751347695470,0.001006751347698146,144,60
154,3,9,4449401473937725656532101474625/4444925680620766374699934366533,2224904544732708196958324979763/2222666443057564525335292381770,0.001006437837732558,0.001006437837734557,81,44
154,3,11,3950660466544501299823888928645/3946685562291020167872141457608,249386532689146648847505342599/249135615760713024306762197492,0.001006643136725983,0.001006643136728520,99,53
154,3,16,3950524121430288512233525246835/3946572122003343586613123243496,2221677573571407502917552289627/2219455066322305915998280352442,0.001000874152987634,0.001000874152989790,144,60
155,3,9,1958094527601938669553250244702/1956124818540630205306871423175,370817428823564385091184779016/370444411872977741575551602133,0.001006437837732452,0.001006437837734643,81,44
155,3,11,2470256710727946331837914451805/2467794021423531532078847267007,8080231567502666063529291380873/8072176088988180884133868282704,0.000997433862942113,0.000997433862944529,99,53
155,3,16,788607767974684353058914524614/787814235553413633380118764757,941815568643029737074155082001/940867871677658649820809901998,0.001006751347695449,0.001006751347698027,144,60
156,3,9,9889768483898071181878306943135/9879820053767459405612350153542,898537207912103728610436567937/897633340986680027804521398906,0.001006437837732672,0.001006437837735446,81,44
156,3,11,4444487075282866805070181554655/4440015313984256284189394542359,2689372920513070188486043897525/2686667043875382798173665453656,0.001006643136621114,0.001006643136623625,99,53
156,3,16,7804301107193191991648241773455/7796436796730281400883288738153,8089332140008511873678600557409/8081180606833027501207863149640,0.001008197327266217,0.001008197327268230,144,60
157,3,9,296302444379384311006963145942/296007716811860252965996230429,4044547217466225476932599588899/4040524167418023559094361165228,0.000995179928217809,0.000995179928220157,81,44
157,3,11,196867437674903376358403482775/196671334990114011936990892077,1481628436122995523805907230553/1480152563233011546035438354160,0.000996611844330917,0.000996611844334397,99,53
157,3,16,656803115074134663045800671115/656145948444687837455932475226,8974025410954580852600543327645/8965046418777845225927741329704,0.001001054347934847,0.001001054347938085,144,60
158,3,9,4454381214169857177445177246165/4449895391553504972566833721997,597516409116424198239197618251/596914675117290960129405507720,0.001007565958354305,0.001007565958358211,81,44
158,3,11,2962988024385840237098659535345/2960006853563102175699420046251,32135713702802017374298746763/32103380783711296115277604830,0.001006643137774579,0.001006643137780744,99,53
158,3,16,5923224242911732479387722740265/5917264126202388200783295222108,4045318233137054905258384296319/4041247718868606963963562176000,0.001006735031011119,0.001006735031013365,144,60
159,3,9,489529189130240275704118583795/489036756274720276934897720487,100088415074732880240979939885/99987732980315892160493249808,0.001006437837732751,0.001006437837736039,81,44
159,3,11,2225002348855909100129166905755/2222763692462990217641383818939,1011272491969359993854183941495/1010255013659595990915981207909,0.001006643137774665,0.001006643137776725,99,53
159,3,16,460526470434360714164721141005/460062027604641818468437452567,2247458683580961519945602474467/2245192112302885146846113957502,0.001009012974010891,0.001009012974012598,144,60
160,3,9,2966267649338078664630281903135/2963283787126726479518050827072,75066311306047412685752530273/74990799735234519387839818764,0.001006437837732377,0.001006437837738099,81,44
160,3,11,9779648192704158122635732802150/9769808530316583993687945793749,448896080360673711932838658271/448444429566000014121319458092,0.001006643136726116,0.001006643136728318,99,53
160,3,16,9774861157767118572580980444070/9765027004569260091281949153321,1884029491056760243091694267157/1882134033479887209818649334992,0.001006572191864864,0.001006572191866825,144,61
161,3,9,299099959250820000000000000000/298802099340093915427335390023,2448164370703585494539423293652/2445726356259418373331689515125,0.000996350258665643,0.000996350258669397,81,44
161,3,11,202455648484789500000000000000/202254174449391963781906429907,41248837100861900080089614389/41207788260148314594473945645,0.000995646958012937,0.000995646958019114,99,53
161,3,16,4497758375719732500000000000/4493277884178723488754605329,741153527781885155357362508363/740415219532658349189990614735,0.000996657511409496,0.000996657511411634,144,61
162,3,9,493831966877024264175054655855/493335205721620824055586950719,8098208305632862741337796887299/8090062062407548929432418086576,0.001006437837731661,0.001006437837734525,81,44
162,3,11,4834708331235888417090471470725/4829843954032913978092822973013,1010017457304256699989910748462/1009001241731915640172734903351,0.001006643136724999,0.001006643136727446,99,53
162,3,16,985199513196496105602510332690/984213929686751376093473770503,599519501107563032499338707933/598919747934576814620476478432,0.001000890489078941,0.001000890489082458,144,61
163,3,9,593253529859290432254790943764/592656757417028342516888577843,8089073163388109551794405375737/8080936109490583231516928726496,0.001006437837732423,0.001006437837734705,81,44
163,3,11,2960790233349085854114298299695/2957811273807546872097837379791,329251062203747442977479877613/328919790645813609114853899328,0.001006643136725034,0.001006643136728252,99,53
163,3,16,1581907385329183278154428273509/1580325604971439842612754107921,472465932475920958732360763393/471993504482584876684775487930,0.001000419952938903,0.001000419952940573,144,61
164,3,9,2966001605153178886180636759700/2963048025847886320800568500657,5396108659264716256962030663971/5390735150754990625784462176968,0.000996307918951039,0.000996307918953305,81,44
164,3,11,9780643261545360940012879082020/9770802597982567469103136350129,162916529393438834168400083063/162752613103711181959875637024,0.001006643136725850,0.001006643136728046,99,53
164,3,16,9872217008299517682108575197255/9862262606207633868511862957811,399012986143605200310334446273/398610651419740490925676615024,0.001008833587769894,0.001008833587772427,144,61
165,3,9,824148291380413651567678464835/823319254613030311892132168508,499437722844707733321591740591/498935322682518566690197500712,0.001006437837732595,0.001006437837734958,81,44
165,3,11,494052565885154631618175833541/493560026804280903798786132510,598208847006455998969817887397/597612470717734601855714881644,0.000997433862942148,0.000997433862944790,99,53
165,3,16,788607767974684353058914524614/787814235553413633380118764757,4494193357204384111264858974119/4489671098762055956291477331312,0.001006751347695449,0.001006751347697681,144,61
166,3,9,6926821146037733891787233779160/6919853159733442084346754695787,1348178858674396307071081231771/1346822667771679779794636136960,0.001006449164412987,0.001006449164415334,81,44
166,3,11,8888953961575659506082705075200/8880010459290387759860623976823,672342467292000411118635778931/671665998900024847757972022840,0.001006643136726223,0.001006643136729683,99,53
166,3,16,9774845123618172908509597585400/9765009396425800559795637733407,8899864701616885845378662307257/8890909404612455287972346153904,0.001006735031011066,0.001006735031013167,144,61
167,3,9,2224700705939963831586677253430/2222462809312697402158385256021,1346671491916005007972871390461/1345316832576096158718380169180,0.001006437837732440,0.001006437837735349,81,44
167,3,11,1968708603241538356214756581850/1966727813379400750761379362051,4445396892772233266349841526953/4440924216072434255918816661840,0.001006643136724629,0.001006643136728179,99,53
167,3,16,989297384131504611298765105135/988299673671808518358060704618,2247458683580961519945602474467/2245192112302885146846113957502,0.001009012974010337,0.001009012974012598,144,61
168,3,9,1977953945671473904705092380971/1975984275853856316884887099404,896264682246185725551651666229/895372171327473574570516451592,0.000996307918937132,0.000996307918939753,81,44
168,3,11,548824146813032604580095922505/548277509849747301711247969944,336672923991091068789444622741/336337592781886899993829837059,0.000996511134955111,0.000996511134957208,99,53
168,3,16,2636511618741024986744683198855/2633859114654455167720316642946,448688124126348646278906029987/448236714364152735251861975418,0.001006572191864739,0.001006572191866565,144,61
169,3,9,198193132027611523491508408171/197993763303303072021955230726,988846464199771387448052900609/987851752344278493816654685784,0.001006437837731078,0.001006437837734666,81,44
169,3,11,2962988395462322608369353461360/2960007224269334044127344225083,493876655220804112640908257017/493379747821608151802031989532,0.001006643136726223,0.001006643136728405,99,53
169,3,16,1383252193709914658865902143915/1381868175941189575023138067746,8846420039471976174520777572479/8837568723291212445231841684200,0.001001054347936297,0.001001054347938476,144,61
170,3,9,198193132027611523491508408171/197993763303303072021955230726,734113130838392876888787134333/733374663279519763772706291714,0.001006437837731078,0.001006437837734610,81,44
170,3,11,19182202514237618671549686703/19162902597423540699995284428,494434387003248084485402818977/493936918449669759087951422728,0.001006643136725927,0.001006643136728248,99,53
170,3,16,1314327209340260520829447243505/1313013220205842108018117426032,1495631664130520959140892814743/1494136417176947691127277276340,0.001000242853338727,0.001000242853341196,144,61
171,3,9,562499999371998562500000000000/561939825229590742105586799173,493073157230664924394185243182/492582122860344091255217131535,0.000996361346323505,0.000996361346327455,81,44
171,3,11,18766559663350125000000000000/18747884091881454247821960983,4455421308062096213413466628748/4450987488515265125344086962705,0.000995647070408422,0.000995647070412989,99,53
171,3,16,4497758375719732500000000000/4493277884178723488754605329,2223894420038956600662838575667/2221679063120075965791347736135,0.000996657511409496,0.000996657511411734,144,61
172,3,9,4449401473937725656532101474625/4444925680620766374699934366533,1346676547987896011166568858547/1345321883561925042391341256596,0.001006437837732558,0.001006437837735268,81,44
172,3,11,985454887492588433280097563040/984463385220714507452414413497,4040074409896648495449990462503/4036009542994258739782957095912,0.001006643137773301,0.001006643137776975,99,53
172,3,16,9872217008299517682108575197255/9862262606207633868511862957811,899279099019688699153258260637/898372333524463537889256189156,0.001008833587769894,0.001008833587773503,144,61
173,3,9,2224700705939963831586677253430/2222462809312697402158385256021,370817428823564385091184779016/370444411872977741575551602133,0.001006437837732440,0.001006437837734643,81,44
173,3,11,1086627576713264261233557207820/1085534280892678231934852612787,4489969821056299993099473941345/4485452297900134998982687121772,0.001006643136726007,0.001006643136728341,99,53
173,3,16,977484351697670709128253232939/976500763206843404787149780370,4494193357204384111264858974119/4489671098762055956291477331312,0.001006751347695470,0.001006751347697681,144,61
174,3,9,8898791823531058813103796283900/8889840248200047409827895354251,499437160437910257209857646069/498934760847782258168216913720,0.001006437825068869,0.001006437825071125,81,44
174,3,11,45409821719075524602036312145/45364546386875761543032134877,2020055110350940310316929256097/2018041038004455369776727138222,0.000997535689839002,0.000997535689841550,99,53
174,3,16,4936985449937353822878695455390/4932014585832478709988133658931,3591124750136297163894591528527/3587508982316513761627612019184,0.001007369441123715,0.001007369441126044,144,61
175,3,9,163159966591363948194195087872/162997489976404442520597750873,4494496572996273780121984434509/4490020900413193851039258158688,0.000996307918937118,0.000996307918939400,81,44
175,3,11,977953629514664057742790710343/976969674534330308078070264252,3589116537188410823118843666527/3585505395529756411160182241976,0.001006643136725715,0.001006643136727977,99,53
175,3,16,427083092733107976559153240510/426652649245644403161824277201,749032225372563245777060223803/748277299577563130252025218064,0.001008376486474961,0.001008376486477097,144,61
176,3,9,2224700705939963831586677253430/2222462809312697402158385256021,8899618290632654941387610882813/8890665883819715940621358685112,0.001006437837732440,0.001006437837734549,81,44
176,3,11,1958138702786282237208125588726/1956168547688286693406570010157,1344678810471703489595072111501/1343325879849447340790658745428,0.001006643136726097,0.001006643136728790,99,53
176,3,16,9774961212027027736963372579655/9765188763236947461199405810023,1121952337311983052155729883380/1120830673345907740779151215207,0.001000243050050068,0.001000243050052109,144,61
177,3,9,2962947415288679615785211844655/2959966893042993952721130172353,4449809145884615566979805553607/4445332942533868669197989102976,0.001006437825068029,0.001006437825070872,81,44
177,3,11,823245526460100621271544038325/822417228970985372764657949316,298261647391054228375688457317/297961555418861383030454364924,0.001006643136726019,0.001006643136729938,99,53
177,3,16,4936905585459539882722197568855/4931934721192500907021848550494,599518536415633345608118130827/598914894069528702462452135136,0.001007385778462464,0.001007385778465149,144,61
178,3,9,1971983945071622965234284864335/1969998041810414826742918532877,505567634828787604383603529409/505058498627511966018258764691,0.001007565958354129,0.001007565958356679,81,44
178,3,11,197974271333514706728164984731/197775082164847074915710025828,1797594477341857562772653670569/1795785851669776110185537238912,0.001006643137769907,0.001006643137775993,99,53
178,3,16,9873981067713606296431249125655/9864109465521129522996305686362,1498088640080482389606056629591/1496590912365332916121267815480,0.001000259168830445,0.001000259168832667,144,61
179,3,9,300268602163712370351012037303/299969929518929778420882730377,900785708057639603567945044073/899889710114896700448588718752,0.000995179928204054,0.000995179928207899,81,44
179,3,11,8887868820758713615081165775750/8879016371944486344135292098639,4444941874384996223189018689991/4440514646528820401091094338624,0.000996511144275136,0.000996511144277441,99,53
179,3,16,4936905585459539882722197568855/4931934721192500907021848550494,4449931609429426170466249756967/4445451068806313823945354089976,0.001007385778462464,0.001007385778464366,144,61
180,3,9,161523276751460042400090245071/161360795391472093611459637152,112600730977043869827053162431/112487462349309000000000000000,0.001006437837732887,0.001006437837737855,81,44
180,3,11,326393342628847698393248450081/326064946327324346268626380821,8979939643152551874486547951967/8970904596840120298116964940040,0.001006643136620720,0.001006643136623029,99,53
180,3,16,3943044481195610366456239155295/3939071117592226128116180589522,336447288276755159023983304763/336108253955414067582385988709,0.001008197327265705,0.001008197327268502,144,61
181,3,9,448652468922066000000000000000/448205676536420580142260540859,1101418026774200301700902625201/1100321175153257545690216889485,0.000996350258665327,0.000996350258669018,81,44
181,3,11,75081299784582000000000000000/75006582511243431996106419431,445183764244873416429909252920/444740738923061621401582990133,0.000995647061814755,0.000995647061818813,99,53
181,3,16,4497758375719732500000000000/4493277884178723488754605329,4351229707369152059213784713432/4346895181974870161121426843705,0.000996657511409496,0.000996657511411885,144,61
182,3,9,999788754864177317735457885955/998783035813288214406803800881,1346671491916005007972871390461/1345316832576096158718380169180,0.001006437837732806,0.001006437837735349,81,44
182,3,11,206741778758383252524172435190/206533768279447439194855461543,86345583222881227256902449587/86258707767769557407173453161,0.001006643136725680,0.001006643136728319,99,53
182,3,16,9790744056586913018906335670030/9780948051528674381112801997497,298519670009907556890131061955/298220989932018860271812959944,0.001001038216026943,0.001001038216029989,144,61
183,3,9,6926821180250219755457214955165/6919853272290476375754959442864,1198046239839099929925098870281/1196841087329239211112103360176,0.001006437837732840,0.001006437837735187,81,44
183,3,11,148038541837404244493546928638/147890956798148774202795769515,4444935608467191764042634792203/4440504289513872651163051530060,0.000997433862941386,0.000997433862944651,99,53
183,3,16,309053749997577321717079516025/308742264536723915082124296303,2692133563852700507164050293617/2689420247920360960194771251280,0.001008376486475096,0.001008376486477656,144,61
184,3,9,593253529859290432254790943764/592656757417028342516888577843,561866805483875942697195266660/561301605937882609551907130799,0.001006437837732423,0.001006437837734832,81,44
184,3,11,3259882726756613310987631745485/3256602839298258395505919134327,1997494671077563766429709673145/1995484918497804282163356260334,0.001006643136726243,0.001006643136728459,99,53
184,3,16,9790759851863004867522778998530/9780903500442108964434410577813,941900533902657086511272041168/940952323262608654942358825067,0.001007206395973332,0.001007206395975660,144,61
185,3,9,494377940863212582028841210375/493880624901322904871464855139,561868077212469074388744982433/561302870029505400729630175893,0.001006449164413180,0.001006449164415543,81,44
185,3,11,51744176276063176693868171225/51692114564273841994249745319,4445392358531476645208633555173/4440919686389087033134396202832,0.001006643137774653,0.001006643137776694,99,53
185,3,16,1971519419936710882647286311535/1969535588883534578440261761174,4422802155457783812477701369623/4418351734036950518895946796292,0.001006751347695198,0.001006751347697830,144,61
186,3,9,263591578163180699386509008284/263329090567439491994780683197,1112452515555402449296378276849/1111344722247968640573118628157,0.000996307918937008,0.000996307918939370,81,44
186,3,11,9780643261545360940012879082020/9770802597982567469103136350129,2022522353676932668216859365993/2020487419828659281720775966576,0.001006643136725850,0.001006643136727966,99,53
186,3,16,878161619675729305092714278515/877283683939241901338782611906,5391326309524989286595291258489/5385936369987487301654277139680,0.001000242853339068,0.001000242853341238,144,61
187,3,9,4449401480233019745373429480490/4444925686909665357066400149309,448890497307450644601079525313/448438944194139018067570846836,0.001006437837746613,0.001006437837749952,81,44
187,3,11,989869670757456589449637034165/988873726610370347964566434332,399504025691706755698801415063/399102070052615612577537646350,0.001006643137773980,0.001006643137777034,99,53
187,3,16,1978575598659490211099813306905/1976591437691408528006502492093,179117820427120294218426341573/178938196970618889463375209420,0.001003326087770387,0.001003326087773771,144,61
188,3,9,1971983944932680046333586215620/1969998041671611720759742411773,4449808987352396733178123277195/4445327769236071408027530440676,0.001007565958354185,0.001007565958356552,81,44
188,3,11,4889824095215484645013304353700/4884904264022841941325678803247,224949740346585233275319403139/224723410170327922111859389356,0.001006643136725954,0.001006643136729014,99,53
188,3,16,4887401180730186998086863614470/4882507200797636586497525009919,1121952347556955190060282579617/1120828884990411335145716796543,0.001001847745295902,0.001001847745297918,144,61
189,3,9,161523276751460042400090245071/161360795391472093611459637152,112600730977043869827053162431/112487462349309000000000000000,0.001006437837732887,0.001006437837737855,81,44
189,3,11,2469736579665713900013312612040/2467251687198083207786246073267,878957732579637044308963169753/878073380998565535983992341204,0.001006643136725121,0.001006643136727252,99,53
189,3,16,9889719900413472436938174253300/9879762153721137330448688000247,4038007948428791225045359822421/4033942164898309486240854820164,0.001007385778462276,0.001007385778464506,144,61
190,3,9,891679832922995345208498686390/890782853957807270071839116517,2696391357226359756690613038839/2693678941581131896625592205200,0.001006449164412203,0.001006449164415338,81,44
190,3,11,4444481113746383059792483132235/4440050247895492524404171773752,4035054603360543526148419803787/4031031909779226660603361144896,0.000997433862942190,0.000997433862944575,99,52
190,3,16,543930569603993004342695735365/543405227999327510421910931181,8899870531934993909144688076589/8891274816731900898641344699080,0.000966291456052919,0.000966291456055031,144,61
191,3,9,11848993965513000000000000000/11837323404358064358056125853,4454835305812333139186690370092/4450447555424149412553712083185,0.000985426473613580,0.000985426473615801,81,44
191,3,11,225196996779031500000000000000/224975121314551486059963557801,988006927176624375974061489836/987033492810210936314249342925,0.000985736226337366,0.000985736226341961,99,52
191,3,16,889621538068156500000000000000/888733916305723941691136891213,988067404014643308898577741671/987081557682212821107016352975,0.000998250191163177,0.000998250191165479,144,61
192,3,9,2933169034046686675641768662680/2930218466776683843996387219987,2966573069708874193759278243061/2963588900265527639470545061872,0.001006437837732937,0.001006437837734965,81,44
192,3,11,9779760886527364044675299681275/9770010985373111803963170355446,1692279436483108993748469972937/1690592323942980290643939981072,0.000997444064972420,0.000997444064974630,99,52
192,3,16,548456506016068717734394800500/547904375216808733877702512941,1646800110176696357238949703333/1645142277602768666376508854264,0.001007206395973444,0.001007206395976458,144,61
193,3,9,1317971025154509195153582658570/1316645236519592242560976463121,8899617277384621016924012538139/8890664871590938043727884551584,0.001006437837732020,0.001006437837734789,81,44
193,3,11,543307621029090275387770121845/542760973735039709505336411606,4040069773163899609633812885127/4036004869371278870148945588432,0.001006653433950776,0.001006653433953227,99,52
193,3,16,9774843516976707091282532329390/9765007632068435037851427502263,4494193357204384111264858974119/4489671098762056856191176125784,0.001006751347695369,0.001006751347697481,144,61
194,3,9,1977953721605482820255881239463/1975964035554359390154659705928,4089671998046216341176553902421/4085558067958107278281323380676,0.001006437837746817,0.001006437837748977,81,44
194,3,11,9878834183158681356478486440055/9868894624489572285019422708402,51684759704221022867125054709/51632757242001763970518198782,0.001006653433949806,0.001006653433952009,99,52
194,3,16,48772643089332047700190067170/48723765952121444982132168381,4370967677681322367763959817195/4366587345318886084853873762448,0.001002644954533466,0.001002644954536360,144,61
195,3,9,4449401473944747471068331529475/4444925680627780382501848685388,280939710147807577599262986767/280657104029992228751437716720,0.001006437837732726,0.001006437837735279,81,44
195,3,11,3948434368209116309019396368035/3944461663097729304160843308726,1010017571221731327057870152077/1009001345144859281552398176240,0.001006653433950782,0.001006653433952952,99,52
195,3,16,4888219192018063130094182138635/4883340085999546541012538077673,971242579250126641833422150295/970273147371620261037793702336,0.000998634155548748,0.000998634155550888,144,61
196,3,9,769646797805567885197922392420/768872585810041160878053521847,3594138606682533395540583642133/3590523149266455042982614693624,0.001006437837732442,0.001006437837735256,81,44
196,3,11,8887858308492265984166576982670/8878915817155517022417418491843,4444889339234012748465604369951/4440417127478452903906372041756,0.001006653433950816,0.001006653433952879,99,52
196,3,16,1454084918226862898287742207495/1452619652461318491087505721634,740440146404251587138900363409/739694012815790856756106019124,0.001008197327266084,0.001008197327268315,144,61
197,3,9,374887536615936097814371877765/374514219194926804570531468989,8088367877349323787892561668101/8080313385425132367836283010680,0.000996307918936879,0.000996307918939063,81,44
197,3,11,4345184578163978445952787576255/4340812684038416473103401737798,2693349031786016013424034921051/2690639126925047116372046334696,0.001006653436048194,0.001006653436049935,99,52
197,3,16,9889719900413472436938174253300/9879762153721137330448688000247,599518536415633345608118130827/598914894069528702462452135136,0.001007385778462276,0.001007385778465149,144,61
198,3,9,1972006106889188790416552710285/1970020181309735904550896817692,2726176249264008470705603476537/2723430830206422265254142450464,0.001007565958352725,0.001007565958356382,81,44
198,3,11,579371967728745678493180716766/578789034403040220032343585135,224949995664532431094824200779/224723662917359816499779422566,0.001006653433950579,0.001006653433955926,99,52
198,3,16,5923224242911732479387722740265/5917264126202389190763224920671,8899864701616885845378662307257/8890909404612455287972346153904,0.001006735031010952,0.001006735031013167,144,61
199,3,9,495482823843868801272901372265/494984402045627741452329286122,4449809145380547392321607126197/4445332942030308645094620625284,0.001006437825068085,0.001006437825070626,81,44
199,3,11,8899999377817913564790221400040/8891861659380854783944991680239,808013230721884814789370284953/807274423460680048880722344276,0.000914768723464746,0.000914768723467094,99,52
199,3,16,9873325906434634822938700108480/9863993729394423872876291268519,4494242940809621508088358226757/4489995023625189355272485556300,0.000945637797616348,0.000945637797618360,144,61
200,3,9,198193132027611523491508408171/197993763303303072021955230726,2224904544732708196958324979763/2222666443057564525335292381770,0.001006437837731078,0.001006437837734557,81,44
200,3,11,9879841922339052302837000893390/9870808284430374485559734214741,897894053939046484458662110399/897073064106676912647710467608,0.000914768723464975,0.000914768723467101,99,52
200,3,16,1776815716741160993875689815362/1775140228408495914876234196377,4044622237188721037462135533823/4040808269704860949104510239904,0.000943417363733625,0.000943417363735703,144,61
201,3,9,9889768483898071181878306943135/9879820053767315858522543861907,370817386557704154429243049733/370444369649628642794911851414,0.001006437837747201,0.001006437837749302,81,44
201,3,11,259971685760368507832316745090/259712507824553691971584027623,56237555960879806790094328864/56181490110375118441204900563,0.000997444065076642,0.000997444065082231,99,52
201,3,16,348878618354821877223210420380/348529546646042427792422733159,1406409274080856600993053091327/1405002086415235850906271400416,0.001001054347936113,0.001001054347938245,144,61
202,3,9,4053541316859153000000000000000/4049549261093021066873052626969,988596904570294768888994983849/987623303053797423783010248450,0.000985316911048168,0.000985316911050340,81,44
202,3,11,285367364488570500000000000000/285086206136214896830413872869,1222702717358753948734710565069/1221498048835952263381407330940,0.000985736226749879,0.000985736226752606,99,52
202,3,16,225069785791347375000000000000/224845225534139436975181936829,4944618951446261840655401469894/4939685526465955081228394988085,0.000998234200693547,0.000998234200696522,144,61
203,3,9,2224700705939963831586677253430/2222462809312697402158385256021,329615488066590462482684300203/329283917448092864601836702464,0.001006437837732440,0.001006437837734565,81,44
203,3,11,1780001654365070535536652330592/1778210729478698827607969775597,2020034654115762945007159563787/2018002223233170497803805008452,0.001006643136726017,0.001006643136728253,99,52
203,3,16,1779718264245538676968918931413/1777941834926838412874837177133,1794723907853795624375876407469/1792932500622133648034463439728,0.000998650470712479,0.000998650470714537,144,61
204,3,9,999787641539095067915848459460/998781912295251573011013716067,1271373896332513760255696512445/1270094966833610252014064791704,0.001006449164412848,0.001006449164414942,81,44
204,3,11,188131376297482526974714813405/187942090426395321131053318161,374080828264980779876388475613/373704451836822382978994323734,0.001006643136620312,0.001006643136623292,99,52
204,3,16,9872217008299517682108575197255/9862262606207634858491792656374,399012986143605200310334446273/398610651419740490925676615024,0.001008833587769794,0.001008833587772427,144,61
205,3,9,247465343786088640314584226655/247216410592612030818834933303,4044592097018633741301405817363/4040523514276422699842030961720,0.001006437825068560,0.001006437825070859,81,44
205,3,11,418034883093114435339792305780/417614282879812892954549992359,3949908912529445888309290327877/3945934764441988170720609856644,0.001006643136726152,0.001006643136728313,99,52
205,3,16,788607767974684353058914524614/787814235553413633380118764757,4494193357204384111264858974119/4489671098762055956291477331312,0.001006751347695449,0.001006751347697681,144,61
206,3,9,3463410590132008068769481369495/3459926636152131418127970815601,399348746611606899826187451431/398947029108321562514276539392,0.001006437837732268,0.001006437837734851,81,44
206,3,11,2962619101910469839077654705265/2959638302277255412956936199059,2963256155264516732410510398343/2960274714668574660701438496096,0.001006643136726171,0.001006643136728048,99,52
206,3,16,4936985449937353822878695455390/4932014585832478709988133658931,1347818637475042816233759536705/1346461569816476664566839963104,0.001007369441123715,0.001007369441126013,144,61
207,3,9,1481492004670815846805517570095/1480000055504149452275448408846,2726176249264008470705603476537/2723430830206422265254142450464,0.001007565958353978,0.001007565958356382,81,44
207,3,11,9779760326940855282902457937690/9769920551720674230115976785461,199955438340520061093617382289/199754255847130066392125220896,0.001006643137774499,0.001006643137778094,99,52
207,3,16,282657746803751134009048306595/282374658628888141399688859132,4494917870696479459402514754943/4490416108015049261285970105528,0.001002024647887365,0.001002024647890326,144,61
208,3,9,4895297348903561159965143876725/4890422554741238116086918089613,450375640384716115136326814929/449927151072193076392805783400,0.000996307806387544,0.000996307806390131,81,44
208,3,11,8899909801899613316647156804505/8890955276541956595810224031816,449894844242302401430159671767/449442188554691045967752185884,0.001006643136725854,0.001006643136728653,99,52
208,3,16,3263533412923523535134487486325/3260250083674031866292824696962,253561785137260286919997648561/253306685305158272037740702016,0.001006572191864767,0.001006572191866725,144,61
209,3,9,198195359146987516273099416487/197995985939712600000000000000,2696391357226359756690613038839/2693678941581131896625592205200,0.001006449164409231,0.001006449164415338,81,44
209,3,11,1087854836135872765093867820525/1086760305523473338760971466123,403956169828878683629212412987/403549734724433272440323437590,0.001006643137774716,0.001006643137776995,99,52
209,3,16,752999108155562967095596041655/752240929516119997966124905473,3767601954163103501100573676831/3763808436624188352293317932108,0.001007385778462303,0.001007385778464259,144,61
210,3,9,9790583782604805514082371675900/9780735125494404548718024711177,20017683014946576048195987977/19997546596063158434327565640,0.001006437837732853,0.001006437837737039,81,44
210,3,11,4444538041597135550746896355265/4440066229018987632006483602502,2020032616988414530616333227529/2018000188155452683217464707138,0.001006643136724972,0.001006643136727197,99,53
210,3,16,8290483448835281716890646201280/8282127868964873384036151931911,1194753215437169893792108074443/1193549081084976083110718886456,0.001008360169459012,0.001008360169461472,144,61
211,3,9,144818113414453510682852634665/144672436305298213693122480417,8089184194013345146009883758583/8081047028426611069535968569168,0.001006437837731786,0.001006437837734572,81,44
211,3,11,296302168604624391300383378186/296006774130710505295105742811,449899941790634507679038353543/449451420076314012141372618828,0.000997433862942399,0.000997433862944609,99,53
211,3,16,3291323708618981335080027075475/3288036451899878167596424027362,4038084290692729826611123822013/4034051196141090026076079991940,0.000999263427578824,0.000999263427581046,144,61
212,3,9,278451263723642437500000000000/278173966931325873696457881307,36137989664939427826348102378/36102001504997620808994180485,0.000996350147225508,0.000996350147228284,81,44
212,3,11,450397224454124250000000000000/449949010995401364732847435747,1630306644478908574219470958956/1628684242429721304222067942025,0.000995646959140663,0.000995646959143168,99,53
212,3,16,180055800033178500000000000000/179876180561753992784982443173,990271624446379715651649863838/989283752543792405405741638265,0.000998074614199709,0.000998074614204816,144,61
213,3,9,3463372085304496442400576656665/3459927121384607575297938945414,8899621443326253232875931946551/8890769124251708559077723358384,0.000995179928343969,0.000995179928345865,81,44
213,3,11,493641165001694948418025814275/493149491104503943627486416621,8979950037938731736336869819121/8971005874962101868974785969584,0.000996511134020134,0.000996511134023465,99,53
213,3,16,1581907385329183278154428273509/1580325604971439842612754107921,472465932475920958732360763393/471993504482584876684775487930,0.001000419952938903,0.001000419952940573,144,61
214,3,9,988977974482380789568839597494/987983130336548036407612833339,663196297184783824586949543422/662529167106240500046633451761,0.001006437837732195,0.001006437837734955,81,44
214,3,11,8888974150451456051033126089885/8880030627853418491731963848901,4488975032825991686299949420419/4484458510562715493670850053952,0.001006643136726012,0.001006643136728394,99,53
214,3,16,4936985449937353822878695455390/4932014585832478709988133658931,64833509259671238832701973931/64768230848940499352422772976,0.001007369441123715,0.001007369441125928,144,61
215,3,9,4449401473937725656532101474625/4444925680620766374699934366533,2697870145849999205987571806153/2695156273155080584444219935984,0.001006437837732558,0.001006437837735134,81,44
215,3,11,246970885489272280767233552659/246722399032000237015264199910,4490969692668799732326772525537/4486451163505173708576420981096,0.001006643136725011,0.001006643136727206,99,53
215,3,16,9790422654355338081222139485115/9780555198249513248751361597977,1792129852089029831600614833079/1790323621318838573516170787688,0.001008376486475146,0.001008376486477847,144,61
216,3,9,4399858390569836480827172640185/4395432434203472787652001764284,3594179066551125928215529787185/3590563568435188929432418086576,0.001006437837732711,0.001006437837735356,81,44
216,3,11,348846974782053953074456290055/348495987058489075060708210458,124721383803073157732735819551/124595897048864222221526512228,0.001006643136620667,0.001006643136623066,99,53
216,3,16,1096913012032137435468789601000/1095808750433617577753174992389,8898285038925350254140618824689/8889327141304109412612785631120,0.001007206395973343,0.001007206395975577,144,61
217,3,9,4454381214169857177445177246165/4449895391553504972566833721997,2693345956557816178958073429493/2690633599526679219359528550552,0.001007565958354305,0.001007565958356824,81,44
217,3,11,36580052873387006171529948550/36543248341805088257634878789,4394738258718055873798164084697/4390316551521582773915530392624,0.001006643137774545,0.001006643137776851,99,53
217,3,16,494648107410609073743665277305/494150370352606188861651575964,494428785515711572109552311999/493931269149210800387854225540,0.001006751347693964,0.001006751347697567,144,61
218,3,9,4449401473937725656532101474625/4444925680620766374699934366533,1801601583488928900825385361287/1799789295617300631049258536720,0.001006437837732558,0.001006437837734967,81,44
218,3,11,989870233069507388159245800365/988874288357696345706101648667,1122492453967919919465771493763/1121363073180182809007873779122,0.001006643136724344,0.001006643136728315,99,53
218,3,16,5923233793072354013668640646455/5917264050372238178989145265276,4449063040303944667879920144673/4444579043464527941219197027128,0.001008360169458967,0.001008360169460987,144,61
219,3,9,990855742518993704575617221465/989869036709224031704068293532,505573950432880617944349740873/505070493942944496396821096700,0.000996307918936195,0.000996307918938862,81,44
219,3,11,8899909801899613316647156804505/8890955276541956595810224031816,8079030853691426858692834394731/8070902244721775262236772992976,0.001006643136725854,0.001006643136727810,99,53
219,3,16,9774516122237511253611477809090/9764753524675878355410384781731,2243879801478462725439203963605/2241638657752818881071502305812,0.000999279763310232,0.000999279763312343,144,61
220,3,9,198193132027611523491508408171/197993763303303072021955230726,1581951689534544947761459922005/1580360354420989124198829617214,0.001006437837731078,0.001006437837734405,81,44
220,3,11,611233680092360708640311728855/610624318934124032359344138837,1776008382494192633285511715948/1774237814935099241554276625359,0.000997433759474483,0.000997433759476416,99,53
220,3,16,2468480575560780174089941953040/2466008772253879203031825748241,887567838565436754891227397652/886679076004292796736373081691,0.001001847745295540,0.001001847745297605,144,61
221,3,9,4845588458124790218087894508625/4840714127821119855842049409728,178153135426347280295912300691/177973925566861766736775909522,0.001006437837732571,0.001006437837735628,81,44
221,3,11,1084941900529614165771989959030/1083850300728465777872626388283,88979111359353001795993690457/88889586214993477224130338607,0.001006643137774508,0.001006643137778456,99,53
221,3,16,988971990041347243693817425330/987976215372113832042861769881,552848194776993989050990395921/552291543796142285428006093504,0.001007385778462176,0.001007385778464058,144,61
222,3,9,247773060023300666055870026611/247548715253548568393992832640,17223383355736456762729740579/17207788536941640625000000000,0.000905854724305787,0.000905854724307118,81,44
222,3,11,247470705324340688945792484605/247246778164923155958030526464,6249371540629279659323659551/6243716713665387500000000000,0.000905272937317193,0.000905272937319528,99,53
222,3,16,31439976690543211457087563399/31411501966369580460791633664,20836977727260199123569947649/20818105983198875000000000000,0.000906095663309173,0.000906095663312384,144,61
223,3,9,2202363885029096844776479505855/2200148457714689321753338096791,1581951689310489755532698563686/1580360354197159303027307811127,0.001006437837732662,0.001006437837734413,81,44
223,3,11,59215555422233935217669906969/59155976482177393911851342028,159832621539259328348587594008/159671808082222788535723609655,0.001006643136725627,0.001006643136727836,99,53
223,3,16,8131814943923862826675261693135/8123619145861542903127501012452,1064863037009202680224200790826/1063789795368123028953036603467,0.001008376486475139,0.001008376486477075,144,61
224,3,9,8799520499529812652239258944645/8790767749463953306842650720448,1583722982004294789483058842826/1582147676686714667519871361609,0.000995179915683452,0.000995179915685145,81,44
224,3,11,9878956511632759246737075519940/9869116924919514753347664077289,355118141972706355303193785099/354764439054054883787725559114,0.000996511134021422,0.000996511134023921,99,53
224,3,16,9889719900567358963957525877900/9879763926131352033415982361819,14927270000581489627381600999/14912242727815463620997558013,0.001007206395973451,0.001007206395975207,144,61
225,3,9,5935922154793540134387107865175/5929951023425413944333521704314,1581969447967955035883951793641/1580378094990631057495914744587,0.001006437837732596,0.001006437837734232,81,44
225,3,11,4339773090219113751117873441745/4335406685497286990276732906796,879079396177111644828026800017/878194922185836405562973731048,0.001006643136725942,0.001006643136727681,99,53
225,3,16,788607767974684353058914524614/787814235553413633380118764757,888830415310162051371539941091/887936034376820741984710994522,0.001006751347695449,0.001006751347697268,144,61
226,3,9,2900070047141564384323934355905/2897152775186731949524827790593,790975844655244877766349281843/790180177098579740501616754867,0.001006437837732451,0.001006437837734301,81,44
226,3,11,8789777958379516220944807436900/8780934240705017678242902493239,221998803445144880767233552659/221775442314631069788464889129,0.001006643136726122,0.001006643136728006,99,53
226,3,16,7893724801952558269163964031640/7885814165050199064297389899767,790972435046161431714261456074/790179767973211278936578223443,0.001002644954534225,0.001002644954536258,144,61
227,3,9,1631763740648723897445778500490/1630120459047889906168086859803,532671297128891424558402705433/532134865953188221505334853893,0.001007565958354357,0.001007565958356395,81,44
227,3,11,976517775546001247489258854910/975535265229934043294217365949,177956214905656593225827261696/177777166637071885658332104147,0.001006643137774530,0.001006643137778112,99,53
227,3,16,1978592412705463597921143061760/1976617509009494873139273663657,1775117738016975343027108000732/1773345929655089629189303040259,0.000998634155548669,0.000998634155550324,144,61
228,3,9,330323740774755942290440001375/329991457702515699964775221773,395487916748711803925156828909/395090082975991287627611485223,0.001006437837730956,0.001006437837734174,81,44
228,3,11,329956369481848083018275723485/329624388288453634419508619139,790200789629133023205632303249/789405739660633130704536328898,0.001006643136620873,0.001006643136623051,99,53
228,3,16,9873980849305890286096575414020/9864030944780525892994279926993,1421954298419641317896441383916/1420521410334819241130714815721,0.001008197327266123,0.001008197327267895,144,61
229,3,9,8799507102000978649709808436835/8790655400190989051264404515351,178153137664904313594892046827/177973927803164334397135490101,0.001006437837746703,0.001006437837750408,81,44
229,3,11,4889875056986748174425087089745/4885000161616423017163210227912,73257388268069641807083569062/73184355297135031568158213931,0.000997433862931866,0.000997433862933721,99,53
229,3,16,988971990041347243693817425330/987976215372113832042861769881,591705299051021088567081392294/591109523685914463670204988067,0.001007385778462176,0.001007385778463753,144,61
230,3,9,9888771811138432554785225198980/9878924455788057725814560370657,75057984972890930060196758507/74983241348098060842990365706,0.000996307918936928,0.000996307918940815,81,44
230,3,11,8899909801899613316647156804505/8890955276541956595810224031816,8079030853691426858692834394731/8070902244721775262236772992976,0.001006643136725854,0.001006643136727810,99,53
230,3,16,14603847319317804346636691980/14589152512763297965856258121,4045318233137054905258384296319/4041247718868607413913411573236,0.001006735031010792,0.001006735031013253,144,61
231,3,9,3263490879336617195280102370690/3260208030901102481121083162943,100088415074732880240979939885/99987732980315892160493249808,0.001006437837732622,0.001006437837736039,81,44
231,3,11,651976471045545657198230485286/651320493628637225323632293469,299933328273889094746827557753/299631554362307364617391319032,0.001006643136725036,0.001006643136729196,99,53
231,3,16,658992919722408359254919205275/658328322666539252701303732062,8898123499585002128519661233303/8889149705628174238186139628144,0.001009012974010478,0.001009012974012768,144,61
232,3,9,126673312828697718750000000000/126547164694993174172954250017,4454829508654904719574878285068/4450393148572888425207848595835,0.000996350258667307,0.000996350258669521,81,44
232,3,11,1012277241422860500000000000000/1011269872129393018171458849473,4940023488795930425909489959656/4935107416629142175263993646065,0.000995647069385285,0.000995647069387487,99,53
232,3,16,444744693592427700000000000000/444304490252122206363990546887,989406595288469448815781108248/988427291669016991821868624565,0.000990279017805924,0.000990279017808355,144,61
233,3,9,658987357460857046831281301375/658324453830941039744472837291,6206274361938381448443112259161/6200031204529949577284494970112,0.001006449164412695,0.001006449164415409,81,44
233,3,11,1112501174399308513720653377000/1111381846204043460360115606761,37380149432006404274330636348/37342539893998319506580410899,0.001006643136725911,0.001006643136729378,99,53
233,3,16,1079479208676724601676939682430/1078392988397189782312933791591,4494193357204384111264858974119/4489671098762055956291477331312,0.001006751347695625,0.001006751347697681,144,61
234,3,9,4399858390569836480827172640185/4395432434203472787652001764284,2247497507665547551573987305965/2245236679016203081863146525208,0.001006437837732711,0.001006437837734744,81,44
234,3,11,1234579295262352320065757025990/1233337139795269658880954708939,2222444695224195560695169663339/2220208612180310020707731658096,0.001006643137774219,0.001006643137776669,99,53
234,3,16,790117558288192825985679441844/789320734393510432638338567517,8089186325670278581301521848463/8081028480188635888826004186888,0.001008996636306230,0.001008996636308696,144,61
235,3,9,494482392591741419483909228324/493990538422076173473518543877,1637679410693742046869318900865/1636050435711428565590295029328,0.000995179928203903,0.000995179928206153,81,44
235,3,11,3292948617695316072989750327510/3289668792163019690084816730579,4040029214718882590704246852003/4036005285861176453569128554736,0.000996511144275038,0.000996511144277253,99,53
235,3,16,3942975415862959294679972710375/3939039727123698874972041403878,58627747491851174781062271277/58569228089299424439375024228,0.000998650470711615,0.000998650470714464,144,61
236,3,9,4449401473937725656532101474625/4444925680620766374699934366533,8089073163388109551794405375737/8080936109490583231516928726496,0.001006437837732558,0.001006437837734705,81,44
236,3,11,740748487712364537636499177225/740007967474167254774904544434,56029371862486942007949247793/55973359755157626709284449592,0.001000191891566264,0.001000191891569159,99,53
236,3,16,2965468492316927125064471886475/2962478336636748313052665885863,4415598467925464746471996132433/4411146110102578914614292099924,0.001008833587769536,0.001008833587772024,144,61
237,3,9,790782381524025569581331472491/789986017378009328066691100497,4089218417598627570360639136909/4085100335292929922614353940772,0.001007565958354258,0.001007565958356339,81,44
237,3,11,989870290105511312678455893145/988874345335276433997652751181,374164151365492210820153648221/373787691102478158588484761330,0.001006643137773843,0.001006643137776772,99,53
237,3,16,198021755507299199667727825763/197826493861724311147720040649,899184071806860821899549570459/898297420938189420900338962632,0.000986548060895083,0.000986548060898717,144,61
238,3,9,9691175795837726920726182486875/9681427026699010261900033901724,300266933965605773363841977191/299964882585990221395873662912,0.001006449164413301,0.001006449164416281,81,44
238,3,11,494935674514814693217641243095/494442255030635966685042269097,4040110217641736402464116159809/4036082483933551291151768418612,0.000997433862938398,0.000997433862944739,99,53
238,3,16,3290834289878651469483760709965/3287676266135524603714946408514,247131186182124426319901573237/246894028645498434259486378544,0.000960103038165086,0.000960103038167194,144,61
239,3,9,198193132027611523491508408171/197993763303303072021955230726,92704357205891096272796194754/92611102968244444767843096309,0.001006437837731078,0.001006437837734541,81,44
239,3,11,543320011839345671132893509515/542773357667378556106186928529,56112010039387937958649580303/56055553690059442274713841616,0.001006643136726200,0.001006643136728580,99,53
239,3,16,4895211213523652009131093434755/4890274372985612806639452633408,8898123499585002128519661233303/8889149705628174238186139628144,0.001009012974010833,0.001009012974012768,144,61
240,3,9,2447645945651201378520592918975/2445183781373602374654418300998,100088415074732880240979939885/99987732980315892160493249808,0.001006437837732346,0.001006437837736039,81,43
240,3,11,9779649316303213256080161228940/9769809652786171170763936149699,336672527979211802853263894372/336333789412662983420301760809,0.001006643136621076,0.001006643136623300,99,53
240,3,16,3258233843521274612095686184195/3254955845987143872338556878109,2511990953939514191098496305285/2509463725831205914825500290544,0.001006572191864722,0.001006572191866658,144,61
241,3,9,9789596747088601570660361806510/9779848151434200386713753269777,2696125995987136997939258279153/2693441161989651159764523551016,0.000996307918936660,0.000996307918939011,81,43
241,3,11,8899909801899613316647156804505/8890955276541956595810224031816,449894844242302401430159671767/449442188554691045967752185884,0.001006643136725854,0.001006643136728653,99,53
241,3,16,4936905585459539882722197568855/4931934721192501897001778249057,8831197501787705518311375011279/8822305558578142312527460981896,0.001007385778462263,0.001007385778464330,144,61
242,3,9,1348190758399032000000000000000/1346848157149789474754045378543,4896767320292918987262366495328/4891890854644018805809156644875,0.000996350258665820,0.000996350258669205,81,43
242,3,11,450400008344800500000000000000/449951792525185277786970680387,2470011752546599023919429856506/2467553718972843329997060141565,0.000995646049041935,0.000995646049045948,99,53
242,3,16,225069785791347375000000000000/224845225534139436975181936829,4944618951446261840655401469894/4939685526465955081228394988085,0.000998234200693547,0.000998234200696522,144,61
243,3,9,4399858390569836480827172640185/4395432434203472787652001764284,129300743397858953300383285235/129170675700761010186208367787,0.001006437837732711,0.001006437837734768,81,43
243,3,11,8778732655419108188477631773260/8769900059877266938729339480521,1345690986819973551830671180549/1344337039197069663540614604120,0.001006642104943274,0.001006642104945935,99,53
243,3,16,181339571737785343426904153215/181158570239876704963333460727,4315066795878204050696738693483/4310759773720013280283734516144,0.000998634155548719,0.000998634155550872,144,61
244,3,9,2224700705939963831586677253430/2222462809312697402158385256021,444379030831115388843258378943/443932015944271517198450008244,0.001006437837732440,0.001006437837734827,81,43
244,3,11,2444909551361595364147053719420/2442449640796916000328984360753,897792683004471026843621464799/896889381815030240667065174586,0.001006642104943259,0.001006642104945785,99,53
244,3,16,9872217008299517682108575197255/9862262606207633868511862957811,399012986143605200310334446273/398610651419740490925676615024,0.001008833587769894,0.001008833587772427,144,61
245,3,9,1648292911871859794197535887030/1646634842029733108615036985339,2696357721129411803837807051873/2693645369830198610037570616368,0.001006437837746582,0.001006437837748705,81,43
245,3,11,823419520580537550326833098005/822591048878298011540331215262,1196389954202158263843933812951/1195186223664892931828906152128,0.001006642104942745,0.001006642104945821,99,53
245,3,16,1663263451202476030680938620591/1661600321311773657740861025720,4494198369741092647582685507263/4489704532256674193649377714556,0.001000419952938586,0.001000419952940543,144,61
246,3,9,3263490920759379141380701671655/3260208072282195893892487161138,224634294925856403755413218401/224408328201594582165357216624,0.001006437837732644,0.001006437837734983,81,43
246,3,11,986193323806990445646662739215/985201079583795414120221427792,4039571901693729790399332159695/4035507544547024365788234492276,0.001006642105991043,0.001006642105993945,99,53
246,3,16,4936985449937353822878695455390/4932014585832478709988133658931,1347818637475042816233759536705/1346461569816476664566839963104,0.001007369441123715,0.001007369441126013,144,61
247,3,9,8898813994450221521110433282140/8889952450744507507336259024103,2693326198969885130362850527805/2690644153043219904367604183088,0.000996307918936884,0.000996307918938994,81,43
247,3,11,1979834771283723057714368502715/1977880860854770263857852932584,2200112198775463178863679808769/2197940895274575657877026654654,0.000987393117298485,0.000987393117301600,99,53
247,3,16,1980348337365164323658418262985/1978352407160406588466070168616,599519767316960814947949565703/598915530380779592319754076976,0.001008376486474024,0.001008376486477274,144,61
248,3,9,198193132027611523491508408171/197993763303303072021955230726,8089083275532017417900816091791/8080946211462366984820682127408,0.001006437837731078,0.001006437837734646,81,43
248,3,11,989870234439542523214757445880/988874290746658493218751363613,197550410579531429221338211885/197351648076529318819494663992,0.001006642104939551,0.001006642104945461,99,53
248,3,16,2636511618741024986744683198855/2633859114654455167720316642946,2221320528649156552946088961829/2219085734105505746724641694540,0.001006572191864739,0.001006572191866633,144,61
249,3,9,1398643908231739769751740803580/1397393905455196295837590568493,900695690840358595823888878081/899890716745272585183821314200,0.000894124431151590,0.000894124431155735,81,43
249,3,11,4895900138847887333947419619525/4890974199371532480673051603353,4444889335131399447627946350649/4440417173685485300995433147160,0.001006642104943429,0.001006642104945675,99,53
249,3,16,752999108155562967095596041655/752240929516119997966124905473,2996611578530912265653237857501/2993594354652495343649331613704,0.001007385778462303,0.001007385778464077,144,61
250,3,9,1958101471523545588485872751862/1956351467616853112190832958901,900695700886121768466251116801/899890726773071804678032277952,0.000894124441135690,0.000894124441141175,81,43
250,3,11,814970683581712835564127716335/814150712555246781047567351664,1994984604371478380300595635401/1992977379318124212704280680760,0.001006642104943264,0.001006642104945684,99,53
250,3,16,9631916181762936480476033908930/9622224273737230099668136438911,1794815951449483623727234470265/1793009956588617721001195620296,0.001006735031011225,0.001006735031013305,144,61
251,3,9,198193132027611523491508408171/197993763303303072021955230726,1011135409457273973276766927937/1010118276448551654491465929629,0.001006437837731078,0.001006437837734794,81,43
251,3,11,3259882359029912288924556718250/3256602475301647839954375841053,449899991947674371132136220151/449447331544498631278797004764,0.001006642104943216,0.001006642104949004,99,53
251,3,16,9632812181301364852709753285230/9623174037742048853706892376589,2391820660132685056166065721615/2389427515695041561334503716368,0.001001054347936479,0.001001054347938612,144,61
252,3,9,122551198674160500000000000000/122430369687500935132338453931,36810839632777345703445861676/36774546095879705827462000195,0.000986433365296409,0.000986433365299606,81,43
252,3,11,1485104903987565000000000000000/1483627001012344397240545527869,197991958607493528891427857360/197794926799227880943116900993,0.000995646049964965,0.000995646049968651,99,53
252,3,16,90105438246373350000000000000/90016245721261497144202055927,990177070033283839519696329418/989196925050880327506786740935,0.000990358633533069,0.000990358633536747,144,61
253,3,9,232583776460938117899311994250/232349813102402365132472259573,3103132602981515133910251817801/3100011063995327729429197665900,0.001006437837731959,0.001006437837734965,81,43
253,3,11,2960779009796363616610966624915/2957800061547562413088365475482,8979939643152551874486547951967/8970904596840120298116964940040,0.001006643136620180,0.001006643136623029,99,53
253,3,16,9731052012048878984217984384665/9721261775114438604726031132779,316721033922144557551501738723/316402386569280185874415142616,0.001006588508513572,0.001006588508515577,144,61
254,3,9,988977974482380789568839597494/987983130336548036407612833339,444379030831115388843258378943/443932015944271567192877719048,0.001006437837732195,0.001006437837734714,81,43
254,3,11,365882752082912915111803841575/365514624039552598471813434261,4040064722783870559249885403483/4035999865632272840386666470528,0.001006643136726142,0.001006643136728186,99,53
254,3,16,102337288857881500296514807330/102234249308558894851429760151,1495678290351847391878792599275/1494172348395696429147744588972,0.001007369441123569,0.001007369441125956,144,61
255,3,9,2966267607924603315500837562035/2963283745792436017889695892307,112348378984039731088440576882/112235364206557755138168639473,0.001006437825068801,0.001006437825071012,81,43
255,3,11,789689367355324351452690260276/788894831947432433988519437535,4444884790647136055310726548401/4440412629192048684197676487344,0.001006643136725631,0.001006643136728316,99,53
255,3,16,1396360552477587559683261036200/1394953205017123558225278943461,8885120617303591904734367918683/8876165586373710211340929869288,0.001008376486475022,0.001008376486477035,144,61
256,3,9,2933169033995743905675401039395/2930218466725792935730302890409,2696361054232434987848560438153/2693648699580386429449537734432,0.001006437837732727,0.001006437837734552,81,43
256,3,11,9878924282894139651607038033470/9869075722479159809402135204727,4040110272204351890385713618819/4036082579617621666375959889824,0.000997423661007701,0.000997423661010127,99,53
256,3,16,5929348682687958321597668927300/5923378645540608190451132022831,1495678290351847391878792599275/1494172348395696429147744588972,0.001007369441123407,0.001007369441125956,144,61
257,3,9,130142314745061336635564121781/130011253816335548448583124586,1011135269659139465274974608780/1010116997256586495376011780701,0.001007565958354274,0.001007565958356795,81,43
257,3,11,8887868519148449057956694898685/8878926108957277648539535840899,899801004986214187457108050487/898895682224102192633580819600,0.001006643137773412,0.001006643137777008,99,53
257,3,16,9774642144939901165440428074885/9764854188181685472540306852009,1800150011111020364510606912263/1798347409010007067009953288936,0.001001863856677868,0.001001863856681603,144,61
258,3,9,2224703775615503847480075530015/2222490647941169311352577518496,4449860604985021705114071578179/4445433898940024658645475072644,0.000995291703599181,0.000995291703601359,81,43
258,3,11,25380775658603237541452239315/25355496030850330255927448901,1481628432520135207260192328421/1480152708698835686319972017160,0.000996511135055429,0.000996511135061480,99,53
258,3,16,5923224242911732479387722740265/5917264126202388200783295222108,1774928780665649335683079315709/1773142796841683217179782930686,0.001006735031011119,0.001006735031013302,144,61
259,3,9,9790583782604805514082371675900/9780735125494267931487726309483,900795735685235833949975638543/899889596835456923522441362296,0.001006437837746820,0.001006437837750821,81,43
259,3,11,987662798487299114515109420285/986669074756303334241374446866,4039567311214373703002683025941/4035502954526781885072718358844,0.001006643136725954,0.001006643136728204,99,53
259,3,16,1483150317432477061768206380255/1481656965212559182505959530728,2221314215501359795657162324603/2219077621896603968290958809218,0.001007385778462240,0.001007385778464355,144,61
260,3,9,198193132027611523491508408171/197993763303303072021955230726,734113130838392876888787134333/733374663279519763772706291714,0.001006437837731078,0.001006437837734610,81,44
260,3,11,1481492327102412113750059414255/1480001743388026165117587618087,2022544983886694973855202298909/2020510027269337763493673365636,0.001006643136726083,0.001006643136728252,99,53
260,3,16,3958943892593092754425099269505/3954985902503583720776676242109,4443357740589081337644743624879/4438915453358303882076523261224,0.001000259168830337,0.001000259168832378,144,61
261,3,9,396390713804185280586262091137/395991971879425200000000000000,8098208305632862741337796887299/8090062062407548929432418086576,0.001006437837731864,0.001006437837734525,81,44
261,3,11,1777793037300088860793077893534/1776004334584273342818334904301,449900043114019281292491754769/449447382195632146832279811084,0.001006643136725966,0.001006643136729655,99,53
261,3,16,8884587417934491657806704649065/8875643164695156676632875277264,224337812354182312510527275605/224111967966539953157091196256,0.001007222733272752,0.001007222733274866,144,61
262,3,9,168524464109623875000000000000/168356638355488997662980414137,117232355636599046357399470802/117115609331558209051361919115,0.000996350147220460,0.000996350147223775,81,44
262,3,11,4004871818241960000000000000000/4000886364180788890342128853157,494985517786703313849227989079/494492932223014668737241365965,0.000995646958000171,0.000995646958002991,99,53
262,3,16,55355650337973262500000000000/55300508081505788346775488217,247547796570223198679282401987/247301203060741626494975867610,0.000996641521257463,0.000996641521260550,144,61
263,3,9,8898015735150741259327644533695/8889154091316901983760767638487,168696078288964824252585020626/168528071779821380924488498923,0.000996408608392386,0.000996408608394943,81,44
263,3,11,102095046826150856837606991440/101992325258624313151667439099,2993278962147442362468441033299/2990267314505413954279526742048,0.001006643136725921,0.001006643136728366,99,53
263,3,16,1396360552477587559683261036200/1394953205017123558225278943461,8885120617303591904734367918683/8876165586373710211340929869288,0.001008376486475022,0.001008376486477035,144,61
264,3,9,3263490879336617195280102370690/3260208030901102481121083162943,187288935632912321331004836242/187100535783773473436660238009,0.001006437837732622,0.001006437837734756,81,44
264,3,11,8889076084325693110752652900600/8880132459168248219488902663423,1197060686899742060162014700435/1195856280280560788142982042992,0.001006643136726176,0.001006643136728341,99,53
264,3,16,3950593663379193291706880675990/3946640946886368510233504907321,370821692467804028110953450463/370450671516369459770759216460,0.001001038216026664,0.001001038216029150,144,61
265,3,9,4944889872425670660287060292190/4939915651696492983221436603891,1011135409457273973276766927937/1010118276448551654491465929629,0.001006437837732208,0.001006437837734794,81,44
265,3,11,8898902640536112397049692766480/8889949128521338528584157654347,3498997663472982625289881245521/3495477193715627142358287867984,0.001006643136621113,0.001006643136623917,99,53
265,3,16,87976518327872900509438394539/87887863900532798635309272549,7445723515318496732411801651155/7438220418277025330265453998808,0.001008213644246518,0.001008213644248851,144,61
266,3,9,3263490919549836972936374998120/3260208034146535865013147671709,3999410764219897042631867687003/3995387585500127895714210735456,0.001006449164413021,0.001006449164415317,81,44
266,3,11,2958680509408649953479956014915/2955730892547350616946877797686,674181586092267237413132209477/673509469800022553226043826124,0.000997433862942082,0.000997433862944629,99,53
266,3,16,2631548972209549185124727894060/2629065450901958588387320707447,8976289122850540684978389611957/8967817760343072729334383830112,0.000944194458040988,0.000944194458043056,144,61
267,3,9,987650232682071894103509166435/986655611086436274613164785466,4044541078636692710798843913565/4040467989026480966458866293604,0.001007565958353439,0.001007565958356728,81,44
267,3,11,2962988020583478216331942368895/2960006849764565685111528791301,2222444695224195560695169663339/2220208612180310020707731658096,0.001006643137774635,0.001006643137776669,99,53
267,3,16,2443670972409413494332071636615/2441212041338387780991869019753,600001501909606740634810080349/599397753552168774636086202456,0.001006751347695538,0.001006751347697857,144,61
268,3,9,2224700705939963831586677253430/2222462809312697402158385256021,1801591471357804786179006001819/1799779193658285554571699899016,0.001006437837732440,0.001006437837736460,81,44
268,3,11,736697583041255051415426820/735956364609259197450140313,899801005038320111129640921635/898895682277096385995888481208,0.001006643136726041,0.001006643136730507,99,53
268,3,16,4293369455443559076993530320805/4289077190340616578238007314209,246805009684339510736617811445/246558268158529628556340747732,0.001000242853339129,0.001000242853341219,144,61
269,3,9,1631745854711585991126378763585/1630122781747820012089461268254,900785708057639603567945044073/899889710114896700448588718752,0.000995179928204022,0.000995179928207899,81,44
269,3,11,4890384739197093885287921096740/4885513843708705693104069087141,4489975070177060191015438984697/4485502988637737302027224627048,0.000996511134022205,0.000996511134024431,99,53
269,3,16,9774689796230911446512929026380/9764849462993043154004384009217,598520923199491553493062820317/597918382816429350669952083108,0.001007222733272917,0.001007222733275588,144,61
270,3,9,161523276751460042400090245071/161360795391472093611459637152,112600730977043869827053162431/112487462349309000000000000000,0.001006437837732887,0.001006437837737855,81,44
270,3,11,592597604793339449712699243802/592001370628876316921471087571,374164151365492210820153648221/373787691102478158588484761330,0.001006643137774349,0.001006643137776772,99,53
270,3,16,987249779665120598989934895155/986262625051936090018910878644,2243868629509722598458690353893/2241624977179147647227444557338,0.001000403841551101,0.001000403841553239,144,61
271,3,9,494377940863212582028841210375/493880624901322904871464855139,2022268259802597202730333854337/2020233973476898956105639032706,0.001006449164413180,0.001006449164415381,81,44
271,3,11,109985456506671042834876781850/109874796108848694051483308751,4444935199342950301704825904495/4440462987169827500019642982836,0.001006643136724623,0.001006643136728208,99,53
271,3,16,921052940868721428329442282010/920124055209283746934644871641,1347454906160428804577323310635/1346095992374329125577741371648,0.001009012974010771,0.001009012974013022,144,61
272,3,9,449398622593044000000000000000/448951087147230825130467085937,1101418026774200301700902625201/1100321175153257545690216889485,0.000996350258665856,0.000996350258669018,81,44
272,3,11,249047403574350000000000000000/248799563660327767367454506537,4451294723404073583099257982016/4446865010483139033545603863425,0.000995647059468040,0.000995647059470223,99,53
272,3,16,55355650337973262500000000000/55300508081505788346775488217,247547796570223198679282401987/247301203060741626494975867610,0.000996641521257463,0.000996641521260550,144,61
273,3,9,108373418007948965718188220385/108264401767697938296511314726,2024557104299762744182790441513/2022520538435719637038929700320,0.001006437837732679,0.001006437837734487,81,44
273,3,11,190036498638285838848604433779/189845295953785493555842536474,493876655220804112640908257017/493379747821608701740736808376,0.001006643136724265,0.001006643136727291,99,53
273,3,16,109693197450920745029829590081/109582659005117814230207240250,1346066564458335700066914590755/1344710125686920845714926320466,0.001008213644246520,0.001008213644249091,144,61
274,3,9,989299340331932903408314614275/988314184405777713846935378319,4044541597564171455317853943627/4040513995441143898154023945632,0.000996307918936873,0.000996307918939159,81,44
274,3,11,8899909801899613316647156804505/8890955276541956595810224031816,162916529393438834168400083063/162752613103711181959875637024,0.001006643136725854,0.001006643136728046,99,53
274,3,16,9873970899874707645757390910780/9864029171664956429996337619299,1495678290351847391878792599275/1494172348395696429147744588972,0.001007369441123816,0.001007369441125956,144,61
275,3,9,4944889872425898127518515631995/4939915651696648410070399278282,123605809593872379579737094686/123481470610355795942790251177,0.001006437837746745,0.001006437837748959,81,44
275,3,11,62675211883719748746430954865/62612722295976346502725493586,1496671737442709658038046256409/1495179498373239645968262330360,0.000997535689839169,0.000997535689841318,99,53
275,3,16,3958937555905070966113551300565/3954953895799281668338790154591,2516808240777244684679606067629/2514275715714359312791299471384,0.001006751347695243,0.001006751347697423,144,61
276,3,9,9790472762139352743315462254810/9780624216707941982503107433827,3594239626692325319419388329307/3590624067657034430377961808192,0.001006437837732708,0.001006437837734588,81,44
276,3,11,9779760215372124316030052306155/9769920440265221295861183743937,673847625784121666728463921293/673169642996401766913572341305,0.001006643137669622,0.001006643137671728,99,53
276,3,16,988224355017506951368762489610/987241866228568118613048774633,4044592331886803893637698402013/4040571214008317931538543433460,0.000994690629866681,0.000994690629869036,144,61
277,3,9,740737646560650018565353071630/739991680392071551348302363693,4449808987352396733178123277195/4445327769236071857977379837912,0.001007565958353370,0.001007565958356451,81,44
277,3,11,3460135026262475521878952541780/3456653657628046256604166133097,899799472589709831842649600085/898894151370339855816174241716,0.001006643136725833,0.001006643136729337,99,53
277,3,16,8884756681276640201824568322235/8875817886898925929844003113209,26470650196546624990021619117/26444018550049148278452630366,0.001006588508513540,0.001006588508515761,144,61
278,3,9,198193132027611523491508408171/197993763303303072021955230726,734113130838392876888787134333/733374663279519763772706291714,0.001006437837731078,0.001006437837734610,81,44
278,3,11,989882581364574623920057734005/988886624228692071195623980977,209275912454186003029915601267/209065352290483859243100866040,0.001006643136723720,0.001006643136728295,99,53
278,3,16,5923224242911732479387722740265/5917264126202389190763224920671,1794815951449483623727234470265/1793009956588617721001195620296,0.001006735031010952,0.001006735031013305,144,61
279,3,9,161523276751460042400090245071/161360795391472093611459637152,112600730977043869827053162431/112487462349309000000000000000,0.001006437837732887,0.001006437837737855,81,44
279,3,11,219529650996254310381400229039/219308774170493175096970107360,987741984655704948047993251587/986748181252601377497328977736,0.001006643136726116,0.001006643136728243,99,53
279,3,16,4895211213523652009131093434755/4890274372985612806639452633408,4377625356863376336274232633767/4373210503779519688507204014060,0.001009012974010833,0.001009012974012847,144,61
280,3,9,8810467731981175291119209442040/8801704092868626572775528697647,75065474738970064621123283773/74990808245607943438140421122,0.000995179915683501,0.000995179915687558,81,44
280,3,11,9780757263364793594295766205230/9771015484554376141445359158009,8080149059412302946904846414073/8072101111510866156082351672320,0.000996511134021274,0.000996511134023328,99,53
280,3,16,4815958090881468240238016954465/4811112136868615544824033068737,1794815951449483623727234470265/1793009956588617721001195620296,0.001006735031011122,0.001006735031013305,144,60
281,3,9,2224700705939963831586677253430/2222462809312697402158385256021,1801601583488928900825385361287/1799789295617300631049258536720,0.001006437837732440,0.001006437837734967,81,44
281,3,11,2469711341369567549969486066740/2467231027848354311946861972219,224949582192017476360414361231/224723666927767998600611958780,0.001004797522190613,0.001004797522196575,99,53
281,3,16,1578724511951912678520039867139/1577132618971321185330545723349,7894347538231902007606725735607/7886387342303261363654197329024,0.001008849925434963,0.001008849925436868,144,60
282,3,9,8987938385910390000000000000/8978987710918710758398894111,4896273784349197965687431619272/4891397810190005351053077223215,0.000996350258680454,0.000996350258683307,81,44
282,3,11,4049103413258055000000000000000/4045073941646653295178970592893,197994198083900293327953993530/197797163847187223378299590171,0.000995647060249388,0.000995647060252217,99,53
282,3,16,42816846651178050000000000000/42774194861798846938408554139,1384289417189631472063835173176/1382910464154087586966289749865,0.000996641521255890,0.000996641521259726,144,60
283,3,9,1976956537769582692429731353695/1974967854842179325852490600801,1022430615597526310545996228177/1021402120397529655804736727855,0.001006437825068470,0.001006437825070801,81,44
283,3,11,114021899642810950920389675906/113907178031647920987796856235,5298606812706143104628804068663/5293275690243012980811538039200,0.001006643136725682,0.001006643136728172,99,53
283,3,16,1977659316490747259047820330773/1975681815980828259521146674978,3523253830416524404782468547045/3519730859504323685867092920492,0.001000419952938813,0.001000419952941244,144,60
284,3,9,5935855532563886515818658221605/5929884468213163770180175431912,561866805483875942697195266660/561301605937882609551907130799,0.001006437837732466,0.001006437837734832,81,44
284,3,11,8900008378920050448819845646020/8891135634896481769291830793131,1795583227967477701982490272689/1793793145343224990475623820328,0.000997433863981265,0.000997433863983755,99,53
284,3,16,3950524121430288512233525246835/3946572122003344576593052942059,8975519128198504032749047135151/8966540257202924908773380616888,0.001000874152987383,0.001000874152989679,144,60
285,3,9,4944396006235162402175212721215/4939472263122306501850136932659,4494536841738666145679435275979/4490061078714804504800595646452,0.000996319130520514,0.000996319130522706,81,44
285,3,11,8899909801899613316647156804505/8890955276541956595810224031816,3589116537188410823118843666527/3585505395529756411160182241976,0.001006643136725854,0.001006643136727977,99,53
285,3,16,3958904681826685317556607755195/3955082039072419545466312431294,4488343734758382987399304563677/4484009875765736125080200583252,0.000966047375707702,0.000966047375709846,144,60
286,3,9,263594205028546069703209490777/263329047304899782617174488174,4450262209435813778833647230521/4445785550334152919111777863172,0.001006437825068269,0.001006437825070832,81,44
286,3,11,3259879026480234411529011442640/3256599142741449648372315730011,1349699464423616006964450505471/1348341482336040548874493348284,0.001006643137774422,0.001006643137777507,99,53
286,3,16,1482337170671989580399417231825/1480844661385151800117800581067,74911959470853024899230249413/74836533449420225321117006350,0.001007369441123574,0.001007369441126076,144,60
287,3,9,349659729092338016582630568485/349307601278086191916233938556,42751523299429879642910009263/42708470013040601784911561320,0.001007565958354321,0.001007565958357372,81,44
287,3,11,6920270052193086242944192801100/6913307314924561104491369598813,1481646749947173742480586212619/1480156010862301872219930329112,0.001006643136725906,0.001006643136728465,99,53
287,3,16,1980348337365164323658418262985/1978352407160406588466070168616,8254952713980405548960156277091/8246632809269776324713822303480,0.001008376486474024,0.001008376486477139,144,60
288,3,9,396390713804185280586262091137/395991971879425200000000000000,229713820820052528565478082629/229482744440439682467697241454,0.001006437837731864,0.001006437837734536,81,44
288,3,11,120736397412740958237867024310/120614920099355011242521193813,224949740346585233275319403139/224723410170351544478952744246,0.001006643136621064,0.001006643136623896,99,53
288,3,16,4815958090881468240238016954465/4811112136868615544824033068737,1794815951449483623727234470265/1793009956588617721001195620296,0.001006735031011122,0.001006735031013305,144,60
289,3,9,2999366264634613391025611521790/2996349107481862231784703641271,900795735685235833949975638543/899889596835456923522441362296,0.001006437837746662,0.001006437837750821,81,44
289,3,11,305959169145305221349388221150/305651332414428247452756019959,1010018602475310593798516607049/1009002385750771239007183319322,0.001006643136724933,0.001006643136727186,99,53
289,3,16,658430825559266339716520471435/657771079350295807227767522358,8974169755781201417644752374063/8965177657833751967368214118216,0.001002500090242556,0.001002500090244974,144,60
290,3,9,198195359146987516273099416487/197995985939712600000000000000,2696391357226359756690613038839/2693678941581131896625592205200,0.001006449164409231,0.001006449164415338,81,44
290,3,11,1097648254981271551907001145195/1096543870852465655489310603786,148162977799813657199305999745/148013905598936468372136418296,0.001006643136726317,0.001006643136728345,99,52
290,3,16,4815958090881468240238016954465/4811112136868615544824033068737,1794815951449483623727234470265/1793009956588617721001195620296,0.001006735031011122,0.001006735031013305,144,60
291,3,9,979047276213935274331546225481/978062421670794297248303713239,428059247963383785379672686979/427628649660999848198842214790,0.001006437837732606,0.001006437837735210,81,44
291,3,11,1955927395631910725141650822568/1953959465411068769830142862183,224949995945667083456357662915/224723665512241970591485803276,0.001006643136726105,0.001006643136729903,99,52
291,3,16,1483150317432477061768206380255/1481656965212559182505959530728,2221314215501359795657162324603/2219077621896603968290958809218,0.001007385778462240,0.001007385778464355,144,60
292,3,9,4057978548999177000000000000000/4053982123270263538156789962829,1481695989864035828960059843924/1480236768750657485018143064795,0.000985316919965466,0.000985316919968045,81,44
292,3,11,150114495894926250000000000000/149966595502521643454777599237,222473803115430952628296735576/222254610674458005156555163393,0.000985736246771075,0.000985736246774522,99,52
292,3,16,225267162669121500000000000000/225044210138265932209799343049,49509637477387634579211331859/49460636554010341892289883320,0.000990215049125536,0.000990215049129531,144,60
293,3,9,1317971025154509195153582658570/1316645236519592242560976463121,2936452523353148978498452704871/2933498653117657002132090559488,0.001006437837732020,0.001006437837734592,81,44
293,3,11,316838485624952339409038259970/316522614515947308688458242061,988616757010710142561625546605/987631158715090603070009903649,0.000997444065077464,0.000997444065079699,99,52
293,3,16,3164675108598555784391411667835/3161491185719988209326103494074,316721033922144557551501738723/316402386569280185874415142616,0.001006588508513175,0.001006588508515577,144,60
294,3,9,2447645945651201378520592918975/2445183781373602374654418300998,187288935632912321331004836242/187100535783773473436660238009,0.001006437837732346,0.001006437837734756,81,44
294,3,11,8900009396317285923747298265620/8891054679200855970551738095629,4039566744570059287228234275739/4035502346898118985429875418196,0.001006653433949654,0.001006653433951773,99,52
294,3,16,9873970899874707645757390910780/9864029171664956429996337619299,1495678290351847391878792599275/1494172348395696429147744588972,0.001007369441123816,0.001007369441125956,144,60
295,3,9,4449401473937725656532101474625/4444925680620766374699934366533,2247517681188816536604400778177/2245256832246287522286195528192,0.001006437837732558,0.001006437837735204,81,44
295,3,11,1974217184041465667419726867235/1972230831485835599896303243842,1496656588181672151872138655485/1495150731752666852364297063264,0.001006653433950805,0.001006653433952953,99,52
295,3,16,3958950116396050487191447141445/3954985137634640797508934109644,4494917870696479459402514754943/4490416108015050161185668900000,0.001002024647887903,0.001002024647890126,144,60
296,3,9,3263198915649948853157534841820/3259949383765193805665833693797,4494536903251848656327757924187/4490061190507427299679419981092,0.000996307918936878,0.000996307918939017,81,44
296,3,11,4345184578163978445952787576255/4340812684038416473103401737798,380469894493594303565959582859/380087085877119923300210858640,0.001006653436048194,0.001006653436050034,99,52
296,3,16,5929348682687958321597668927300/5923378645540608190451132022831,1495678290351847391878792599275/1494172348395696429147744588972,0.001007369441123407,0.001007369441125956,144,60
297,3,9,1481492004670815846805517570095/1480000055504149452275448408846,1779943598445250778906165303251/1778151091054021083825253623144,0.001007565958353978,0.001007565958356470,81,44
297,3,11,659913488002717067147670257555/659249518073783624360472967263,1496656588181672151872138655485/1495150731752667002347580195676,0.001006653433949456,0.001006653433952853,99,52
297,3,16,1980188387158737176689342034690/1978192940296033725237776335239,2211400985353849970279561389051/2209172544268631794216637683650,0.001008213644245649,0.001008213644248573,144,60
298,3,9,593253521583063343705936520434/592656749149126481352005405967,8089083275532017417900816091791/8080946211462367884720380921880,0.001006437837732576,0.001006437837734535,81,44
298,3,11,362209192279898827468070722420/361844756613664282548626031153,74983331992095651698970322831/74907887742933717935738289150,0.001006653433950748,0.001006653433953772,99,52
298,3,16,5923224242911732479387722740265/5917264126202389190763224920671,1794815951449483623727234470265/1793009956588617721001195620296,0.001006735031010952,0.001006735031013305,144,60
299,3,9,198193132027611523491508408171/197993763303303072021955230726,2224904544732708196958324979763/2222666443057564525335292381770,0.001006437837731078,0.001006437837734557,81,44
299,3,11,296332055687182172289738722698/296061104338683423888185298747,1122606946666053189990540721243/1121580490499073283011204165696,0.000914768723465002,0.000914768723467144,99,52
299,3,16,1483150317432477061768206380255/1481656965212559182505959530728,2221314215501359795657162324603/2219077621896603968290958809218,0.001007385778462240,0.001007385778464355,144,60
300,3,9,74157523699854723779954421047/74082926307166695089720186346,100088415074732880240979939885/99987732980315892160493249808,0.001006437837732458,0.001006437837736039,81,44
300,3,11,1629944720707162006055502531650/1628454380018273064566029626687,1100069682691793139375407766014/1099063833482366445448930295313,0.000914768723379396,0.000914768723381510,99,52
300,3,16,48875060882559382194205371295/48826198393456708938348929331,2691488953578428463214397162405/2688798156937162184783307849408,0.001000242853338946,0.001000242853341110,144,61
301,3,9,198193132027611523491508408171/197993763303303072021955230726,8089184194013345146009883758583/8081047028426611069535968569168,0.001006437837731078,0.001006437837734572,81,44
301,3,11,9878822957091763809699283900610/9868883409717717690265365095571,299933327587378267395326492821/299631550591113295140843279480,0.001006653433950798,0.001006653433955719,99,52
301,3,16,155383719762615304867611844895/155228275035309510801013509189,3587731132072323654413175048151/3584141992307072439552855761136,0.001000893351744537,0.001000893351746627,144,61
302,3,9,2873601122088025260597388768030/2870710476059975844086358444711,4450262265857035697380985001277/4445785606642317812099660852844,0.001006437837731543,0.001006437837734767,81,44
302,3,11,4895347224404576270299891676555/4890466823737070593092320083404,1122502654913698813703586107753/1121383579502863794756268211535,0.000997444065076259,0.000997444065078612,99,52
302,3,16,376241860893349668678688409735/375863275631354032415044879668,1794815951449483623727234470265/1793009956588617721001195620296,0.001006735031009504,0.001006735031013305,144,61
303,3,9,1485238450964781000000000000000/1483775741123728685009069589019,85966011568518364329790432556/85881349519110791201585658715,0.000985316919864665,0.000985316919867165,81,44
303,3,11,326623658731700625000000000000/326301852592858934990091434299,2224984287212370372420390991808/2222792120223507154510029488655,0.000985736226622428,0.000985736226625345,99,52
303,3,16,539917867833466500000000000000/539379163644204259290542053313,2223464102652467871777224094094/2221245636663220448131746794385,0.000998250191163308,0.000998250191165342,144,61
304,3,9,2447618189662417289220795220730/2445156025609941250462066271661,561867438129107920165981424729/561302231589025755888387654567,0.001006449164413090,0.001006449164415254,81,44
304,3,11,4938315944765807400741095864795/4933347324146518517983370956032,718254532835233338474600001991/717531870631828937482308639600,0.001006643136725939,0.001006643136728395,99,52
304,3,16,51168644428940750148257403665/51117124654279441314727659714,3591124750136297163894591528527/3587508982316513761627612019184,0.001007369441123689,0.001007369441126044,144,61
305,3,9,9790583782604805514082371675900/9780735125494267931487726309483,123605809593872379579737094686/123481470610355795942790251177,0.001006437837746820,0.001006437837748959,81,44
305,3,11,2102033392513445118876306530/2099918459695599435812765373,4491072648467326270982040782021/4486554015716093351151182732496,0.001006643136725915,0.001006643136728441,99,52
305,3,16,87976518327872900509438394539/87887863900532798635309272549,2221320074094177375595607733503/2219081637488009456346220164906,0.001008213644246518,0.001008213644248678,144,61
306,3,9,8997201938864061921920885536360/8988141229867523850788914633431,785944917199355737970040396647/785153424663069620030943546312,0.001007565958354172,0.001007565958356767,81,44
306,3,11,9779648304365379243793805297005/9769808641855215041636012098533,1349699464423616006964450505471/1348341482336040548874493348284,0.001006643137774615,0.001006643137777507,99,52
306,3,16,1482337170671989580399417231825/1480844661385151800117800581067,3587684483991735162894203549237/3584072180045942284719277006776,0.001007369441123574,0.001007369441125910,144,61
307,3,9,4449007411756895883451548086855/4444577037815391922689476119116,8178618571939382692143244985791/8170474207310330906340418708224,0.000996307919062637,0.000996307919064881,81,44
307,3,11,494307350465886487205850623365/493810009728424480522970218206,449894844242302401430159671767/449442188554691045967752185884,0.001006643136725673,0.001006643136728653,99,52
307,3,16,977484351697670709128253232939/976500763206843404787149780370,600001501909606740634810080349/599397753552168774636086202456,0.001006751347695470,0.001006751347697857,144,61
308,3,9,7332306584714842774260190464/7324930786286841334789261621,200176828890715740665356184199/199975464705680458943661593120,0.001006437825068357,0.001006437825072095,81,44
308,3,11,493837560240328371561359985965/493340692175508625213034520126,8080129343101505146323387584365/8071999628892939536284980578952,0.001006643137774620,0.001006643137776899,99,52
308,3,16,493704057729499121995852247099/493213580013004395676376826420,8886798473004431432290237330541/8877969749493340527452439966408,0.000993958843409562,0.000993958843411702,144,61
309,3,9,198195359146987516273099416487/197995985939712600000000000000,2696391357226359756690613038839/2693678941581132796525290999672,0.001006449164409231,0.001006449164415004,81,44
309,3,11,9878823071162921129089653685160/9868883625296214451951261697307,48886759413156389853114073863/48837572653226928058950557338,0.001006643136726090,0.001006643136728450,99,52
309,3,16,8884587417934491657806704649065/8875643164695156676632875277264,598520923199491553493062820317/597918382816429350669952083108,0.001007222733272752,0.001007222733275588,144,61
310,3,9,198193132027611523491508408171/197993763303303072021955230726,1011135409455691736809139980849/1010118276446971205645458138179,0.001006437837731078,0.001006437837734600,81,44
310,3,11,1757955591698786447673368671763/1756186848163865538157081293432,4040069829736530770157133853929/4036004967446645065832247752232,0.001006643136725084,0.001006643136727142,99,53
310,3,16,1979468745767400769130652951515/1977476948012758415886577132083,1794815951449483623727234470265/1793009956588617721001195620296,0.001006735031011264,0.001006735031013305,144,61
311,3,9,9790472638013599850219505972335/9780624092830913876341534862403,8098127385781720690399045612607/8089981224058689326245772079624,0.001006437825068610,0.001006437825070560,81,44
311,3,11,8779850459552510539452378320665/8771097505364710732380824063379,299933631792548643557866530445/299634616980101881209017705304,0.000997433862942363,0.000997433862947351,99,53
311,3,16,8303791199579987757821484408395/8295416792179497207676540858689,1347454906160428804577323310635/1346095992374329350552666070266,0.001009012974010762,0.001009012974012855,144,61
312,3,9,2873601134538552962981326418090/2870710488497935183829649192261,2044835999023175595437749690433/2042779033979120681668221878502,0.001006437837746864,0.001006437837749131,81,44
312,3,11,362208776546426514468471217600/361844345024511385013327012481,190049336606450536926296450231/189858121005219006070025247968,0.001006643136621165,0.001006643136624258,99,53
312,3,16,9774845123618172908509597585400/9765009396425800559795637733407,8899864701616885845378662307257/8890909404612454388072647359432,0.001006735031011066,0.001006735031013268,144,61
313,3,9,1113804803421033750000000000000/1112695616378197735494790015357,3458848514696491820643253018512/3455404006337522912468150190385,0.000996350258667194,0.000996350258669671,81,44
313,3,11,225198572573181000000000000000/224974465883555919087424897379,1112488295866445512485794942437/1111381201507963135982483177090,0.000995646957919441,0.000995646957922543,99,53
313,3,16,4492766228381145000000000000000/4488284277688283471874958838911,485827491961228796791273153432/485342834012534262034664007151,0.000998090604635516,0.000998090604637571,144,61
314,3,9,4449407612181317187760990982425/4444981853667244212350019681189,1483438092922739427469224182719/1481962539468861010189115630772,0.000995179915683417,0.000995179915685553,81,44
314,3,11,4890383670519299605281665581715/4885512284073895220158659341073,986649059154849287094843860545/985666242840840378283791806952,0.000996611844322720,0.000996611844325047,99,53
314,3,16,1975296831689596645853440337995/1973320473443184750106717302942,4494270007589132787252950317363/4489773322610639837193339562560,0.001001038216026413,0.001001038216028995,144,61
315,3,9,5935922154793540134387107865175/5929951023425413944333521704314,489413686727515265927237438843/488921370059504860182597101296,0.001006437837732596,0.001006437837735406,81,44
315,3,11,8789777969786602283244958936250/8780934252100637049805873243719,897289656783176307684790616741/896386860781454077529767875684,0.001006643136724938,0.001006643136727786,99,53
315,3,16,3958937555905070966113551300565/3954953895799281668338790154591,1112482905226839018942275242882/1111363475151129856925963642649,0.001006751347695243,0.001006751347697499,144,61
316,3,9,889880173014450209586381040639/888984011591792239391740385568,3594142708391801851468115448853/3590523196304139407094063781392,0.001007565958354245,0.001007565958356994,81,44
316,3,11,9779537294627696483405117787185/9769697743808496283839751804281,561251953743203375636859494437/560687257586844610408600748280,0.001006643137774692,0.001006643137776847,99,53
316,3,16,2224729078344374215230080988875/2222485466276493833545624986954,5389819683287552620360188920461/5384384116052485126214219541264,0.001008996636306250,0.001008996636308539,144,61
317,3,9,2972896967976264636394645585165/2969906437124145625974193683558,4450262265857035697380985001277/4445785606642317812099660852844,0.001006437837732399,0.001006437837734767,81,44
317,3,11,2962988398883330870661379198210/2960007227686901178275676074037,899799983730607360052546273327/898894661996959979073514292808,0.001006643136725928,0.001006643136729136,99,53
317,3,16,330025532897459489411244725185/329696170939485207663581867787,837316502341322826516033637849/836480869412455042700768262184,0.000998487645389212,0.000998487645392618,144,61
318,3,9,8898026871404200441891623675890/8889165216479629314027078394203,8088367715448235835155358687321/8080312410082970454919481432136,0.000996408608392319,0.000996408608394460,81,44
318,3,11,8899909801899613316647156804505/8890955276541956595810224031816,449894844242302401430159671767/449442188554691045967752185884,0.001006643136725854,0.001006643136728653,99,53
318,3,16,1697751724880874956001201958186/1696043398805614583085778153461,1346064589842596967316733309485/1344710141365756085875243996488,0.001006735031011111,0.001006735031013790,144,61
319,3,9,1398638948287099049680893031930/1397232013243287207054905702847,900795735685235833949975638543/899889596835456923522441362296,0.001006437837746825,0.001006437837750821,81,44
319,3,11,2966670173349170176901476605205/2963685297784543941250056172032,4040070335230570185085331547107/4036005472432083295100205258072,0.001006643136726183,0.001006643136728409,99,53
319,3,16,790117538954666915813140879651/789320702183793704486700507216,1658598112237252765015478227871/1656925409254753103810709970116,0.001009012974010665,0.001009012974013131,144,61
320,3,9,2966267649338078664630281903135/2963283787126726479518050827072,75066311306047412685752530273/74990799735234519387839818764,0.001006437837732377,0.001006437837738099,81,44
320,3,11,2929925986084123976146966992980/2926978080189598153318840275771,897792160721356413845607015105/896888859131068732043242059272,0.001006643137774626,0.001006643137776694,99,53
320,3,16,987249779665120598989934895155/986262625051936090018910878644,2243868629509722598458690353893/2241624977179147872202369255956,0.001000403841551101,0.001000403841553139,144,61
321,3,9,366646129255835834455221082835/366277308347085686745367089699,100088415074732880240979939885/99987732980315892160493249808,0.001006437837732374,0.001006437837736039,81,44
321,3,11,2633060569235700472933521883450/2630435574780290188711421534241,899811006338634257670413990723/898913951811989012145528330984,0.000997433873309818,0.000997433873313169,99,53
321,3,16,1578724511951912678520039867139/1577132618971321185330545723349,7535200946318165011576146528061/7527602892697662198667005041688,0.001008849925434963,0.001008849925436858,144,61
322,3,9,593253521583063343705936520434/592656749149126481352005405967,2612126486445784417924785216137/2609498866002991819504012919592,0.001006437837732576,0.001006437837734619,81,44
322,3,11,987663795761932765255152488575/986670071027542286306346331026,10711910641009360124182847167/10701132995213026469503436151,0.001006643136726104,0.001006643136729224,99,53
322,3,16,9774845123618172908509597585400/9765009396425800559795637733407,1794815951449483623727234470265/1793009956588617721001195620296,0.001006735031011066,0.001006735031013305,144,61
323,3,9,810708197737100400000000000000/809900841691655145858898847791,489627324006489360152021491798/489139721215305069166676900729,0.000996361358715836,0.000996361358717791,81,44
323,3,11,674354733244024500000000000000/673683648073661692042221116551,4449958178178401285928737637508/4445529795318608852411586611125,0.000995647060352673,0.000995647060355180,99,53
323,3,16,269804176047462600000000000000/269535407646066093375242639717,4936827138766627452236653885274/4931909264041715242101548629625,0.000996657511409809,0.000996657511411602,144,61
324,3,9,4399858390569836480827172640185/4395432434203472787652001764284,2247497507665547551573987305965/2245236679016203081863146525208,0.001006437837732711,0.001006437837734744,81,44
324,3,11,219529650996254310381400229039/219308774170493175096970107360,8080231274156708203967958356461/8072101457400038169679221117456,0.001006643136726116,0.001006643136728197,99,53
324,3,16,987646947860241032482099302305/986650917991888288292905634037,4044520565154150231322157305051/4040441715627202601545562391660,0.001008996636305979,0.001008996636308626,144,61
325,3,9,4944823925917414194839092283240/4939905384220760744755255740207,111108928449378309161300046487/110998410075895778817256922503,0.000995179928204103,0.000995179928206182,81,44
325,3,11,157936467866628420355213785559/157779160810083681949356823656,998749744511203951395727885259/997754975002575159119040043584,0.000996511133906700,0.000996511133909150,99,53
325,3,16,362090904318348601196084839340/361729547363738236196429446887,6651361619918702706152139343943/6644723740451626341027962550528,0.000998471330263439,0.000998471330265016,144,61
326,3,9,1781752485695731454758210628209/1779958156649162412227382773307,4044541022155669445759151301733/4040467932602338350139899944280,0.001007565958354404,0.001007565958356493,81,44
326,3,11,1975764614001932453122216174762/1973776724826753231756038648565,899799643333593762869390707429/898894321941490351477472157480,0.001006643137774817,0.001006643137777021,99,53
326,3,16,1482337170671989580399417231825/1480844661385151800117800581067,74911959470853024899230249413/74836533449420225321117006350,0.001007369441123574,0.001007369441126076,144,61
327,3,9,39638774730488174012792520469/39598900836421645594899243522,7998822555086359247251126535435/7990776287123040648747302000184,0.001006437837732983,0.001006437837735062,81,44
327,3,11,1481494010255270177035903117885/1480003424847402714696039975711,71690950507573410206586232937/71618819615404246348203651300,0.001006643136725914,0.001006643136728250,99,53
327,3,16,65799628896853019248247268230/65733729069016300446749647251,20000067923113824102590393891/19980037399310607643708922744,0.001002024647887887,0.001002024647891951,144,61
328,3,9,2447618189662417289220795220730/2445156025609941250462066271661,300266933965605773363841977191/299964882585990221395873662912,0.001006449164413090,0.001006449164416281,81,44
328,3,11,164610029852564128675957072550/164444409669972491874620813583,899799983782659343845500953097/898894662048957083569557679440,0.001006643136726057,0.001006643136731926,99,53
328,3,16,9774845123618172908509597585400/9765009396425800559795637733407,1346064589842596967316733309485/1344710141365756085875243996488,0.001006735031011066,0.001006735031013790,144,61
329,3,9,110095082502092829611284592545/109985448523229844983900624349,2022069020207178834679936120265/2020055420079144449873118820242,0.000996307918933514,0.000996307918939272,81,44
329,3,11,8899909801899613316647156804505/8890955276541956595810224031816,8079030853691426858692834394731/8070902244721775262236772992976,0.001006643136725854,0.001006643136727810,99,53
329,3,16,658431443251013472163468293790/657767519694511935002756077563,7549516985187671179020064360729/7541904496115248172638869583944,0.001008849925434244,0.001008849925436961,144,61
330,3,9,3263490920759379141380701671655/3260208072282196223885797060659,19794793073600497715928867265/19774880866741071760735346198,0.001006437837732542,0.001006437837735625,81,44
330,3,11,4889930499872974426196487928960/4885055549735002415632004478237,175602009042449771710778542696/175426944992309699979692666643,0.000997433759474466,0.000997433759476304,99,53
330,3,16,2443711280904543227127399396350/2441252349106449892453927008711,354966259957381427498450961085/354609082810194923379897606851,0.001006735031011168,0.001006735031012891,144,61
331,3,9,1759901197465367539905344218412/1758130857327651603763155709041,4292846690660241795266158045/4288528380738924684925333716,0.001006437837732593,0.001006437837734675,81,44
331,3,11,488320997744124313921524989665/487829680095485022044229396891,177956204754621303140330645849/177777156496436654778929954978,0.001006643136724728,0.001006643136727749,99,53
331,3,16,9789153306305828269111146321455/9779544843143661263196086384034,1706631045167834726463403760158/1704955915458877120128610327951,0.000982023828152725,0.000982023828154389,144,61
332,3,9,198193132027611523491508408171/197993763303303072021955230726,1581949689400778027719038775592/1580358356299219457210966146411,0.001006437837731078,0.001006437837734662,81,44
332,3,11,494937922763002709421003073870/494439947583128971636798188567,1580202814321976794863852701846/1578612914367841470569646745513,0.001006643137774321,0.001006643137776572,99,53
332,3,16,1979980659705276282104745050150/1978185472987331580772201799499,355998630550736832614621495656/355675857694324744034797692973,0.000907080087521545,0.000907080087525207,144,61
333,3,9,155734984398180801803481493259/155593974021071125903279365024,166197863069893199639010637/166047379070187500000000000,0.000905861038229267,0.000905861038230624,81,44
333,3,11,110097458200769302692920230843/109997835051266085408530788288,309085004638555943179107520143/308805324960844937500000000000,0.000905272937324708,0.000905272937327139,99,53
333,3,16,1098572230642427745604874310307/1097708650133586847273371336288,93518306924824285581100115637/93444792789997656250000000000,0.000786402650867721,0.000786402650869274,144,61
334,3,9,1759901197465367539905344218412/1758130857327651603763155709041,1581951689335440091698027115717/1580360354222084831421397721477,0.001006437837732593,0.001006437837734229,81,44
334,3,11,8789777958378329435389388272700/8780934240703833662246983011891,20792139603493916492013661136/20771219869983799953112744383,0.001006643136725942,0.001006643136727960,99,53
334,3,16,1316981492336660890021055171375/1315755193814067865802813900307,1775901108622445680159744984026/1774247490163528246117327885949,0.000931577105852891,0.000931577105855251,144,61
335,3,9,4399753551623714924463835558495/4395327700718154777165234688563,888976982297481961048156162864/888082732304620834401397566321,0.001006437837732694,0.001006437837734432,81,44
335,3,11,260027216526858573078150444035/259765593616525967121711682971,434585421845652178980402659949/434148169528874512051292829290,0.001006643136725860,0.001006643136727935,99,53
335,3,16,309053749997577321717079516025/308742264536723915082124296303,576151627616820168855140585007/575570942686605395032129775012,0.001008376486475096,0.001008376486476737,144,61
336,3,9,1631763740648723897445778500490/1630120459047889906168086859803,1583742115714196755459849823953/1582147194700577358614060174868,0.001007565958354357,0.001007565958355832,81,44
336,3,11,98839874807300070996532042700/98740791846346344950930172723,266934727293929682364821123965/266667136069099943683244745696,0.001002962191977200,0.001002962191978928,99,53
336,3,16,5929348682687958321597668927300/5923378645540608190451132022831,591609773020884219704240195950/591014103494484162782115278089,0.001007369441123407,0.001007369441125543,144,61
337,3,9,8799520499513840496639242693120/8790767749337931831731812746237,790977149115711274813553489309/790190376088538094538979332918,0.000995179928203997,0.000995179928205822,81,44
337,3,11,1979741563462271787236370397225/1977769711601346240821387669499,92954267567884419026550813750/92861683743375181731609484343,0.000996511133917235,0.000996511133920118,99,53
337,3,16,198034801560589196373846143116/197835240788471352427086740481,880063698836115313619736025342/879176853746923482257008325431,0.001008213644245668,0.001008213644248349,144,61
338,3,9,9790472758649669156883180882920/9780624102439765991828194785207,356308279247739498572463941552/355949853476730121651341485201,0.001006449164412989,0.001006449164416476,81,44
338,3,11,2893178780542102608305040893215/2890267847360613820072139401746,44489051194318623602414149409/44444289129766751408802657364,0.001006643136726176,0.001006643136728020,99,53
338,3,16,2443711280904543227127399396350/2441252349106449892453927008711,266215325717168118463367561665/265947452284384827214213560403,0.001006735031011168,0.001006735031013376,144,61
339,3,9,3263490920759379141380701671655/3260208072282196223885797060659,19794793073600497715928867265/19774880866741071760735346198,0.001006437837732542,0.001006437837735625,81,44
339,3,11,9879046289052313086815196792625/9869197506321356715689299087569,175579859242529289249075817435/175404817256185836344729876004,0.000997433862933033,0.000997433862934801,99,53
339,3,16,3296098526048173424556206409130/3292800603262824387150926019891,1492035590586458707994623633519/1490542729213575455513870602628,0.001001054347936459,0.001001054347938078,144,61
340,3,9,1779582990550569088716045984737/1777810860864438009823060607961,4044591603462982013695290037043/4040563951542928291134659629380,0.000996307919076881,0.000996307919078647,81,44
340,3,11,8899909801899613316647156804505/8890955276541956595810224031816,8079030853691426858692834394731/8070902244721775262236772992976,0.001006643136725854,0.001006643136727810,99,53
340,3,16,1979471951402824742778488261225/1977476936746171048400657685897,2966573101911971199731797750991/2963583235440678951390656144280,0.001008360169458518,0.001008360169460863,144,61
341,3,9,198193132027611523491508408171/197993763303303072021955230726,1011135409457273973276766927937/1010118276448551654491465929629,0.001006437837731078,0.001006437837734794,81,44
341,3,11,592597679092464521673870692272/592001444853866940822792804825,112474997972847026698073379302/112361832756134146328837770791,0.001006643136726000,0.001006643136732666,99,53
341,3,16,4896176944652641248071374601585/4891287615194960464736784419991,4045387436645929793485126345367/4041347706835232185613810347164,0.000999100397144790,0.000999100397146758,144,61
342,3,9,4399858390569836480827172640185/4395432434203472787652001764284,2396122744688623357582359699889/2393712409224374364386237045664,0.001006437837732711,0.001006437837734660,81,44
342,3,11,494937922820255222590349253485/494439947640842821578365014341,4040069830151346424073284947875/4036004967861038528280565971804,0.001006643136724769,0.001006643136728339,99,53
342,3,16,9713719814142760769297312278370/9703945592975386239928346480067,1794815951449483623727234470265/1793009956588617721001195620296,0.001006735031011345,0.001006735031013305,144,61
343,3,9,1799086643305096500000000000000/1797295015554828140768550476759,4454829509636089266978119232268/4450393149551987974516006370735,0.000996350258915949,0.000996350258918461,81,44
343,3,11,337799362227518250000000000000/337463200662808918433429040031,214783630410867509093369905904/214569888144461304883824414605,0.000995647059243358,0.000995647059246285,99,53
343,3,16,433299890501437500000000000/432867564623509745754083789,2223464102652467871777224094094/2221245636663220448131746794385,0.000998250191163266,0.000998250191165342,144,61
344,3,9,988977974482380789568839597494/987983130336548036407612833339,2022268290878602444956685121831/2020234027404188867146451315550,0.001006437837732195,0.001006437837734821,81,44
344,3,11,197532758898893114365348421809/197334013952270095274705306310,1111236195634227322161928332125/1110118140180445932258119786952,0.001006643136725964,0.001006643136728247,99,53
344,3,16,9873970899874707645757390910780/9864029171664956429996337619299,3591124750136297163894591528527/3587508982316513761627612019184,0.001007369441123816,0.001007369441126044,144,61
345,3,9,9889768608027572339353462085875/9879820177772092954772278399977,499437722844707733321591740591/498935322682518616684625211516,0.001006437837732857,0.001006437837734858,81,44
345,3,11,1974223473869833413024028995205/1972237135292212942143363271482,997771070308120071872641672743/996767176273415873877726320944,0.001006643137774534,0.001006643137776689,99,53
345,3,16,1974499576918933226839970460986/1972522387760351707555840076877,4487737296468420241367254190291/4483243446161800196625649771716,0.001001863856677426,0.001001863856679574,144,61
346,3,9,790785722590080548616650444515/789989355079415509662855118953,1011135269659139465274974608780/1010116997256586720350936479319,0.001007565958353895,0.001007565958356573,81,44
346,3,11,5930387347194809907084592754975/5924420567180349918102337899996,2699410257121040316867363995135/2696694281548099705221535383552,0.001006643137774441,0.001006643137776884,99,53
346,3,16,1384231475695377932001488517670/1382837745325874884023095930547,2649855137074930461225127544725/2647187098062540485239371630492,0.001007369441123700,0.001007369441126000,144,61
347,3,9,330323122755614234621858748380/329990840305054012063668026871,4044592097012988033905555119799/4040523514219556238075810687096,0.001006437837745904,0.001006437837749026,81,44
347,3,11,109985712551174509047845586995/109875051895736473223667705153,4394844565215621393023745498857/4390422751064889305545791784788,0.001006643136723988,0.001006643136728307,99,53
347,3,16,977484351697670709128253232939/976500763206843404787149780370,600001501909606740634810080349/599397753552168774636086202456,0.001006751347695470,0.001006751347697857,144,61
348,3,9,65917149809994615912176947219/65851583016369141569423074842,1801571416115306177075679183835/1799779420229822197687538860608,0.000995179928203871,0.000995179928206869,81,44
348,3,11,109984468771785612100329795455/109875924350017541296856356617,4395244812702894653646936680437/4390907115643896987530611839144,0.000987394128115591,0.000987394128121487,99,53
348,3,16,4886546011850062936564783822385/4881621096946799474702281579422,2966573101911971199731797750991/2963583235440678951390656144280,0.001008360169458751,0.001008360169460863,144,61
349,3,9,198193132027611523491508408171/197993763303303072021955230726,8809357571193604823466269425567/8800495960485987022464355266648,0.001006437837731078,0.001006437837734704,81,44
349,3,11,9768602778277962880349135508290/9758774229087589041906995754339,3995035156229047890151420231045/3991015604974731243457995279828,0.001006643136621017,0.001006643136623025,99,53
349,3,16,9872377379435550009007863026335/9862518647834837155563083863083,4494265480360668391035777868339/4489777426935400664697392984280,0.000999116732837100,0.000999116732839057,144,61
350,3,9,198193132027611523491508408171/197993763303303072021955230726,4450262265857035697380985001277/4445785606642317812099660852844,0.001006437837731078,0.001006437837734767,81,44
350,3,11,3256200921909706628192782865765/3252924738850115201664721940694,2222444692920297444191600129077/2220208609881057741240717150612,0.001006643136726183,0.001006643136728208,99,53
350,3,16,9774845123618172908509597585400/9765009396425800559795637733407,1794815951449483623727234470265/1793009956588617721001195620296,0.001006735031011066,0.001006735031013305,144,61
351,3,9,9798540500153574277952008290895/9788782998204608929131754949247,100078447837992086123843991577/99978788541812556652946984656,0.000996307918936980,0.000996307918940335,81,44
351,3,11,8899909801899613316647156804505/8890955276541956595810224031816,449894844242302401430159671767/449442188554691045967752185884,0.001006643136725854,0.001006643136728653,99,53
351,3,16,107928980522279910703963417604/107820133703821970801870367645,1495678275264737214139648392793/1494169877604426290201165274564,0.001009012974010920,0.001009012974012935,144,61
352,3,9,2972908125784568121064767114335/2969917550069149501557604509519,3999410764219897042631867687003/3995387585500127895714210735456,0.001006449164413177,0.001006449164415317,81,44
352,3,11,395948093502241181026602945575/395549715617241006065343480423,8080129444632756235871331159277/8071999730330509186804791440208,0.001006643136723423,0.001006643136727236,99,53
352,3,16,1980184047851346438819522699445/1978204054684419428502324728133,450036843840470513667114288371/449586850378175150833557835992,0.001000403841549209,0.001000403841554988,144,61
353,3,9,4008811220667630000000000000000/4004819029706995236205970613773,2472715835584612917492437910659/2470253371461540862686533959240,0.000996350259785627,0.000996350259787991,81,44
353,3,11,13511976528044700000000000000/13498530063290520137107072591,4890920604298149166185121172736/4886053396944373432826265282595,0.000995647069373965,0.000995647069376346,99,53
353,3,16,99839249519581000000000000000/99739650615295168244027334133,60728436495153599598909144179/60667854251566770378338859514,0.000998090604635716,0.000998090604637775,144,61
354,3,9,63396024005460105610754963320/63332251944829587293156169129,499437722844707733321591740591/498935322682518616684625211516,0.001006437837732720,0.001006437837734858,81,44
354,3,11,978075606994350475983862245556/977091529288004524589050876635,4039566799496229563506841622469/4035502443323494786081645719252,0.001006643136726178,0.001006643136728535,99,53
354,3,16,51168644428940750148257403665/51117124654279453536702100437,1495678290351847391878792599275/1494172348395696429147744588972,0.001007369441123450,0.001007369441125956,144,61
355,3,9,2472444874141201395184521422365/2469957763839052326459138261567,999851555352039121593889410241/998845773128155717552594534257,0.001006437837732226,0.001006437837735075,81,44
355,3,11,548946968904957373081865524775/548394653245306787276936178861,448646753486458457874632684446/448195353548688391062823824789,0.001006643136725580,0.001006643136728822,99,53
355,3,16,3958937555905070966113551300565/3954953895799281668338790154591,1112482905226839018942275242882/1111363475151129856925963642649,0.001006751347695243,0.001006751347697499,144,61
356,3,9,889880173014450209586381040639/888984011591792239391740385568,734104677712231602061622743285/733365391331536597160592622686,0.001007565958354245,0.001007565958356749,81,44
356,3,11,9165500114000788109105692040/9156278368488905991775768359,3994989295597666643277696406319/3990969790480806870651146813376,0.001006643137773807,0.001006643137776819,99,53
356,3,16,2224729078344374215230080988875/2222485466276493833545624986954,5389819683287552620360188920461/5384384116052485126214219541264,0.001008996636306250,0.001008996636308539,144,61
357,3,9,999787641539095067915848459460/998781912295251573011013716067,898535939817871803138265519048/897632064000872861778180676989,0.001006449164412848,0.001006449164415481,81,44
357,3,11,1979742586167900152757459553075/1977768908340675740045095541067,2022544755502547845813998278009/2020528406626482748475044752048,0.000997433863979013,0.000997433863982377,99,53
357,3,16,1980185124773097130146859864595/1978208953436789502738606782838,75006219317603361538077285001/74931365134119914773537161777,0.000998471330261870,0.000998471330266630,144,61
358,3,9,9790472762281885688521303875230/9780624216974195104635676555551,200176828890715740665356184199/199975464705680458943661593120,0.001006437825068531,0.001006437825072095,81,44
358,3,11,9779548505898721153662516412390/9769708943809696880602146179847,1351052713783311204328094751/1349693370143382999655843148,0.001006643136725888,0.001006643136729463,99,53
358,3,16,1942965211712002755682315104256/1941022433793481516403335558269,2243868629509722598458690353893/2241624977179147872202369255956,0.001000403841551015,0.001000403841553139,144,61
359,3,9,495477314316698489196171001825/494984470575268779697466557191,8899621444481267874283743923665/8890769126517765788405456779968,0.000995179803244598,0.000995179803250786,81,44
359,3,11,8888975415875073982169104318730/8880121864966796536193679746529,448841336962137331934675047449/448394284355889245837358447220,0.000996511134021403,0.000996511134023542,99,53
359,3,16,790117538954666915813140879651/789320702183793704486700507216,3774106411242875051578846075187/3770300209485029533026406430472,0.001009012974010665,0.001009012974013074,144,61
360,3,9,161523276751460042400090245071/161360795391472093611459637152,112600730977043869827053162431/112487462349309000000000000000,0.001006437837732887,0.001006437837737855,81,44
360,3,11,1780001879038917357664153786484/1778210953926493098098511796617,1346688411482973292426975697959/1345333458927505567160615716596,0.001006643136725995,0.001006643136728311,99,53
360,3,16,9774845123618172908509597585400/9765009396425800559795637733407,1794815951449483623727234470265/1793009956588617721001195620296,0.001006735031011066,0.001006735031013305,144,61
361,3,9,9791469718217320271977808568395/9781620170040213140372968213038,1801591460029081577769361837369/1799779182363752422966137163656,0.001006437825068603,0.001006437825071486,81,44
361,3,11,4450004692065418893601690818065/4445527379290391978062766645751,4040115637546224122455246341721/4036050729167842742054302361592,0.001006643136620741,0.001006643136623050,99,53
361,3,16,1578724511951912678520039867139/1577132618971321185330545723349,4487686750166956782206177758043/4483161630690687986236555917492,0.001008849925434963,0.001008849925436705,144,61
362,3,9,2972878214135699669069065923955/2969917787022294015545807557188,4449810563722884476037039522569/4445379389993749742349262075104,0.000996307918936717,0.000996307918939061,81,44
362,3,11,8899909801899613316647156804505/8890955276541956595810224031816,449894844242302401430159671767/449442188554691045967752185884,0.001006643136725854,0.001006643136728653,99,53
362,3,16,9774845123618172908509597585400/9765009396425800559795637733407,1794815951449483623727234470265/1793009956588617721001195620296,0.001006735031011066,0.001006735031013305,144,61
363,3,9,4053541441903983000000000000000/4049504706175058405177699137957,52031343300799335378584625604/51979527675984065447565439095,0.000996350258680232,0.000996350258682924,81,44
363,3,11,249923732182604500000000000000/249675020358512913320764131369,495183648903097937748826917518/494690866455013289855355250655,0.000995646379709601,0.000995646379712663,99,53
363,3,16,269804176047462600000000000000/269535407646066093375242639717,4936827138766627452236653885274/4931909264041715242101548629625,0.000996657511409809,0.000996657511411602,144,61
364,3,9,1483133824650530422590416236565/1481641893563636474219622216924,4449809088900746764552353518933/4445332885607322399888605172480,0.001006437825068368,0.001006437825070723,81,44
364,3,11,1780001654365070535536652330592/1778210729478698827607969775597,4040074415085862690430454394489/4036009548182484669431280707448,0.001006643136726017,0.001006643136728218,99,53
364,3,16,24386321544666023850095033585/24361882976060716380078863829,1110488770216685914016119657132/1109375902253113554831763650669,0.001002644954533717,0.001002644954536277,144,61
365,3,9,326349092071306483508046878875/326020807223592819189809512077,734113130838392876888787134333/733374663279519613789423159302,0.001006437837732639,0.001006437837734814,81,44
365,3,11,1255680961775039153253289435030/1254417575148059005750965215499,399911001803194214594857560369/399508636690524573459603858296,0.001006643137774575,0.001006643137777263,99,53
365,3,16,488743081685462420758054934180/488255321308508334074916551187,2696828067998653878940679180827/2694136662382243399782025762848,0.000998487645390639,0.000998487645392641,144,61
366,3,9,1759878928101613136762454044189/1758106627007893174410532095150,808908215727338542159768782713/808093597805296283281743138168,0.001007565958354177,0.001007565958356617,81,44
366,3,11,2969612708893726073746103474320/2966652193322736606675607966593,2022545011555084283649032055505/2020528662425845510541961501144,0.000997433862942723,0.000997433862945784,99,53
366,3,16,51168644428940750148257403665/51117124654279453536702100437,1495678290351847391878792599275/1494172348395696429147744588972,0.001007369441123450,0.001007369441125956,144,61
367,3,9,2972896967976264636394645585165/2969906437124145625974193683558,444379030831115388843258378943/443932015944271567192877719048,0.001006437837732399,0.001006437837734714,81,44
367,3,11,395950360773383217428936560438/395551980607197601831281788061,3095184206005270206927314412655/3092070027763435485222304139484,0.001006643136725618,0.001006643136728564,99,53
367,3,16,1980348337365164323658418262985/1978352407160406588466070168616,323688395318475843764038932907/323362160063314983388609336928,0.001008376486474024,0.001008376486477151,144,61
368,3,9,1958094527601938669553250244702/1956124818540630205306871423175,1801591471345146894437990425115/1799779193645642863703336361888,0.001006437837732452,0.001006437837735089,81,44
368,3,11,141410049412027865752584208615/141267771579839947816836393864,249442484148330310439095948331/249191510925083809251459373132,0.001006643136721707,0.001006643136727103,99,53
368,3,16,9774845123618172908509597585400/9765009396425800559795637733407,1794815951449483623727234470265/1793009956588617721001195620296,0.001006735031011066,0.001006735031013305,144,61
369,3,9,161523276751460042400090245071/161360795391472093611459637152,112600730977043869827053162431/112487462349309000000000000000,0.001006437837732887,0.001006437837737855,81,44
369,3,11,82294975064710368558175112485/82212175074887131523475632346,4394788662395411603996494014427/4390366904490554512385869323288,0.001006643136726317,0.001006643136728484,99,53
369,3,16,658431443251013472163468293790/657767519694511935002756077563,7535200946318165011576146528061/7527602892697662198667005041688,0.001008849925434244,0.001008849925436858,144,61
370,3,9,330318209589866800211982693890/329989647054296512992594028311,56237071901343878924570645444/56181133735052622359371011887,0.000995179928214138,0.000995179928220282,81,43
370,3,11,1629939699355507041819634974340/1628316091331767814605232222313,1346674709362558817254564442095/1345333265955568522969068145368,0.000996611845371498,0.000996611845373526,99,53
370,3,16,9774845123618172908509597585400/9765009396425800559795637733407,3508590714636875870460864996511/3505060270863852748524742730976,0.001006735031011066,0.001006735031013524,144,61
371,3,9,9790472758648274683855563364985/9780624102438372100087179208503,225200200472624341050236960446/224973661937914129487757393987,0.001006449164413073,0.001006449164416890,81,43
371,3,11,1086628810141509543815122846960/1085535513079926054298132893237,112475125631092437233520194519/112361960285938415701405215972,0.001006643136726107,0.001006643136728241,99,53
371,3,16,9773349611632408775867930888030/9763570852860891258872353036503,8830754081193632340993832037309/8821918439641631878305940696104,0.001001054347936299,0.001001054347938394,144,61
372,3,9,9889768608027572339353462085875/9879820177772091964792348701414,898787030614682586402203541297/897882912384721141231046330008,0.001006437837732957,0.001006437837734949,81,43
372,3,11,1979740466596906313238090628195/1977748577173031703493887713907,3989969157975632109620506454939/3985954703807783207750235914616,0.001006643136619084,0.001006643136623082,99,53
372,3,16,4886546011850062936564783822385/4881621096946799474702281579422,1800007394231504964639640003153/1798193253277881332208648013176,0.001008360169458751,0.001008360169461968,144,61
373,3,9,1351061978800323000000000000000/1349729918110043890653944439281,4900272109292994451829113359722/4895440754439629581395076118325,0.000986422389532569,0.000986422389534595,81,43
373,3,11,1351177162004272500000000000000/1349832537297710110300469467217,2964415136439138358539697869014/2961465097062316021688735709225,0.000995646048948525,0.000995646048951544,99,53
373,3,16,4492838263592808000000000000000/4488399453723991575497916224461,4897203669513546855052573336828/4892365356914128782682093784385,0.000988462920132448,0.000988462920134631,144,61
374,3,9,4895253678808863971214681879655/4890878669042132285487117547971,2204864265147038845475267939101/2202893723204315771798088279306,0.000894124441135791,0.000894124441138233,81,43
374,3,11,1920214469284500216235419073990/1918282473126682649709468458283,106904043382214097570603917273/106796483417234220029111567688,0.001006642104943035,0.001006642104945450,99,53
374,3,16,9873970899874707645757390910780/9864029171664956429996337619299,1495678290351847391878792599275/1494172348395696429147744588972,0.001007369441123816,0.001007369441125956,144,61
375,3,9,2966308434703592452056455674465/2963657371195423707224695011774,1498148765597973566517351836789/1496809832843770249500939065160,0.000894124442386988,0.000894124442389100,81,43
375,3,11,18654129608661881178280197010/18635361024555591069917199357,4045094507646647684185582944551/4041024594009422763730022903952,0.001006642105991432,0.001006642105994031,99,53
375,3,16,3291380095253330328400413811195/3288068161333358703018165364266,299897007248971674729204283993/299595237461811372027327243228,0.001006751347695389,0.001006751347697832,144,61
376,3,9,979047241472580185624197208423/978061283592660839141888258025,449280466121326819374648835139/448828014393664465741402693671,0.001007565958354428,0.001007565958357095,81,43
376,3,11,109985651808226122417619129445/109876003199759172240030263841,898462875634242714839614690949/897567166035280332685944916224,0.000997432840697006,0.000997432840699572,99,53
376,3,16,1482361111779638885374511632285/1480868578387404703983992021523,2243879633546572596582735774157/2241620355928846762778240762766,0.001007369441123390,0.001007369441125938,144,61
377,3,9,2972896980428107692769172808880/2969906449563422629003913218461,7998822554958791432048703926465/7990776286995492465038968716792,0.001006437837745985,0.001006437837748664,81,43
377,3,11,8900009395310911552511104010090/8891054778922310433352872759021,4444889339235954584130419259559/4440417177785912024791149607860,0.001006642104943215,0.001006642104945376,99,53
377,3,16,2224406416303794579940572954070/2222178979893066774273337003377,900017346568023425125906527265/899116103255045686467474440484,0.001001863856677620,0.001001863856680785,144,61
378,3,9,396390713804185280586262091137/395991971879425200000000000000,8098208305632862741337796887299/8090062062407548929432418086576,0.001006437837731864,0.001006437837734525,81,43
378,3,11,10998682867596300313829130557/10987616701091905940015594055,4045089972906821317227088946389/4041020063836397369595837492324,0.001006642104943017,0.001006642104945350,99,53
378,3,16,8899062179374074393730483910590/8890107689890370909765978640261,740463004908764660397524806753/739717929972002570522602232526,0.001006735031010920,0.001006735031012749,144,61
379,3,9,4449401473944609012753532626985/4444925680627642775291620585131,75066311306047412685752530273/74990799735234519387839818764,0.001006437837732565,0.001006437837738099,81,43
379,3,11,9779648201836265284114002967415/9769808549519822637928510236801,112224020218911683061440360650/112111107635788025625770003743,0.001006642104943397,0.001006642104945626,99,53
379,3,16,4936985321029003489637934842440/4932014376477932307400898915793,8845656333614006509745970345781/8836749832117025192975127129960,0.001007385778462216,0.001007385778464343,144,61
380,3,9,198193132027611523491508408171/197993763303303072021955230726,8089083275532017417900816091791/8080946211462366984820682127408,0.001006437837731078,0.001006437837734646,81,44
380,3,11,9669416786692146205682692089770/9659688042127905206336403364581,7989969504313713472861388527273/7981930511466626477075465467800,0.001006642104943175,0.001006642104945478,99,53
380,3,16,9787404807280124464010501630705/9777934411932993889475809436976,3598161472847655433093378306039/3594679854140579416804460637648,0.000968078905317439,0.000968078905319466,144,61
381,3,9,9889768608027572339353462085875/9879820177772092954772278399977,499437722844707733321591740591/498935322682518616684625211516,0.001006437837732857,0.001006437837734858,81,44
381,3,11,1777776386088671303252427742096/1776002418636132087788695441857,128553570619817092659478643351/128425292478666742585145952240,0.000998355664413075,0.000998355664418265,99,53
381,3,16,4864972171484914900263726620785/4860222394212293723019305088147,1495739282897039052933342285991/1494278960370770756061927127272,0.000976798483196514,0.000976798483198820,144,61
382,3,9,3953930297789772089536384691720/3949997383023402492862122760677,2702357124185414882806116134789/2699669130357176209666539455256,0.000995179928203995,0.000995179928206986,81,44
382,3,11,8789800281494026641951131557105/8781045519444439684311206357931,899842269770807789827374496561/898946014486075445995679512548,0.000996510113770340,0.000996510113773784,99,53
382,3,16,4144590434429056752100198366975/4140446910077772865687572246438,180018150070216816244957222093/179838178224918081261344343000,0.001000242853339112,0.001000242853342685,144,61
383,3,9,538916166687420000000000000/538379484830689394714618183,52031193932714995183673188099/51979378456591059632163643815,0.000996350259786059,0.000996350259788744,81,44
383,3,11,404910897171154650000000000000/404507949865527785196261990911,889991635798034648666551541652/889105960124247044572691667349,0.000995646049975852,0.000995646049977913,99,53
383,3,16,2702385349661844000000000000000/2699710090667895822966553243693,2227825011204016693828785157984/2225619548944933118275390464395,0.000990452405811772,0.000990452405813988,144,61
384,3,9,9690311817785511640005802699730/9680662092321881540776621202913,74157699202964160346483987477/74083852101675720968728189305,0.000996307806373296,0.000996307806375391,81,44
384,3,11,977953629514664057742790710343/976969674534330308078070264252,162916529393438834168400083063/162752613103711181959875637024,0.001006643136725715,0.001006643136728046,99,53
384,3,16,8288019908991764684926967707940/8279675014909361673883918612311,2243879633546572596582735774157/2241620355928846762778240762766,0.001007369441123581,0.001007369441125938,144,61
385,3,9,1648296638418943528174031907145/1646638546177239696170474053356,3999410764219897042631867687003/3995387585500127895714210735456,0.001006449164413143,0.001006449164415317,81,44
385,3,11,263965588995602268892784791247/263702432040886050629395388832,4444935608410914489682721787823/4440504289453497030521382211872,0.000997433863877688,0.000997433863880232,99,53
385,3,16,9773264198535034694155174153210/9763415625788207311530035262159,138414205054067069749278413417/138274724288994043105593775980,0.001008213644246524,0.001008213644248912,144,61
386,3,9,2999033608596857956129777819975/2996013406206939722946876625938,505567634828787604383603529409/505058498627511966018258764691,0.001007565958354195,0.001007565958356679,81,44
386,3,11,8888974150451456051033126089885/8880030627853418491731963848901,37491694341998437974801063477/37453972574569250184006266602,0.001006643136726012,0.001006643136729053,99,53
386,3,16,5929444447118555541498046529140/5923474313549617825956038387529,2243879633546572596582735774157/2241620355928846762778240762766,0.001007369441123557,0.001007369441125938,144,61
387,3,9,4399858390569836480827172640185/4395432434203472787652001764284,2396122744688623357582359699889/2393712409224374364386237045664,0.001006437837732711,0.001006437837734660,81,44
387,3,11,219971038087119060193795195205/219749717165632983282860718966,897793294344879977735635384385/896889991614952610625743303952,0.001006643136724939,0.001006643136728092,99,53
387,3,16,24447129142849639748525122360/24422529347654051137881884139,900089331998282660871184586761/899183621839203360574925919516,0.001006751347694621,0.001006751347699655,144,61
388,3,9,4449401473944609012753532626985/4444925680627642775291620585131,1801591471345146894437990425115/1799779193645642863703336361888,0.001006437837732565,0.001006437837735089,81,44
388,3,11,2444909269863073543377907041235/2442449357061542273186858304279,899798961386331943121347913993/898893640681300889651052023760,0.001006643136726204,0.001006643136731036,99,53
388,3,16,9731208587077843814236810679845/9721400969574386198651122707366,9780446204351017789696269739/9770588962619194980377210706,0.001008360169458890,0.001008360169460969,144,61
389,3,9,495482823843868801272901372265/494984402045627741452329286122,4449809088900746764552353518933/4445332885607321949938755775244,0.001006437825068085,0.001006437825070824,81,44
389,3,11,4444481974473505774891918506805/4440010218306544754590844099457,4444838935615739166365253396257/4440366820297083811412472734376,0.001006643136725100,0.001006643136727251,99,53
389,3,16,329221494219637892777340219755/328892143464807621957126781578,2243938412712748788450455806817/2241693593273565047304127773270,0.001000893351744047,0.001000893351746456,144,61
390,3,9,198195359146987516273099416487/197995985939712600000000000000,2696391357226359756690613038839/2693678941581132796525290999672,0.001006449164409231,0.001006449164415004,81,44
390,3,11,1481494197731161304184676730680/1480003612134666857067017162781,8889778668092824509765042660047/8880834336040087821851898451464,0.001006643136726334,0.001006643136728425,99,52
390,3,16,9873981067713606296431249125655/9864109465521128533016375987799,1011147455955762935934688855037/1010136552109107762682102249404,0.001000259168830546,0.001000259168832634,144,61
391,3,9,4449401411879937553052982999895/4444925618625402724156208100546,1801591471357804786179006001819/1799779193658285554571699899016,0.001006437837732881,0.001006437837736460,81,44
391,3,11,8690591855111719567780084643060/8681847932210047821336625189029,899800086228029572605053810975/898894764391253494868174088504,0.001006643136725854,0.001006643136731677,99,52
391,3,16,4936985321029003489637934842440/4932014376477932307400898915793,8845656333614006509745970345781/8836749832117025192975127129960,0.001007385778462216,0.001007385778464343,144,61
392,3,9,1483133824650530422590416236565/1481641893563636144226312317403,4044541643425367389324352877811/4040473111436016641945004805224,0.001006437825068591,0.001006437825070932,81,44
392,3,11,659913526279735770656090464825/659249563100730903122218246044,1974954174566106666681367924541/1972967100805805067319435613118,0.001006643136724710,0.001006643136728334,99,52
392,3,16,2221189075583802819058882831600/2218954051957972087329600567231,200019848298600642777702776137/199818582638014590946731642752,0.001006735031011201,0.001006735031014457,144,61
393,3,9,4455266739591123000000000000000/4450879052366960854082164444939,4454835363068714489640908478408/4450448100677748954831822401485,0.000985316809681231,0.000985316809683524,81,44
393,3,11,337426448192900625000000000000/337093998933163308333030724033,148499826590697360655155557950/148353517201834307018124410231,0.000985735237747480,0.000985735237750215,99,52
393,3,16,3959605011176473500000000000000/3955654938210023828658081304663,19335463501837326106752667108/19316174585024427758306035721,0.000998090604635855,0.000998090604637641,144,61
394,3,9,2472439374026704239766780127105/2469952269257292465250650127452,8809357571193604823466269425567/8800495960485987022464355266648,0.001006437837732793,0.001006437837734704,81,44
394,3,11,617301328927957432115149514855/616685912353882870400659055859,145494976474029197936378938457/145349925725276599426543243917,0.000997444065075045,0.000997444065078036,99,52
394,3,16,8884746765155847944722001300510/8875801049349377126818339879779,2243879633546572596582735774157/2241620355928846762778240762766,0.001007369441123773,0.001007369441125938,144,61
395,3,9,8907964297188873542926376887240/8899093641615552316910647473219,415022556016597863562700166205/414609271676116865898044827032,0.000996307906401928,0.000996307906404453,81,44
395,3,11,4345184578163978445952787576255/4340812684038416473103401737798,2693349031786016013424034921051/2690639126925047116372046334696,0.001006653436048194,0.001006653436049935,99,52
395,3,16,3859862460427758453042779341465/3855978494116012902861151282044,3723060630236151485082675747787/3719314320046939845583167914424,0.001006751347695228,0.001006751347697504,144,61
396,3,9,1631763740648723897445778500490/1630120459047889906168086859803,785944917199355737970040396647/785153424663069732518405895621,0.001007565958354357,0.001007565958356623,81,44
396,3,11,395359988310308173696989815596/394962198072475019607171491013,18745832975654595364670131323/18726971913386626468496599394,0.001006653433950933,0.001006653433953359,99,52
396,3,16,3291409791789513745645722746960/3288111330237715541584250775621,1347477430422648340123022389141/1346127066056818438065063583344,0.001002644954534219,0.001002644954536755,144,61
397,3,9,9691176917497267870347213326780/9681428256888670972231285468917,8089184194013345146009883758583/8081047028426611069535968569168,0.001006437837732683,0.001006437837734572,81,44
397,3,11,329957118499773870881818890415/329625133158541403332461981384,98775429505380513979700394343/98676046910396831509222679444,0.001006653433844233,0.001006653433847879,99,52
397,3,16,695086362732051206788499106890/694387048806628010178899341869,472327611156916898196649381145/471852410816996220969005455296,0.001006588508513283,0.001006588508515093,144,61
398,3,9,3263823239408608522819437526165/3260540056641611316502129930359,444379030831115388843258378943/443932015944271567192877719048,0.001006437837732756,0.001006437837734714,81,44
398,3,11,164978372012139164806433868695/164812379529894446488789798749,4489970276268518623150357713475/4485452706466634410144351184772,0.001006653433948408,0.001006653433952793,99,52
398,3,16,8191478207571436635035847702655/8183288836398806826905871279054,1799602062161122792659821918515/1797802922997633408105703884336,0.001000242853338730,0.001000242853341729,144,61
399,3,9,9889768608027572339353462085875/9879820177772091964792348701414,100088415074732880240979939885/99987732980315892160493249808,0.001006437837732957,0.001006437837736039,81,44
399,3,11,2469960480065727357986493006995/2467702070589032481909511693296,4445346401770851328703395073731/4441281797287500365911278552372,0.000914768723464976,0.000914768723467173,99,52
399,3,16,9888535244747099189386555635470/9879202809277157297871555299127,1795572478773688201871552758153/1793877883580865638605792224132,0.000944208805052203,0.000944208805054790,144,61
400,3,9,2999366264634613391025611521790/2996349107481862231784703641271,900795735685235833949975638543/899889596835456923522441362296,0.001006437837746662,0.001006437837750821,81,44
400,3,11,1234978965415193325325931984665/1233849761842293051707515017483,4445346401770851328703395073731/4441281797287499915961429155136,0.000914768723465038,0.000914768723467274,99,52
400,3,16,4944268073312778052091299482715/4939605058196996276490459785403,8976434092303879518975978232787/8967968279520739798181914303272,0.000943560363371184,0.000943560363373194,144,60
401,3,9,4449401473937725656532101474625/4444925680620766374699934366533,1801591471345146894437990425115/1799779193645642863703336361888,0.001006437837732558,0.001006437837735089,81,44
401,3,11,247467276827820961085647369835/247218288387372836223070561632,4489969765064475475914258333721/4485452195776936717399711413312,0.001006653433947973,0.001006653433952999,99,52
401,3,16,4937065147728248659562061485705/4932086901495994645140826325511,5389907261163050205101081767043/5384472395567344320503771356104,0.001008849925434984,0.001008849925437368,144,60
402,3,9,1976959325047333912694368265615/1974970639291108989862439752212,1112452286344869396177493249300/1111333235493236134698741751911,0.001006437837732438,0.001006437837734554,81,44
402,3,11,888896507459214432004867547941/888002146968608524293712709253,1799600069009699601178268266837/1797789406927991375374785512424,0.001006653433950626,0.001006653433953964,99,52
402,3,16,9774943451645689648381136507120/9765169450455046019589429079149,450044062016145438978776880839/449594061336370865641033633086,0.001000403841551080,0.001000403841553510,144,60
403,3,9,2224700705939963831586677253430/2222462809312697402158385256021,329615488066590462482684300203/329283917448092864601836702464,0.001006437837732440,0.001006437837734565,81,44
403,3,11,989871273284643472306943292860/988884424292811405345100782099,8080231455413384764984902050375/8072175894573534991681559337504,0.000997444075443785,0.000997444075446233,99,52
403,3,16,1365052536561670602884009144350/1363678094462431160616773616261,2622721861863251674406081250527/2620081099515285505627230216456,0.001007385778462555,0.001007385778464587,144,60
404,3,9,112500123026868900000000000000/112389328234594866963527702707,1224068853556615301937572792782/1222863339725071334352955965495,0.000985326796045707,0.000985326796048394,81,44
404,3,11,2247517263648622500000000000000/2245302896009805782588556825467,17638868580207657343245090569/17621489875091039200391979225,0.000985736236675470,0.000985736236678125,99,52
404,3,16,311229586421785875000000000000/310919061418476700386824870047,4936905985924111010477080519944/4931980256448181878489541352165,0.000998234200694361,0.000998234200696222,144,60
405,3,9,3263859805223185095001667846900/3260572907351871582458177344821,4404728027376972394530826516255/4400292208426118939002493930472,0.001007565958354355,0.001007565958356970,81,44
405,3,11,989869952085091180118052560585/988874007654950906747966697042,2245536324291248451930704536307/2243277007913221775857927430748,0.001006643137773970,0.001006643137777031,99,52
405,3,16,1605347684985602196684880277065/1603732573466446804528817805651,8988676899212514430635455164385/8979633552566993079263218548336,0.001006588508513316,0.001006588508515114,144,60
406,3,9,9789597861570433811467402085710/9779849264806216522875484755651,988768311731526021478477935521/987783684609898618007654520392,0.000996307918936862,0.000996307918939070,81,44
406,3,11,8899909801899613316647156804505/8890955276541956595810224031816,449894844242302401430159671767/449442188554691045967752185884,0.001006643136725854,0.001006643136728653,99,52
406,3,16,9873971038606675413980283189230/9864093219037126696457651763999,7175366195975597556166437766453/7168188033071098778821577205240,0.001000890489080427,0.001000890489082344,144,60
407,3,9,8998098793765055492250191805215/8989047322306940006199827175663,450397865954043388253597347765/449944796531054247083489678388,0.001006437837746842,0.001006437837749627,81,44
407,3,11,3454667809435509222603682674865/3451191941564637082371094007142,599866655924368031268708264271/599263108101203513530153128408,0.001006643137774590,0.001006643137777639,99,52
407,3,16,24447129142849639748525122360/24422529347654051137881884139,900089331998282660871184586761/899183621839203810524775316752,0.001006751347694621,0.001006751347699154,144,60
408,3,9,2249552453560794299705300201035/2247289557776546545811735499258,20017683014946576048195987977/19997546596063158434327565640,0.001006437837732825,0.001006437837737039,81,44
408,3,11,65991423770210501081252600116/65925027380731121394805936233,425270991061670230044254657239/424843110334998907250486744952,0.001006643136725948,0.001006643136728104,99,52
408,3,16,4156935607064880788239110831875/4152776437751678107032682355724,2961830965945907753656708843007/2958867543456623029769950862520,0.001001038216026893,0.001001038216029238,144,60
409,3,9,198195359146987516273099416487/197995985939712600000000000000,2696391357226359756690613038839/2693678941581131896625592205200,0.001006449164409231,0.001006449164415338,81,44
409,3,11,90552194136606628617117804400/90461086256127873752774244747,8080129445777000881323364257917/8071999731474442786018649562696,0.001006643136620861,0.001006643136623146,99,52
409,3,16,1096949679919241894522184304480/1095844277619372150980335979667,2948582238982026846413578809593/2945610936243170523168693504672,0.001008213644246672,0.001008213644248468,144,60
410,3,9,198193132027611523491508408171/197993763303303072021955230726,734113130838392876888787134333/733374663279519763772706291714,0.001006437837731078,0.001006437837734610,81,44
410,3,11,9878835419571009909244884022780/9868895961280127288222202125397,4045089972957956323067214372733/4041020059718029345505255643360,0.001006643136725087,0.001006643136727305,99,53
410,3,16,1319667130562165636045615278625/1318339243959688122974922972996,1121959092689082964101641742034/1120830145537782762220207047525,0.001006735031010674,0.001006735031012709,144,60
411,3,9,1981931307838236688575989023415/1979937620607661945222167883944,741634848244248052292681258005/740888814352533282132823354932,0.001006437837732029,0.001006437837734828,81,44
411,3,11,164978184740938876328580601295/164812194144225002246549862204,209998376438112377194478053493/209787089376923835602664020076,0.001006643136721805,0.001006643136728343,99,53
411,3,16,658827153623462548066305022370/658163794703707799369352195309,364814090304435882514315736446/364446766827367428839753112003,0.001007385778462389,0.001007385778464142,144,60
412,3,9,593253521583063343705936520434/592656749149126481352005405967,1011135409457273973276766927937/1010118276448551654491465929629,0.001006437837732576,0.001006437837734794,81,44
412,3,11,4939467088009704530680812636850/4934542250059821563753594023587,999888049141680081075334370989/998891122444463990173425202692,0.000997535689839392,0.000997535689841360,99,53
412,3,16,9731208587077843814236810679845/9721400969574386198651122707366,600012149297932783382138451347/599407425886128888763445121744,0.001008360169458890,0.001008360169460853,144,60
413,3,9,2933169033995743905675401039395/2930218466725792935730302890409,1756461111059190170046802337551/1754694231412917424474226083932,0.001006437837732727,0.001006437837734983,81,44
413,3,11,658596421168080497017235230660/657933783176788364210388339357,1010016180693349308157946644397/1008999966405452314159733436837,0.001006643136725919,0.001006643136728383,99,53
413,3,16,60951422106919423008897126415/60890061356107143579492274494,8885414953180685252521673058743/8876469866848645116424803398136,0.001007222733272574,0.001007222733274779,144,60
414,3,9,2250002525460007500000000000000/2247761851295268642367922277407,890975802183897205225153399822/890088520308088130458278496041,0.000996350258666795,0.000996350258668980,81,44
414,3,11,374503534961178000000000000000/374130847177657160956728222371,4896382610781816954809010388016/4891509967903623190632782822975,0.000995647069384120,0.000995647069386697,99,53
414,3,16,1013235917706573750000000000000/1012232947499744148954785768629,2227086526271579656903040164119/2224882003716810181485539778370,0.000990358633534846,0.000990358633536917,144,60
415,3,9,49437855593117464903658684723/49388624800862719081202816535,674837205285020301152588058457/674165194538181557650793456652,0.000996307793838451,0.000996307793840754,81,44
415,3,11,1646861751922986475294789585235/1645221453272968824657814296681,1199718818482564908588687156523/1198523880804240615739627188360,0.000996511135057677,0.000996511135060824,99,53
415,3,16,3959007233462887655085382936765/3955048544138765505607751991552,4442750286507190046442292534709/4438307892974709850359628000896,0.001000419952938399,0.001000419952940745,144,60
416,3,9,4449401473937725656532101474625/4444925680620766374699934366533,8089073163388109551794405375737/8080936109490583231516928726496,0.001006437837732558,0.001006437837734705,81,44
416,3,11,1097647007907118706125173208580/1096542625033040094301094737029,899799983851954109143617476701/898894662118184867564985086280,0.001006643136726057,0.001006643136728879,99,53
416,3,16,5929444447118555541498046529140/5923474313549617825956038387529,1883795111351953198611305055617/1881898389233783159219698396284,0.001007369441123557,0.001007369441125998,144,60
417,3,9,635572567100292936062971466105/634939656465887083830569852079,1198079546298835604133349594907/1196886484601446867746031957068,0.000996307906401963,0.000996307906404226,81,44
417,3,11,8899909801899613316647156804505/8890955276541956595810224031816,449894844242302401430159671767/449442188554691045967752185884,0.001006643136725854,0.001006643136728653,99,53
417,3,16,1096949679919241894522184304480/1095844277619372150980335979667,1800181290676863597942640137665/1798367237967492949350433850208,0.001008213644246672,0.001008213644248741,144,60
418,3,9,2966300947994188951198176841880/2963317052286666813608877755277,1801601583488928900825385361287/1799789295617300631049258536720,0.001006437837732792,0.001006437837734967,81,44
418,3,11,989870233298438321799602574545/988874288586399529105204275801,1021287576569424813747307770947/1020260021717135926312935037506,0.001006643136721729,0.001006643136728573,99,53
418,3,16,4936268137147380758548037054570/4931297995277649944730077885799,3947963013643066838240793068371/3943987958858940050561515979460,0.001007369441123748,0.001007369441126023,144,60
419,3,9,198193132027611523491508408171/197993763303303072021955230726,8899618290632654941387610882813/8890665883819715040721659890640,0.001006437837731078,0.001006437837734650,81,44
419,3,11,9779659403962187491061291579365/9769819730284311389067372357159,505636813462738636351680001414/505128073736896078889059997967,0.001006643137774700,0.001006643137776898,99,53
419,3,16,214046000832636674528069855027/213830618169414536162292380085,78048066400018267992694948103/77969530943456532167550022128,0.001006751347695550,0.001006751347697383,144,60
420,3,9,9790472762143249355889088510600/9780624216835696912470847591851,112599465544394392321368373885/112486198191022651522743612927,0.001006437825068666,0.001006437825074046,81,44
420,3,11,8778733657284861319875225521390/8769901051686374633556936747117,8889778669130789612488179346901/8880834337077009848383611936072,0.001006643136726023,0.001006643136728283,99,53
420,3,16,1645663430928906573546067231075/1644004845838930128443243511462,1199589952302654489921975180629/1198380943235802687659395383336,0.001008360169458866,0.001008360169461278,144,60
421,3,9,2224700705939963831586677253430/2222462809312697402158385256021,1801591471357804786179006001819/1799779193658285554571699899016,0.001006437837732440,0.001006437837736460,81,44
421,3,11,4890377472602389728762585323755/4885457084636994414479299823082,1136123973755977345177448543/1134980877796821312127657496,0.001006643136620964,0.001006643136623392,99,53
421,3,16,4149822554727300503293547157950/4145671102848220903624811990919,1009547284795549501671652224626/1008537341137183169166302313129,0.001000893351744333,0.001000893351746297,144,60
422,3,9,4449401411879937553052982999895/4444925618625402724156208100546,33779840087721785207585123551/33745859880856073664347195127,0.001006437837732881,0.001006437837735406,81,44
422,3,11,2966665752730225326607870861705/2963708175087668105889006646314,1799599766956568600546829637279/1797805680099491282737038069096,0.000997433862942592,0.000997433862944984,99,53
422,3,16,4889354706503413436373015721/4884466529757941083201231605,4443357740589081337644743624879/4438915453358302982176824466752,0.001000259168828708,0.001000259168832581,144,60
423,3,9,4895291332841797451694505170905/4890366949518610804106179243056,8179426718614233366708625758215/8171198682775747726052236093992,0.001006449151762978,0.001006449151764960,81,44
423,3,11,1936374693775664536429787970035/1934426436244600960121039915859,4045089972957956323067214372733/4041020059718025745906460465472,0.001006643136725767,0.001006643136728196,99,53
423,3,16,1974826074543464972734169325052/1972837664557161334291386470241,2622721861863251674406081250527/2620081099515285955577079613692,0.001007385778462566,0.001007385778464416,144,60
424,3,9,675590173147861500000000000000/674917383926439065390548024801,77981979474368678113780257288/77904320802971484704108126195,0.000996350258916297,0.000996350258918616,81,44
424,3,11,1013519870931267000000000000000/1012511265145954248420471712313,2442750045610103992706813348164/2440319139321294223883937424885,0.000995646957909961,0.000995646957912042,99,53
424,3,16,1123209511655212125000000000000/1122090632072364477833316814247,49512326007469448977788840248/49463004549545234866148660285,0.000996641521257683,0.000996641521259943,144,60
425,3,9,740737679179282881307396727035/739991712977854925334322646493,741643250645778090825299308877/740896372480874785498960961286,0.001007565958354203,0.001007565958356470,81,44
425,3,11,3259883105392019691232208759315/3256603217549291644834921897617,2020034914839672753912160647343/2018002483692640452685726353276,0.001006643137774629,0.001006643137776803,99,53
425,3,16,1096949679919241894522184304480/1095844277619372150980335979667,138414205054067069749278413417/138274724288994043105593775980,0.001008213644246672,0.001008213644248912,144,60
426,3,9,65917149809994615912176947219/65851583016369141569423074842,4449810220732189749296410942667/4445384061693807287454818115252,0.000995179928203871,0.000995179928206071,81,44
426,3,11,897976410347134278069619520155/897082012568821151745769073634,1349536302110234499555415435295/1348192144004904444753604662804,0.000996511134021161,0.000996511134023625,99,53
426,3,16,5929444447118555541498046529140/5923474313549617825956038387529,2243879633546572596582735774157/2241620355928846762778240762766,0.001007369441123557,0.001007369441125938,144,60
427,3,9,8908752500539983024259619425175/8899790905337138129626531264071,444379030831115388843258378943/443932015944271567192877719048,0.001006437837732815,0.001006437837734714,81,44
427,3,11,1979564942151762981925771831325/1977587791813464557114506831866,86338564296725363598567591812/86252331045179489057598661911,0.000999279348433123,0.000999279348436033,99,53
427,3,16,16503120539298069680863066729/16486618743963779834195801829,1800032086171619617993882414309/1798232198628499840983324763368,0.001000419952937746,0.001000419952942056,144,60
428,3,9,2999096909045715937296549645700/2996110339456208512481828251677,138570922089242003526163182607/138432929982133041156929709312,0.000996319130520692,0.000996319130524214,81,44
428,3,11,9780643261545360940012879082020/9770802597982567469103136350129,449894844242302401430159671767/449442188554691045967752185884,0.001006643136725850,0.001006643136728653,99,53
428,3,16,90506323643955699840030696160/90418718596739477849941365441,98607594220227485062814159893/98512147597276124230720836522,0.000968412697079039,0.000968412697080990,144,60
429,3,9,2966300947994188951198176841880/2963317052286667473595497554319,100088415074732880240979939885/99987732980315892160493249808,0.001006437837732569,0.001006437837736039,81,44
429,3,11,126985201058311982160779516431/126857436594600074686921922643,4045090484104121979515914403893/4041020570349908032652501191584,0.001006643136726085,0.001006643136728315,99,53
429,3,16,1605347684985602196684880277065/1603732573466446804528817805651,7550546766880657953823493048003/7542950297173074191774102061960,0.001006588508513316,0.001006588508515166,144,60
430,3,9,326349092071306483508046878875/326020807223588199283470918783,900795735685235833949975638543/899889596835456923522441362296,0.001006437837746810,0.001006437837750821,81,44
430,3,11,9878845505974978199129505217775/9868906037535785275918019251203,2020034654115762945007159563787/2018002223233170497803805008452,0.001006643136726069,0.001006643136728253,99,53
430,3,16,9872706995363758374982796444765/9862836827853702636133498820439,2022367466366601258873635509357/2020345619099246740965925722186,0.001000242853339332,0.001000242853341472,144,60
431,3,9,198193132027611523491508408171/197993763303303072021955230726,1011135409457273973276766927937/1010118276448551654491465929629,0.001006437837731078,0.001006437837734794,81,44
431,3,11,21997138603071804595636957661/21975208850675395480550663718,4040115778609329716384993762045/4036088039353020606484989054324,0.000997433863979557,0.000997433863983350,99,53
431,3,16,658827153623462548066305022370/658163794703707799369352195309,364814090304435882514315736446/364446766827367428839753112003,0.001007385778462389,0.001007385778464142,144,60
432,3,9,4399858390569836480827172640185/4395432434203472787652001764284,2396122744688623357582359699889/2393712409224374364386237045664,0.001006437837732711,0.001006437837734660,81,44
432,3,11,1611569443724273551566523795510/1609947984656634578509122945063,8889768465699766726604915785813/8880824143912031824864027830480,0.001006643136726228,0.001006643136728391,99,53
432,3,16,2221189075583802819058882831600/2218954051957972087329600567231,200019848298600642777702776137/199818582638014590946731642752,0.001006735031011201,0.001006735031014457,144,60
433,3,9,4449401473937725656532101474625/4444925680620766374699934366533,1756466161484312959758097811203/1754699276757658903626178045656,0.001006437837732558,0.001006437837734609,81,44
433,3,11,2969608450075219591163134416925/2966620618203029118664285700574,2222444920316283958320197502143/2220208837048485917355635006040,0.001006643136620782,0.001006643136623220,99,53
433,3,16,9874070643644595260137670285095/9864176847027888472724166944121,4037540621238914718239059967789/4033495014601086638772040065960,0.001002500090242860,0.001002500090244924,144,60
434,3,9,278451263545110562500000000000/278173966721971684528589922797,14463732168726811477210672497/14449328402228984337797177915,0.000996350258666943,0.000996350258669220,81,44
434,3,11,2247514490258505000000000000000/2245277872691337645246245889791,2469469903540189570702245548572/2467012406695652487056686469055,0.000995647059222000,0.000995647059224271,99,53
434,3,16,878716122119410500000000000000/877840793413629326309100802531,29663818641547736659538759697/29634269175768661494900532847,0.000996641521257473,0.000996641521259614,144,60
435,3,9,9790472415834714499466382126640/9780612837034404842570941864317,808908215727338542159768782713/808093597805296283281743138168,0.001007565958354372,0.001007565958356617,81,44
435,3,11,439943448076978044943860634810/439500804853223198116253954223,336672060235887118735342252231/336333322139564029492749035379,0.001006643137774033,0.001006643137776821,99,53
435,3,16,1097108961760492924479068740610/1096005001634587108572385423563,175112578860554984668873672993/174936372748541476915593010716,0.001006751347695481,0.001006751347697578,144,60
436,3,9,8898913968354987272422086452180/8889962270042063920395732289209,200177391935226433070187543689/199976027181274638597366383256,0.001006437837732765,0.001006437837735028,81,44
436,3,11,9779647078232354219771984460440/9769807416966103880916876847377,4445387256866614749190923478571/4440914589861857712228626894904,0.001006643136724799,0.001006643136727221,99,53
436,3,16,9774673086947839571540609444425/9764815448680360885144690482204,641108461061835835075437761903/640461911019377661833909350392,0.001008996636306173,0.001008996636308309,144,60
437,3,9,330323122755614234621858748380/329990840305054012063668026871,556226143235337587656847469961/555666617809449683000243832195,0.001006437837745904,0.001006437837748947,81,44
437,3,11,987663794494465571826742109045/986670069761350366375756565043,1799602009972635144452599167923/1797791364450293952367762403184,0.001006643136726075,0.001006643136729608,99,53
437,3,16,132014475927438972810185675224/131881658530460271049089216117,2668085503352653348493132491507/2665401190371192801060771800112,0.001006588508512861,0.001006588508515212,144,60
438,3,9,99095462875599192626714166551/98996894114916742717223030319,8899621443326253232875931946551/8890769124251708559077723358384,0.000995179928342600,0.000995179928345865,81,44
438,3,11,3292944847496786018631749569180/3289665025753394080035417203889,8080148968400173433217613214083/8072101020589385801121126254376,0.000996511134021429,0.000996511134023361,99,53
438,3,16,263655294178081265370270352100/263389401038311293025424048913,3965265676254380351957161315277/3961266754313630637965186351028,0.001008996636306330,0.001008996636308409,144,60
439,3,9,110095082502092829611284592545/109985448523229844983900624349,404413804041435766935987224053/404011084015828934969608703772,0.000996307918933514,0.000996307918939161,81,44
439,3,11,9780643261545360940012879082020/9770802597982567469103136350129,2022522353676932668216859365993/2020487419828659281720775966576,0.001006643136725850,0.001006643136727966,99,53
439,3,16,1977657318962228882569383947509/1975683348616694234022390792564,3965973851189629959474871241545/3962015271157405718910050378568,0.000998634155549266,0.000998634155550777,144,60
440,3,9,198193132027611523491508408171/197993763303303072021955230726,1581951689534544947761459922005/1580360354420989124198829617214,0.001006437837731078,0.001006437837734405,81,44
440,3,11,9878935295022894268315681154900/9869086623966988019932306647657,177561333068364680713427142128/177384315696611819582090984263,0.000997433759474543,0.000997433759476254,99,53
440,3,16,4887471725822844824190568253560/4882584725227522514804749690293,1774879533753433570792767027501/1773104825310157028514523713215,0.001000403841551181,0.001000403841552886,144,61
441,3,9,396390713804185280586262091137/395991971879425200000000000000,1581969447967955035883951793641/1580378094990631057495914744587,0.001006437837731864,0.001006437837734232,81,44
441,3,11,4939422753558990628716665375915/4934453019338819508305784249798,1072026547813225627108665511/1070947942622815782521372575,0.001006643136725998,0.001006643136729385,99,53
441,3,16,9774687525545504067749276225930/9764831305323679644476791136091,1065978503515673929696929233327/1064903633464335614123694372513,0.001008849925434912,0.001008849925436620,144,61
442,3,9,3263490919549836972936374998120/3260208034146535865013147671709,799900413461526302689121034357/799095759348434870915002761280,0.001006449164413021,0.001006449164414920,81,44
442,3,11,1097648254981271551907001145195/1096543870852465985482620503307,355914427432190277739429356604/355556328885514240922034525779,0.001006643136726016,0.001006643136729219,99,53
442,3,16,8801358254687783018919570235340/8792502077672121843749008124451,356026854282255827989581597237/355668609934892406266743744208,0.001006735031010968,0.001006735031014043,144,61
443,3,9,8799506977870241257281091664720/8790655276185243754643424782667,790975844655244877766349281843/790180177098579740501616754867,0.001006437837732475,0.001006437837734301,81,44
443,3,11,4400467651718126195356193288980/4396040179969426499750611251411,848558847640030281070532810835/847705081490067699581387538179,0.001006643137774509,0.001006643137776350,99,53
443,3,16,1974826074543464972734169325052/1972837664557161334291386470241,1675255482930761305302817224466/1673568704143093148012695941139,0.001007385778462566,0.001007385778463911,144,61
444,3,9,495436426412843919801763425871/494987836093693335228385681488,14061034371000769858099469349/14048302881025850000000000000,0.000905854928655326,0.000905854928656860,81,44
444,3,11,146796436131214596218992600019/146663605423384392496762817824,17324555574584206110660555769/17308879220031812500000000000,0.000905272937316965,0.000905272937318935,99,53
444,3,16,989286052275437538349575265699/988388769565520944930041263328,20836551905163909736157064963/20817653147099125000000000000,0.000907411836946588,0.000907411836948349,144,61
445,3,9,263520632128949903411023291081/263255251427424160446816770130,1581951428097709359118332492588/1580358310411335565813645683407,0.001007565958354317,0.001007565958356266,81,44
445,3,11,8800935303437389726869663276985/8792080359939990486440446151709,1775990225171545799254656658982/1774203336329206915267869088839,0.001006643137774362,0.001006643137776364,99,53
445,3,16,8131948886523638650374648865345/8123767478569058418069568670781,1777718221359691596820403597765/1775929690934794781531630977466,0.001006588508513391,0.001006588508514701,144,61
446,3,9,1321291254979515389845252268045/1319962126420667156227596131823,871126843603749279908303502822/870250549628554988883803170513,0.001006437837732218,0.001006437837734298,81,44
446,3,11,2169856076606342973138436896455/2167672904901134724305297092797,1580200589869438049003031844504/1578610692155227401935960490763,0.001006643136620928,0.001006643136622729,99,53
446,3,16,4887387221501624204166322109450/4882489363179916108305110309439,1065978990141758799645311676196/1064910727319309919759948220277,0.001002644954533897,0.001002644954535840,144,61
447,3,9,990969368262204350319813011725/989972520910541799859100887092,1760104826997869462804346701600/1758334282022779393897613642239,0.001006437837732316,0.001006437837734342,81,44
447,3,11,219971038087119060193795195205/219749717165632983282860718966,1580202610071046778740837435038/1578612710324071323742865390495,0.001006643136724939,0.001006643136727851,99,53
447,3,16,3264111231231370666214105703730/3260853152125733841138454329189,177999079208247286490968576929/177821409073956495723911085644,0.000998650470712549,0.000998650470715946,144,61
448,3,9,1631745460356532417540234394375/1630104036117964425942357459906,871126843603749279908303502822/870250549628554988883803170513,0.001006437837732436,0.001006437837734298,81,44
448,3,11,2929929349060372566267960195350/2926981439785302122122073544969,88978203355470019477433091816/88888679124779731504603890287,0.001006643136726102,0.001006643136729297,99,53
448,3,16,1974507254858952303419214821828/1972519198111059779896045214607,1775115851118475127160962133892/1773328554040974633315574333309,0.001007369441123849,0.001007369441125524,144,61
449,3,9,990954628755823798313457283915/989968941149138717754269044863,527318098747359096643199393748/526793583396569872182598295933,0.000995179928201938,0.000995179928205876,81,44
449,3,11,9779751096410976545258340391520/9770098408645729580768947632759,263373378296152592465375629858/263113426794185554405888650291,0.000987494921344403,0.000987494921346265,99,53
449,3,16,2428867305551076623842859418215/2426419722444226780116725502984,1579139192127612883286439444662/1577547884771633124294581599303,0.001008213644246707,0.001008213644248303,144,61
450,3,9,1376342702842985575928747867/1374972124581337500000000000,1011147900865761235888699481746/1010140987885888880306179844091,0.000996307918933573,0.000996307918938973,81,44
450,3,11,8899909801899613316647156804505/8890955276541956595810224031816,8079030853691426858692834394731/8070902244721775262236772992976,0.001006643136725854,0.001006643136727810,99,53
450,3,16,1319667130562165636045615278625/1318339243959688122974922972996,4415719950693581452609707221843/4411276727681477318143159643472,0.001006735031010674,0.001006735031012835,144,61
451,3,9,4449401480233019745373429480490/4444925686909665357066400149309,100088415075434098675496427799/99987732981015064232028843748,0.001006437837746613,0.001006437837749450,81,44
451,3,11,989870233298438321799602574545/988874288586399529105204275801,3989969152317824200784434625141/3985954698155248179160862310612,0.001006643136721729,0.001006643136728363,99,53
451,3,16,658827153623462548066305022370/658163794703707799369352195309,1480900061180391617482723970845/1479408974695191127391176983804,0.001007385778462389,0.001007385778464120,144,61
452,3,9,494377940863212582028841210375/493880624901322904871464855139,202455712723966534041327792131/202252053844410107785857671391,0.001006449164413180,0.001006449164415536,81,44
452,3,11,1979742714478367702937302228135/1977750822792609363528393790077,785067075668429947161761685746/784277190917570475565946718813,0.001006643136724166,0.001006643136727414,99,53
452,3,16,660125873204430408496004417405/659464752723810687349216166817,93878161305576894736830520951/93784141698648048097315701444,0.001002008536502867,0.001002008536506155,144,61
453,3,9,1729215125810239822098505762675/1727475653760118126273656057879,1112452286344869396177493249300/1111333235493236134698741751911,0.001006437837732373,0.001006437837734554,81,44
453,3,11,1161822346632615213456399622720/1160653394598765407729896686813,2699410154571871779839511528859/2696694179104936236384142991424,0.001006643136725504,0.001006643136728715,99,53
453,3,16,21973346967955804485001035604/21951226055576642441947349751,8975663737661509632022790676977/8966627796465315114848935974432,0.001007222733272569,0.001007222733274576,144,61
454,3,9,4053541441903929000000000000000/4049504706175058405177699137957,740828898977231946129418722874/740091141505562134730826700335,0.000996350258666910,0.000996350258669107,81,44
454,3,11,224864455692243600000000000000/224640681476635325338736935507,176656577917263740322939856059/176480777846799608308924781860,0.000995647059802393,0.000995647059804848,99,53
454,3,16,209971415274536500000000000000/209761919207107317468555320877,4859141195541061833537448862596/4854293054806192525580442935785,0.000998234200694629,0.000998234200696250,144,61
455,3,9,1975296761365105407907706232640/1973307521903975988892522327557,4449808987352396733178123277195/4445327769236071857977379837912,0.001007565958354464,0.001007565958356451,81,44
455,3,11,3963866493669825561306841731940/3959878302348566510873334304809,4044545680281927510158577441587/4040476314674802095235823813440,0.001006643136725630,0.001006643136728168,99,53
455,3,16,1381747078982223548486225202625/1380367907913107375046755164143,4442706423969994876237829887565/4438272000144006349705614636576,0.000998634155548728,0.000998634155550821,144,61
456,3,9,9889768483898071181878306943135/9879820053767461385572209550668,556226143172434698088746624650/555666617746618011105639701301,0.001006437837732472,0.001006437837734655,81,44
456,3,11,8799515864335816403559399315200/8790662348997326823734322347151,299260647448104031746629498419/298959550345349461416223078256,0.001006643136725781,0.001006643136728170,99,53
456,3,16,5929444447118555541498046529140/5923474313549617825956038387529,2243879633546572596582735774157/2241620355928846762778240762766,0.001007369441123557,0.001007369441125938,144,61
457,3,9,1958094551729654936771112672997/1956124820487674222021449901988,3999410764219897042631867687003/3995387585500127895714210735456,0.001006449164413174,0.001006449164415317,81,44
457,3,11,94188368751833989058067416759/94093602382741684147175173635,150133572858034753210034451515/149982517969122327156224659728,0.001006643137669726,0.001006643137672554,99,53
457,3,16,2428867305551076623842859418215/2426419722444226780116725502984,1800181290676863597942640137665/1798367237967492949350433850208,0.001008213644246707,0.001008213644248741,144,61
458,3,9,4449401480233019745373429480490/4444925686909665357066400149309,100088415075434098675496427799/99987732981015064232028843748,0.001006437837746613,0.001006437837749450,81,44
458,3,11,990957843295343758604655836965/989969921161096131432806900994,4044545653221099023973635969657/4040513497664888546299665901104,0.000997433862939036,0.000997433862944412,99,53
458,3,16,1974507254858952303419214821828/1972519198111059779896045214607,2243879633546572596582735774157/2241620355928846762778240762766,0.001007369441123849,0.001007369441125938,144,61
459,3,9,161523276751460042400090245071/161360795391472093611459637152,112600730977043869827053162431/112487462349309000000000000000,0.001006437837732887,0.001006437837737855,81,44
459,3,11,1631913283315724442057103377625/1630271355565644020993745465414,76911831824193371873161446152/76834448012030662710531926631,0.001006643136726145,0.001006643136728319,99,53
459,3,16,548568845266766255662103742700/548020320471724425202218377907,1472072584158719936906518644809/1470600629782380444376014168780,0.001000419952938764,0.001000419952940697,144,61
460,3,9,990954628755823798313457283915/989968941149138717754269044863,4044547217466225476932599588899/4040524167418079802825535819728,0.000995179928201938,0.000995179928206237,81,44
460,3,11,2224478963690326206523203549680/2222263349760936067466622090003,2966207388927109284651280269047/2963253002522178533604563008368,0.000996511134021137,0.000996511134023306,99,53
460,3,16,1645663430928906573546067231075/1644004845838930128443243511462,1199589952302654489921975180629/1198380943235802687659395383336,0.001008360169458866,0.001008360169461278,144,61
461,3,9,652639858184507804568827827348/651989951806206863025794359485,4044183933119425161118104758801/4040156687617635555742937189460,0.000996307806373425,0.000996307806375573,81,44
461,3,11,99097698795702150174659216387/98997992969856300000000000000,1797091966049190635643755647417/1795283845974015918870694953978,0.001006643136726347,0.001006643136727750,99,53
461,3,16,4151964607053924960541113102085/4147784759286173947238143694064,8090753070435047530110801733039/8082607982660576135545123503792,0.001007222733272642,0.001007222733274737,144,61
462,3,9,990969368262204350319813011725/989972520910541799859100887092,1112452286344869396177493249300/1111333235493236134698741751911,0.001006437837732316,0.001006437837734554,81,44
462,3,11,152456442570361002836147221405/152303050557259632876552807996,4044545680281927510158577441587/4040476314674802095235823813440,0.001006643136725532,0.001006643136728168,99,53
462,3,16,4857734587646493860742472108525/4852838710393156138602258573039,600012149297932783382138451347/599407425886128888763445121744,0.001008360169459016,0.001008360169460853,144,61
463,3,9,1321291254979515389845252268045/1319962126420667156227596131823,444379030831115388843258378943/443932015944271567192877719048,0.001006437837732218,0.001006437837734714,81,44
463,3,11,326349424358955034664326146121/326021072245178269247369366472,1346672910947370113420120449405/1345317973987560660185491995714,0.001006643136724942,0.001006643136727241,99,53
463,3,16,497966297086882166269842415/497468937985222268904719524,4487180053038083774140471967243/4482698344430039915625591988428,0.000999279763310329,0.000999279763312468,144,61
464,3,9,810708198826244400000000000000/809900851769653292365540635433,2448136916103256914586774636108/2445698928999865297703563409745,0.000996350258667210,0.000996350258669347,81,44
464,3,11,901784322225436500000000000000/900886910142178905334004599153,495527796233650537432185633404/495034670969691687486538986003,0.000995647061182235,0.000995647061185116,99,53
464,3,16,4455340893474741000000000000000/4450902727746436634505664991897,49512326007469448977788840248/49463004549545234866148660285,0.000996641521257396,0.000996641521259943,144,61
465,3,9,2966267197807751881596488522275/2963279993111454430961539126812,4449808480158010494306598775323/4445327262552460354055187452268,0.001007565958354126,0.001007565958356383,81,44
465,3,11,8898811852510980339559883813675/8889858431840432527335534031758,4044545680281927510158577441587/4040476314674802095235823813440,0.001006643136726022,0.001006643136728168,99,53
465,3,16,3959012974794713710929365653225/3955048569016179054788178316782,4416218260671076875886952306821/4411796026820527029061385247060,0.001001863856677935,0.001001863856679571,144,61
466,3,9,593253529859290432254790943764/592656757417028342516888577843,734113130838392876888787134333/733374663279519763772706291714,0.001006437837732423,0.001006437837734610,81,44
466,3,11,329217345791295311618890305980/328886108156680265808164008107,60053102303584486982424639673/59992680676921490608732270472,0.001006643136725818,0.001006643136728327,99,53
466,3,16,1973691603774612306900639182800/1971828934599783044180267299683,8976424993754713143301920642065/8967953503019234539039743024264,0.000944194458041267,0.000944194458043227,144,61
467,3,9,9791469718217320271977808568395/9781620170040213140372968213038,337798399461296013148327563010/337458597398336805172180475481,0.001006437825068603,0.001006437825071372,81,44
467,3,11,256181336881809602268202351385/255925940333106868418003700537,1801586367212571467637743599265/1799790299841005459021627488224,0.000997433862942379,0.000997433862945830,99,53
467,3,16,24447129142849639748525122360/24422529347654051137881884139,900089331998282660871184586761/899183621839203810524775316752,0.001006751347694621,0.001006751347699154,144,61
468,3,9,396390713804185280586262091137/395991971879425200000000000000,8098208305632862741337796887299/8090062062407548929432418086576,0.001006437837731864,0.001006437837734525,81,44
468,3,11,990966876707341573495142692615/989969828622187613697593251974,4044545684952258043556699714339/4040476319340437821850372247900,0.001006643136720542,0.001006643136727132,99,53
468,3,16,263655294178081265370270352100/263389401038311293025424048913,4487759227432850845528064333321/4483233377135644082787214849980,0.001008996636306330,0.001008996636308209,144,61
469,3,9,198193132027611523491508408171/197993763303303072021955230726,92704357205891096272796194754/92611102968244444767843096309,0.001006437837731078,0.001006437837734541,81,44
469,3,11,1958096546133040579803149447506/1956126433448552521983222383397,577792240640546592762832341523/577210902695522922187003847472,0.001006643137669810,0.001006643137671768,99,53
469,3,16,592316030524475671474955314192/591720111987433604598416893155,8988676899212514430635455164385/8979633552566993079263218548336,0.001006588508513328,0.001006588508515114,144,61
470,3,9,495482823843868801272901372265/494984402045627741452329286122,4044587040946814657947145937781/4040518463290665808144973432064,0.001006437825068085,0.001006437825070835,81,44
470,3,11,2966267243658470074243760411650/2963282773496169990583492666173,8089183088154745296398788315393/8081044264650005450310192337872,0.001006643136726050,0.001006643136728018,99,53
470,3,16,1645663430928906573546067231075/1644004845838930128443243511462,1199589952302654489921975180629/1198380943235802687659395383336,0.001008360169458866,0.001008360169461278,144,61
471,3,9,1981920279073072706603359681210/1979948870723758210515868354389,1012254691334584411750127822072/1011247805552543825682345412959,0.000995191126957524,0.000995191126960928,81,44
471,3,11,1318027957045584100615883963185/1316715181704186906434753756853,75058000210691151380948277995/74983241332228029688183587162,0.000996511144275001,0.000996511144280938,99,53
471,3,16,323804798989207688834276467165/323483425775913899014544790954,499363335944969283932599477297/498867722537215401495022294388,0.000992983426562412,0.000992983426564649,144,61
472,3,9,1087733082534704873064293455360/1086649795715416826668960846437,2702218946437684856666332455613/2699527773194435298686827777128,0.000996408608392363,0.000996408608395220,81,44
472,3,11,660629288867432266217853012305/659966414240802838369106822157,785922441778861092343172130782/785133848154669303141531824787,0.001003902527837680,0.001003902527840307,99,53
472,3,16,2221189075583802819058882831600/2218954051957972087329600567231,200019848298600642777702776137/199818582638014590946731642752,0.001006735031011201,0.001006735031014457,144,61
473,3,9,39881386491784636306447935475/39841268547397812045311923142,8089073163400929263174155526575/8080936109605725397977681418896,0.001006437825068741,0.001006437825070906,81,44
473,3,11,66064458447158742200910444317/65997988574814839532562840080,4044545680281927510158577441587/4040476314674802095235823813440,0.001006643136725128,0.001006643136728168,99,53
473,3,16,1974826059091299463824824594282/1972834760598398056052316469917,336457761981995252569062984071/336118497756026109201624745923,0.001008849925434884,0.001008849925437259,144,61
474,3,9,2249972513040690000000000000000/2247731868763910084570452335499,484711589390985527007606271319/484228887383576160486236931206,0.000996350258680534,0.000996350258683133,81,44
474,3,11,1485074944433161500000000000000/1483597069908447591853191711623,989087344351179723399525029968/988103052619360974359086326015,0.000995646969190705,0.000995646969192892,99,53
474,3,16,80416132713310500000000000000/80336026581648661698362478877,49512326007469448977788840248/49463004549545234866148660285,0.000996641521257590,0.000996641521259943,144,61
475,3,9,349659729092338016582630568485/349307601278086191916233938556,2202293859468399464928557539327/2200076020642378590317484701244,0.001007565958354321,0.001007565958357059,81,44
475,3,11,323039555010624809548354778683/322714533077677650951777492180,2224906861119525019266508990103/2222668300802642542724168866086,0.001006643136725851,0.001006643136728213,99,53
475,3,16,1454344949179305622465664590945/1452881522218842111699233656326,299897007248971674729204283993/299595237461811447018968809434,0.001006751347695458,0.001006751347697582,144,61
476,3,9,8799505972725864460602886404635/8790654172483040718079331332011,1801596542005168229352843058931/1799784238819346256453465194640,0.001006449164413080,0.001006449164415530,81,44
476,3,11,9790481717609090527496798359040/9780631155215156213664604702569,870709584895108443314521103299/869833532077645431615793729272,0.001006643136725792,0.001006643136728803,99,53
476,3,16,9888285859394700848892448154870/9878713586445391833915008336529,2243590635069900520686469447841/2241418745801039012219284917102,0.000968510544433312,0.000968510544435645,144,61
477,3,9,1938257141473591574378239979812/1936307387464839504718756533387,888779239442142330633002900381/887885188365057628073810522688,0.001006437837732715,0.001006437837734836,81,44
477,3,11,1981914682946150525710589143735/1979938839678218538074273126439,1112453732080007954941845953503/1111344686248552970841530484309,0.000997433862942418,0.000997433862944579,99,53
477,3,16,36003918560157241173608821337/35967923316057382805458998756,2208108847942158531543234568247/2205901271096095747694444696574,0.001000259161434986,0.001000259161437483,144,61
478,3,9,198193132027611523491508408171/197993763303303072021955230726,92704357205891096272796194754/92611102968244444767843096309,0.001006437837731078,0.001006437837734541,81,44
478,3,11,8898801730975420112610909727985/8889848320488520861529704682712,898535665976619348950583272251/897631616319391523808955953360,0.001006643136725936,0.001006643136728271,99,53
478,3,16,7810361356616759302195111089770/7802484702706498262085730725129,3965265676254380351957161315277/3961266754313630637965186351028,0.001008996636306290,0.001008996636308409,144,61
479,3,9,198193132027611523491508408171/197993763303303072021955230726,8089083275532017417900816091791/8080946211462366984820682127408,0.001006437837731078,0.001006437837734646,81,44
479,3,11,2199878966083954100889849828800/2197665587249331458438598162147,2224906861119525019266508990103/2222668300802642542724168866086,0.001006643136725894,0.001006643136728213,99,53
479,3,16,792118900728581584399585770722/791328245675240055059861244633,8974369938077961786992262362555/8965412152907591946293138199024,0.000998650470711822,0.000998650470714428,144,61
480,3,9,979047276213935274331546225481/978062421670794297248303713239,100088415074732880240979939885/99987732980315892160493249808,0.001006437837732606,0.001006437837736039,81,44
480,3,11,1688014248016192777988061440/1686315875029904503781683299,3999410659717781225596018188859/3995386706108659990629974983992,0.001006643136725966,0.001006643136728159,99,53
480,3,16,1319667130562165636045615278625/1318339243959688122974922972996,4415719950693581452609707221843/4411276727681477318143159643472,0.001006735031010674,0.001006735031012835,144,61
481,3,9,4449401411879927663173354506860/4444925618625332435581199502573,900800791750797891273165318277/899894647814964461761220681148,0.001006437837746471,0.001006437837749328,81,44
481,3,11,466213458971466899791833067975/465744384527199764519757969342,450398420772380825746915016861/449945258417545657621384065384,0.001006643137669825,0.001006643137673445,99,53
481,3,16,1974826059091299463824824594282/1972834760598398056052316469917,5389907261163050205101081767043/5384472395567344320503771356104,0.001008849925434884,0.001008849925437368,144,61
482,3,9,4449401473937725656532101474625/4444925680620766374699934366533,217677207298222893227134085809/217458238927895139724657723806,0.001006437837732558,0.001006437837734938,81,44
482,3,11,152456442570361002836147221405/152303050557259632876552807996,252784104988375502799856058500/252529769637959549768489406933,0.001006643136725532,0.001006643136728322,99,53
482,3,16,8900495644367923244901812605360/8891539712490970347356765929203,200019848298600642777702776137/199818582638014590946731642752,0.001006735031010932,0.001006735031014457,144,61
483,3,9,3963526967078129746389197456030/3959623727422653239174884093407,2224708762113012724757008046333/2222517892331044974035836523214,0.000985274702384930,0.000985274702387225,81,44
483,3,11,592535913436829563643176827289/591945738908365358268069600369,4044138362317840823702011997927/4040110340729770456171042294176,0.000996511134021087,0.000996511134023430,99,53
483,3,16,1974826074543464972734169325052/1972837664557161334291386470241,1324912288375878627415949871049/1323578262630954939814782015642,0.001007385778462566,0.001007385778464314,144,61
484,3,9,286343658989403750000000000000/286058502492166821620578307951,618178264460584735878152584479/617562649122063955762080874405,0.000996350258666901,0.000996350258669484,81,44
484,3,11,1127227308014850750000000000000/1126105545991581086644034953793,494543677195812685709836730680/494051531279915228708898440489,0.000995647060258566,0.000995647060260721,99,53
484,3,16,4448152765620855000000000000000/4443742343948330660768987920907,4447059159066025529456410650032/4442649821723618505223127912115,0.000992009460269716,0.000992009460271764,144,61
485,3,9,808980961891414115375250480730/808166270709728268901853606037,183524488289559951734927969093/183339668387391098875327125939,0.001007565958354419,0.001007565958356602,81,44
485,3,11,8799515864335816403559399315200/8790662348997326823734322347151,4395643981663066866567338225561/4391221363190155109166348128400,0.001006643136725781,0.001006643136728326,99,53
485,3,16,592316030524475671474955314192/591720111987433604598416893155,3767395724581758009779915644879/3763605415299283197771363565092,0.001006588508513328,0.001006588508515238,144,61
486,3,9,4399858390569836480827172640185/4395432434203472787652001764284,400358154585043871609530166581/399955421686432000000000000000,0.001006437837732711,0.001006437837735360,81,44
486,3,11,47188452815299320060863580170/47141408920008826001339293581,247211687237478746832114104939/246965232860715559466775863238,0.000997433862942162,0.000997433862944510,99,53
486,3,16,9715359249838449095577585572140/9705561428850305482308402932499,4487759227432850845528064333321/4483233377135644082787214849980,0.001008996636306485,0.001008996636308209,144,61
487,3,9,9691176916249580436175789017250/9681428255642240701664028518019,33779840087721785207585123551/33745859880856073664347195127,0.001006437837732468,0.001006437837735406,81,44
487,3,11,141566624303938743879754024765/141424188936014440946955320361,4044545680281927510158577441587/4040476314674802095235823813440,0.001006643136725218,0.001006643136728168,99,53
487,3,16,9715314074124775786675231696750/9705616872442771584110514863319,4442706423969994876237829887565/4438272000144006349705614636576,0.000998634155548783,0.000998634155550821,144,61
488,3,9,1981931320290050075311630768025/1979937633046923108573012241839,4449859605129756441039329271377/4445383350964104744672390054516,0.001006437837745439,0.001006437837748925,81,44
488,3,11,3263490907009103678460952375825/3260207389228388696153818711953,900795920573666507006685416071/899889596791467126546271187520,0.001006643136725915,0.001006643136730895,99,53
488,3,16,1974507254858952303419214821828/1972519198111059779896045214607,2243879633546572596582735774157/2241620355928846762778240762766,0.001007369441123849,0.001007369441125938,144,61
489,3,9,979047276213935274331546225481/978062421670794297248303713239,100088415074732880240979939885/99987732980315892160493249808,0.001006437837732606,0.001006437837736039,81,44
489,3,11,733292980157486397669725786485/732555187221202356385814660559,571345036475206040245945718681/570770185299073551054281770488,0.001006643136725050,0.001006643136727139,99,53
489,3,16,2428867305551076623842859418215/2426419722444226780116725502984,838949446539707038791732464637/838104032511463346846674942544,0.001008213644246707,0.001008213644248538,144,61
490,3,9,198195359146987516273099416487/197995985939712600000000000000,561867438129107920165981424729/561302231589025755888387654567,0.001006449164409231,0.001006449164415254,81,43
490,3,11,355956510071427341465009152574/355598369183867135835203988219,1483422265965046451995629551767/1481929740468451586937538576200,0.001006643136726017,0.001006643136728366,99,52
490,3,16,9774943451645689648381136507120/9765169450455046019589429079149,4449931738066042106770861484911/4445482235281561022158391836104,0.001000403841551080,0.001000403841553435,144,61
491,3,9,198193132027611523491508408171/197993763303303072021955230726,444379030831115388843258378943/443932015944271567192877719048,0.001006437837731078,0.001006437837734714,81,43
491,3,11,198193375547393410347584814686/197993965930154758142922222657,4044545680281927510158577441587/4040476314674802095235823813440,0.001006643136723933,0.001006643136728168,99,52
491,3,16,4152681613852031087019374892475/4148500367869227571070182573863,4044651937782358356420628984525/4040579464561604268132925754916,0.001007385778462275,0.001007385778464619,144,61
492,3,9,1977953696779614236375661388627/1975964010753492079118455970421,1599764511017271849450225307087/1598155257424608669689279676720,0.001006437837732572,0.001006437837734724,81,43
492,3,11,2966267243658470074243760411650/2963282773496169990583492666173,6287589405160785480063823972639/6281263231073587868940546086376,0.001006643136726050,0.001006643136728133,99,52
492,3,16,1645663430928906573546067231075/1644004845838930128443243511462,600012149297932783382138451347/599407425886128588796878856920,0.001008360169458866,0.001008360169461353,144,61
493,3,9,2224700705939963831586677253430/2222462809312697402158385256021,24395286172799390188404015902/24370746184790362016567297781,0.001006437837732440,0.001006437837734951,81,43
493,3,11,1486450315062401888330517310340/1484954742933261620947795906701,2022273070383272309739712974571/2020238387346148010439703505586,0.001006643137668671,0.001006643137671803,99,52
493,3,16,21973346967955804485001035604/21951226055576642441947349751,7910387606765912409188961722485/7902424095727286603708654286096,0.001007222733272569,0.001007222733274832,144,61
494,3,9,4053195260770324500000000000000/4049243297923240968988884884399,20183667871810744069538120384/20163988310275807036206466597,0.000975499692307763,0.000975499692309907,81,43
494,3,11,2209526516709580500000000000000/2207349581698280922386943843311,2472469545439693982186842961438/2470033545927061699006470965915,0.000985735229637468,0.000985735229639855,99,52
494,3,16,52493852507121812500000000000/52441477493836926274031261363,4859141195541061833537448862596/4854293054806192525580442935785,0.000998234200694689,0.000998234200696250,144,61
495,3,9,4845642629645825884674671002940/4840762783881913542477694642563,1795584157853423513895706999349/1793775899503361653415849456832,0.001007565958353928,0.001007565958356648,81,43
495,3,11,4895242736495113553510325672520/4890362444995745400573167288073,51853213568442922229870547841/51801518726937526070381845224,0.000997443042810042,0.000997443042812265,99,52
495,3,16,3290902357336461985746370285480/3287617536615115483974802669461,4443428901827581917190683909659/4438993684447752040449970096824,0.000998650470712525,0.000998650470714485,144,61
496,3,9,4845588458124790218087894508625/4840714127821119855842049409728,3603182942690320758815769945919/3599558387291314524197034146880,0.001006437837732571,0.001006437837734574,81,43
496,3,11,1185182437620104607916154752067/1183989971172598114246746751035,4044591539946652175111533581175/4040522090761299340946866126056,0.001006652402146524,0.001006652402149160,99,52
496,3,16,4441628933940983280942214399270/4437184918322534416564283960049,598373958290256052794850305515/597775262799059103175427402664,0.001001038216027005,0.001001038216029045,144,61
497,3,9,3953918643938089188216651834275/3949941272431832039222188163793,450397867838397121397994343943/449944798413519030936826405956,0.001006437837732539,0.001006437837735000,81,43
497,3,11,219987896286426422831542831241/219766556367058447081597346451,257370528649498725710653166417/257111576347936746172417348104,0.001006652402146805,0.001006652402149897,99,52
497,3,16,2428867305551076623842859418215/2426419722444226780116725502984,7536237772982942652661641318265/7528643464220072350681340308464,0.001008213644246707,0.001008213644248840,144,61
498,3,9,9790472762143249355889088510600/9780624216835696912470847591851,15013262166803905299399956279/14998159852926259395699318102,0.001006437825068666,0.001006437825072065,81,43
498,3,11,439975741914407028735008640697/439533062126640871931493400365,112599606225659578717099029347/112486314593784696053848341714,0.001006652402146788,0.001006652402153206,99,52
498,3,16,1974507254858952303419214821828/1972519198111059779896045214607,2243879633546572596582735774157/2241620355928846762778240762766,0.001007369441123849,0.001007369441125938,144,61
499,3,9,109863276719980781590238323360/109765089181562529064228740987,900695700886121768466251116801/899890726773071804678032277952,0.000894124441135932,0.000894124441141175,81,43
499,3,11,8898902004108512472043000267480/8890765296541599388348787516397,1348196944680148854720627365401/1346964221331085320974945203860,0.000914767881467423,0.000914767881469491,99,52
499,3,16,1097108961760492924479068740610/1096005001634587108572385423563,4415719948319291793256597939291/4411276653332166008959394735220,0.001006751347695481,0.001006751347697504,144,61
500,3,9,449909954142875297372963194121/449507858445149669009003087928,900695700886121768466251116801/899890726773071804678032277952,0.000894124441135662,0.000894124441141175,81,43
500,3,11,122096147530785365129924614460/121984508966044870571804239101,4003577453401721615810470509701/3999916783923075869592479179968,0.000914767881467707,0.000914767881469759,99,52
500,3,16,548554480880246462239534370305/548002500817293499287307728528,1495704100790761355358060385637/1494199056401386893283981729920,0.001006751347695581,0.001006751347697469,144,61
501,3,9,9790472762143249355889088510600/9780624216835696912470847591851,15013262166803905299399956279/14998159852926259395699318102,0.001006437825068666,0.001006437825072065,81,43
501,3,11,4449456371348629986733006192340/4444979569074093120825578684247,112599606225659578717099029347/112486314593784696053848341714,0.001006652402146827,0.001006652402153206,99,52
501,3,16,9774833228005939688409386373310/9764991317772061331532136159221,1495943955104066012085476236963/1494437745660114651219900045456,0.001007369441123958,0.001007369441125667,144,61
502,3,9,3953918643938089188216651834275/3949941272431832039222188163793,450397867838397121397994343943/449944798413519030936826405956,0.001006437837732539,0.001006437837735000,81,43
502,3,11,219987896286426422831542831241/219766556367058447081597346451,257370528649498725710653166417/257111576347936746172417348104,0.001006652402146805,0.001006652402149897,99,52
502,3,16,2428867305551076623842859418215/2426419722444226780116725502984,7536237772982942652661641318265/7528643464220072350681340308464,0.001008213644246707,0.001008213644248840,144,61
503,3,9,2933169033995743905675401039395/2930218466725792935730302890409,2936452523353148978498452704871/2933498653117657002132090559488,0.001006437837732727,0.001006437837734592,81,43
503,3,11,594580131456848572846835988431/593981897096795237488280559501,299261206839590319598027974237/298960106404020209840192408900,0.001006652402146273,0.001006652402149194,99,52
503,3,16,4441628933940983280942214399270/4437184918322534416564283960049,598373958290256052794850305515/597775262799059103175427402664,0.001001038216027005,0.001001038216029045,144,61
504,3,9,4845642629645825884674671002940/4840762783881913542477694642563,3999455564095839266228812170563/3995427878237816709563134057860,0.001007565958353928,0.001007565958356357,81,43
504,3,11,4449410895601178493006485191025/4444975074266086883651348778108,51853213568442922229870547841/51801518726937526070381845224,0.000997443042809986,0.000997443042812265,99,52
504,3,16,9776434946571727328766812248475/9766676578620821310728167305042,299193934731225082943568128687/298895293711288083252448451016,0.000998650470712473,0.000998650470714271,144,61
505,3,9,8042053908450250000000000000/8034212712500957313105546293,1631949013947146857948031253424/1630357824414806623138353473135,0.000975499692307956,0.000975499692310043,81,43
505,3,11,2209526516709580500000000000000/2207349581698280922386943843311,165157244622206265884795062583/164994523520888977890425129860,0.000985735229637468,0.000985735229639895,99,52
505,3,16,52493852507121812500000000000/52441477493836926274031261363,4859141195541061833537448862596/4854293054806192525580442935785,0.000998234200694689,0.000998234200696250,144,61
506,3,9,4449401473937725656532101474625/4444925680620766374699934366533,48790572345598780376808031804/48741492369580711534527667861,0.001006437837732558,0.001006437837735208,81,43
506,3,11,2972900630124803776661034620680/2969909485866522251915662114839,168522545194915342230675331172/168352988487118142895355689495,0.001006643137669005,0.001006643137671845,99,52
506,3,16,4738637087158092891943927947655/4733866627020429338182029612561,8074987830287809120043072425081/8066858613627395012754674323728,0.001007222733272681,0.001007222733274655,144,61
507,3,9,3263490920759379141380701671655/3260208072282195893892487161138,7188287438331002249861908105259/7181056513213233647681121929928,0.001006437837732644,0.001006437837734709,81,43
507,3,11,6916978998474052935363840853820/6910019572455263061133423150653,4044545680281927510158577441587/4040476314674802095235823813440,0.001006643136725989,0.001006643136728168,99,52
507,3,16,4857734587646493860742472108525/4852838710393156138602258573039,600012149297932783382138451347/599407425886128888763445121744,0.001008360169459016,0.001008360169460853,144,61
508,3,9,198193132027611523491508408171/197993763303303072021955230726,8899618290632654941387610882813/8890665883819715040721659890640,0.001006437837731078,0.001006437837734650,81,43
508,3,11,198193375547393410347584814686/197993965930154758142922222657,4044545680281927510158577441587/4040476314674802095235823813440,0.001006643136723933,0.001006643136728168,99,52
508,3,16,4936985321029003489637934842440/4932014376477932307400898915793,7549641808663057512543495938473/7542040236373275103318422355344,0.001007385778462216,0.001007385778464467,144,61
509,3,9,198195359146987516273099416487/197995985939712600000000000000,8089074165305730151621576226117/8080937018870148517081763989944,0.001006449164409231,0.001006449164415514,81,43
509,3,11,1483133621829235037121880205825/1481641386748085160288401282847,8089183088154745296398788315393/8081044264650004550410493543400,0.001006643136725938,0.001006643136728129,99,52
509,3,16,3959007169399926456929301615785/3955048543861180083219923419167,2247171273997603469460037887013/2244924319340900176405587963666,0.001000403841551202,0.001000403841553538,144,61
510,3,9,9889768483898071181878306943135/9879820053767457425652490756416,20017683014946576048195987977/19997546596063158434327565640,0.001006437837732873,0.001006437837737039,81,44
510,3,11,1779782550357138685300971461477/1777991845919339639095738735347,2022270772579409260633256378893/2020236091856097887093995097280,0.001006643136724901,0.001006643136727230,99,53
510,3,16,2428867305551076623842859418215/2426419722444226780116725502984,838949446539707038791732464637/838104032511463346846674942544,0.001008213644246707,0.001008213644248538,144,61
511,3,9,1981931320290050075311630768025/1979937633046923108573012241839,4044592097012988033905555119799/4040523514219556238075810687096,0.001006437837745439,0.001006437837749026,81,44
511,3,11,7907845978687634124252720766720/7899889605093208168919015908311,900795920573666507006685416071/899889596791467126546271187520,0.001006643136725920,0.001006643136730895,99,53
511,3,16,9774833228005939688409386373310/9764991317772061331532136159221,1495943955104066012085476236963/1494437745660114651219900045456,0.001007369441123958,0.001007369441125667,144,61
512,3,9,4449401411879937553052982999895/4444925618625402724156208100546,33779840087721785207585123551/33745859880856073664347195127,0.001006437837732881,0.001006437837735406,81,44
512,3,11,141566624303938743879754024765/141424188936014440946955320361,2966573026598684038079977175381/2963588248776957186415557579936,0.001006643136725218,0.001006643136728168,99,53
512,3,16,1977657318962228882569383947509/1975683348616694234022390792564,8886860928337881550694132971849/8877990635305183119753960288624,0.000998634155549266,0.000998634155550760,144,61
513,3,9,4399858390569836480827172640185/4395432434203472787652001764284,400358154585043871609530166581/399955421686432000000000000000,0.001006437837732711,0.001006437837735360,81,44
513,3,11,47188452815299320060863580170/47141408920008826001339293581,247211687237478746832114104939/246965232860715559466775863238,0.000997433862942162,0.000997433862944510,99,53
513,3,16,9715359249838449095577585572140/9705561428850305482308402932499,4487759227432850845528064333321/4483233377135644082787214849980,0.001008996636306485,0.001008996636308209,144,61
514,3,9,979047241472580185624197208423/978061283592660839141888258025,183524488289559951734927969093/183339668387391098875327125939,0.001007565958354428,0.001007565958356602,81,44
514,3,11,8799515864335816403559399315200/8790662348997326823734322347151,1483422265965046451995629551767/1481929740468451586937538576200,0.001006643136725781,0.001006643136728366,99,53
514,3,16,592316030524475671474955314192/591720111987433604598416893155,3767395724581758009779915644879/3763605415299283197771363565092,0.001006588508513328,0.001006588508515238,144,61
515,3,9,43122723227716500000000000000/43079779288429231562108347717,618178264460584735878152584479/617562649122063955762080874405,0.000996350258667070,0.000996350258669484,81,44
515,3,11,751484872009900500000000000000/750737030661054207911644769683,2472718110339282591427509697137/2470257381034098569336672366885,0.000995647060258366,0.000995647060260760,99,53
515,3,16,810717588133759800000000000000/809913747391454923985941095889,411472057161400536747297502063/411064075382408447014708238480,0.000992009460269816,0.000992009460271777,144,61
516,3,9,3963526967078129746389197456030/3959623727422653239174884093407,505524184814549748819069703501/505026349916146180427922623514,0.000985274702384930,0.000985274702387209,81,44
516,3,11,592535913436829563643176827289/591945738908365358268069600369,4044138362317840823702011997927/4040110340729770456171042294176,0.000996511134021087,0.000996511134023430,99,53
516,3,16,4936985321029003489637934842440/4932014376477932307400898915793,313911523319266914912052270877/313595452544310573482621516304,0.001007385778462216,0.001007385778464384,144,61
517,3,9,2224700705939963831586677253430/2222462809312697402158385256021,217677207298222893227134085809/217458238927895139724657723806,0.001006437837732440,0.001006437837734938,81,44
517,3,11,152456442570361002836147221405/152303050557259632876552807996,2224906861119525019266508990103/2222668300802642317749244167468,0.001006643136725532,0.001006643136728314,99,53
517,3,16,8900495644367923244901812605360/8891539712490970347356765929203,200019848298600642777702776137/199818582638014590946731642752,0.001006735031010932,0.001006735031014457,144,61
518,3,9,8898802947889188355868179774865/8889851361255129133754348797308,900800791750797891273165318277/899894647814964461761220681148,0.001006437837746826,0.001006437837749328,81,44
518,3,11,2447620682691831449014891579235/2445158041836195752902834482456,450398420772380825746915016861/449945258417545657621384065384,0.001006643137669784,0.001006643137673445,99,53
518,3,16,4887343762772752033874638112965/4882415652661840317228360417327,5389907261163050205101081767043/5384472395567346120303168945048,0.001008849925434811,0.001008849925437034,144,61
519,3,9,9889768483898071181878306943135/9879820053767458415632420454979,100088415074732880240979939885/99987732980315892160493249808,0.001006437837732772,0.001006437837736039,81,44
519,3,11,9790472619517932674317343143700/9780622066277918362493545276539,4044545684952258043556699714339/4040476319340433772301727672776,0.001006643136726086,0.001006643136728135,99,53
519,3,16,1319667130562165636045615278625/1318339243959688122974922972996,560979546344541482050820871017/560415072768891324866372349108,0.001006735031010674,0.001006735031012809,144,61
520,3,9,198193132027611523491508408171/197993763303303072021955230726,8089083275532017417900816091791/8080946211462367884720380921880,0.001006437837731078,0.001006437837734535,81,44
520,3,11,1483133621829235037121880205825/1481641386748085160288401282847,8899627361536428375928007641093/8890673120352348599581208199000,0.001006643136725938,0.001006643136728272,99,53
520,3,16,1980297251821453960998964426805/1978320614188099642659688262301,7932206267930933069601978092969/7924288720496912770051946702592,0.000998650470712072,0.000998650470714310,144,61
521,3,9,198193132027611523491508408171/197993763303303072021955230726,1011135409457273973276766927937/1010118276448551654491465929629,0.001006437837731078,0.001006437837734794,81,44
521,3,11,8898801730975420112610909727985/8889848320488520861529704682712,898535665976619348950583272251/897631616319391523808955953360,0.001006643136725936,0.001006643136728271,99,53
521,3,16,7810361356616759302195111089770/7802484702706498262085730725129,3965265676254380351957161315277/3961266754313630637965186351028,0.001008996636306290,0.001008996636308409,144,61
522,3,9,4399858390569836480827172640185/4395432434203472787652001764284,1393326547223621753640671518615/1391924956091657626104357477876,0.001006437837732711,0.001006437837734787,81,44
522,3,11,1981914682946150525710589143735/1979938839678219528054202825002,998876560375357519044665221139/997880743782292568031827316376,0.000997433862941918,0.000997433862944507,99,53
522,3,16,36003918560157241173608821337/35967923316057382805458998756,7559574888324800979294740450047/7552017134772435405502034895504,0.001000259161434986,0.001000259161437556,144,61
523,3,9,445021483387216528931853624055/444573817201533030507640662696,1801596542005168229352843058931/1799784238819346256453465194640,0.001006449164413234,0.001006449164415530,81,44
523,3,11,395060814949623603100067818421/394663329788085485567551749330,870709584895108443314521103299/869833532077645431615793729272,0.001006643136725800,0.001006643136728803,99,53
523,3,16,4944142929697350424446224077435/4939356793222695421967539318983,121450983153366883815891359477/121333413538446809294437766640,0.000968510544433412,0.000968510544435558,144,61
524,3,9,349659729092338016582630568485/349307601278086191916233938556,2202293859468399464928557539327/2200076020642378590317484701244,0.001007565958354321,0.001007565958357059,81,44
524,3,11,323039555010624809548354778683/322714533077677650951777492180,2224906861119525019266508990103/2222668300802642542724168866086,0.001006643136725851,0.001006643136728213,99,53
524,3,16,1454344949179305622465664590945/1452881522218842111699233656326,299897007248971674729204283993/299595237461811447018968809434,0.001006751347695458,0.001006751347697582,144,61
525,3,9,2249972513040690000000000000000/2247731868763910084570452335499,4896273784349197965687431619272/4891397810190005351053077223215,0.000996350258680534,0.000996350258683307,81,44
525,3,11,1499984863844541000000000000000/1498492151691499494077741685677,4847165441600066555087470454892/4842341777750586552844208995255,0.000995646969190935,0.000995646969192984,99,53
525,3,16,1123209511655212125000000000000/1122090632072364477833316814247,49512326007469448977788840248/49463004549545234866148660285,0.000996641521257683,0.000996641521259943,144,61
526,3,9,3263490921129745243588137339370/3260208072693476785812867068589,635751744205116254119092461503/635112221476307688430210951092,0.001006437825068620,0.001006437825070630,81,44
526,3,11,66064458447158742200910444317/65997988574814839532562840080,741635613462151908746211886619/740889426696811212786636211830,0.001006643136725128,0.001006643136728173,99,53
526,3,16,4362261932266010269404993153175/4357863283802074983166455398232,336457761981995252569062984071/336118497756026184193266312129,0.001008849925434748,0.001008849925437036,144,61
527,3,9,2966005245050200933670948543735/2963051363772253472210273581326,2702218946437684856666332455613/2699527773194435298686827777128,0.000996408608392751,0.000996408608395220,81,44
527,3,11,660629288867432266217853012305/659966414240803168362416721678,1123709605681737893680819052695/1122582076827265597331413500462,0.001003902527837180,0.001003902527839515,99,53
527,3,16,552707950473405001555098281330/552151800012793200627904561719,200019848298600642777702776137/199818582638014590946731642752,0.001006735031010622,0.001006735031014457,144,61
528,3,9,1981920279073072706603359681210/1979948870723758210515868354389,1012254691334584411750127822072/1011247805552543825682345412959,0.000995191126957524,0.000995191126960928,81,44
528,3,11,4449013940370186524733858170810/4444582656676066202440387268757,75058000210691151380948277995/74983241332228029688183587162,0.000996511144275081,0.000996511144280938,99,53
528,3,16,4937035526044578528890251771835/4932135564783647758455559649724,3973605662650958578928317593541/3969661896455528810914755806304,0.000992983426562444,0.000992983426564771,144,61
529,3,9,495482823843868801272901372265/494984402045627741452329286122,4044587040946814657947145937781/4040518463290664908245274637592,0.001006437825068085,0.001006437825071057,81,44
529,3,11,8898811842235326176398220997430/8889858421575117790606249093713,3999410659717781225596018188859/3995386706108660440579824381228,0.001006643136725942,0.001006643136728046,99,53
529,3,16,484693915877476558142545031615/484205416171541626511362063671,1199589952302654489921975180629/1198380943235802987625961648160,0.001008360169458817,0.001008360169461027,144,61
530,3,9,198193132027611523491508408171/197993763303303072021955230726,92704357205891096272796194754/92611102968244444767843096309,0.001006437837731078,0.001006437837734541,81,44
530,3,11,4895241365332601449507873618765/4890316083621381799948020807774,404528474571225064901282216581/404121463650050184556150893948,0.001006643137669709,0.001006643137671815,99,53
530,3,16,592316030524475671474955314192/591720111987433604598416893155,8988676899212514430635455164385/8979633552566993079263218548336,0.001006588508513328,0.001006588508515114,144,61
531,3,9,396390713804185280586262091137/395991971879425200000000000000,8098208305632862741337796887299/8090062062407548929432418086576,0.001006437837731864,0.001006437837734525,81,44
531,3,11,4399757880893332773876135048350/4395331123275680733074429266389,150132806923971115596856897195/149981752805834154145280643576,0.001006643136724980,0.001006643136731523,99,53
531,3,16,263655294178081265370270352100/263389401038311293025424048913,4487759227432850845528064333321/4483233377135644082787214849980,0.001008996636306330,0.001008996636308209,144,61
532,3,9,9791469718217320271977808568395/9781620170040213140372968213038,337798399461296013148327563010/337458597398336805172180475481,0.001006437825068603,0.001006437825071372,81,44
532,3,11,296627393367569402917116442249/296331674665188997276222695867,1801586367212571467637743599265/1799790299841005459021627488224,0.000997433862942390,0.000997433862945830,99,53
532,3,16,24447129142849639748525122360/24422529347654051137881884139,900089331998282660871184586761/899183621839203810524775316752,0.001006751347694621,0.001006751347699154,144,61
533,3,9,2224700705939963831586677253430/2222462809312697402158385256021,734113130838392876888787134333/733374663279519763772706291714,0.001006437837732440,0.001006437837734610,81,44
533,3,11,658434691582590623237780611960/657772216313360641614097982721,60053102303584486982424639673/59992680676921490608732270472,0.001006643136725650,0.001006643136728327,99,53
533,3,16,1973691603774612306900639182800/1971828934599783044180267299683,280475091780709812340919562023/280210393736309526298896013488,0.000944194458041267,0.000944194458043198,144,61
534,3,9,4845488288879483481697979447020/4840608598545755509307614861569,808908215727338542159768782713/808093597805296283281743138168,0.001007565958354249,0.001007565958356617,81,44
534,3,11,8898811852510980339559883813675/8889858431840432527335534031758,4044545680281927510158577441587/4040476314674802095235823813440,0.001006643136726022,0.001006643136728168,99,53
534,3,16,3959012974794713710929365653225/3955048569016179054788178316782,4416218260671076875886952306821/4411796026820527029061385247060,0.001001863856677935,0.001001863856679571,144,61
535,3,9,126673312828697718750000000000/126547164694993174172954250017,2448136916103256914586774636108/2445698928999865297703563409745,0.000996350258667307,0.000996350258669347,81,44
535,3,11,901784322225436500000000000000/900886910142178905334004599153,612041095586686166920453305763/611432021930053976045910524055,0.000995647061182235,0.000995647061185355,99,53
535,3,16,4455340893474741000000000000000/4450902727746436634505664991897,49512326007469448977788840248/49463004549545234866148660285,0.000996641521257396,0.000996641521259943,144,61
536,3,9,1321291254979515389845252268045/1319962126420667156227596131823,444379030831115388843258378943/443932015944271567192877719048,0.001006437837732218,0.001006437837734714,81,44
536,3,11,1839340164004725768030825560569/1837489536469555544788260442182,505568209976751005599712117000/505059539275919661974290560411,0.001006643136725242,0.001006643136727209,99,53
536,3,16,497966297086882166269842415/497468937985222268904719524,4487180053038083774140471967243/4482698344430039915625591988428,0.000999279763310329,0.000999279763312468,144,61
537,3,9,990969368262204350319813011725/989972520910541469865790987571,3594189173104812554597342470075/3590573664822375581907286547124,0.001006437837732650,0.001006437837735013,81,44
537,3,11,152456442570361002836147221405/152303050557259632876552807996,741635613462151908746211886619/740889426696811212786636211830,0.001006643136725532,0.001006643136728173,99,53
537,3,16,4857734587646493860742472108525/4852838710393156138602258573039,600012149297932783382138451347/599407425886128888763445121744,0.001008360169459016,0.001008360169460853,144,61
538,3,9,4449007976013890409900597116155/4444577602011349128246382536096,900705872655675959181474193583/899808939248571965025211987908,0.000996307806373315,0.000996307806375569,81,44
538,3,11,99097698795702150174659216387/98997992969856300000000000000,1797091966049190635643755647417/1795283845974015918870694953978,0.001006643136726347,0.001006643136727750,99,53
538,3,16,271523546286948858410273589725/271250199282277576330500839337,1282237676808787090288970096711/1280946828066473459278462454280,0.001007222733272665,0.001007222733274677,144,61
539,3,9,990954628755823798313457283915/989968941149138717754269044863,2022296055753968611827692340017/2020284508402182995533505190996,0.000995179928201938,0.000995179928206269,81,44
539,3,11,9789487838532353992422982165450/9779737363940017428411133441521,4494486502443950680010334127049/4490009927451407580395857187256,0.000996511134021231,0.000996511134023493,99,53
539,3,16,1645663430928906573546067231075/1644004845838930128443243511462,1199589952302654489921975180629/1198380943235802687659395383336,0.001008360169458866,0.001008360169461278,144,61
540,3,9,161523276751460042400090245071/161360795391472093611459637152,112600730977043869827053162431/112487462349309000000000000000,0.001006437837732887,0.001006437837737855,81,44
540,3,11,3263826566631448884114206755250/3260542711131288371980800830349,124981726714314229293887349997/124855978019549840965547174439,0.001006643136726044,0.001006643136728206,99,53
540,3,16,548568845266766255662103742700/548020320471724425202218377907,1472072584158719936906518644809/1470600629782380444376014168780,0.001000419952938764,0.001000419952940697,144,61
541,3,9,4449401480233019745373429480490/4444925686909665357066400149309,100088415075434098675496427799/99987732981015064232028843748,0.001006437837746613,0.001006437837749450,81,44
541,3,11,990957843295343758604655836965/989969921161096131432806900994,1348183402197576905023946457941/1346839348832365540472248830708,0.000997433862939036,0.000997433862944616,99,53
541,3,16,9774833228005939688409386373310/9764991317772061331532136159221,2961800609542710002033946827707/2958818484420993702960384107208,0.001007369441123958,0.001007369441125971,144,61
542,3,9,9790472758649669156883180882920/9780624102439764011868335388081,3999410764219897042631867687003/3995387585500127895714210735456,0.001006449164413191,0.001006449164415317,81,44
542,3,11,271960656675491198785738170385/271687027093509599912362442742,150133572858034753210034451515/149982517969122327156224659728,0.001006643137669640,0.001006643137672554,99,53
542,3,16,2428867305551076623842859418215/2426419722444226780116725502984,1800181290676863597942640137665/1798367237967492949350433850208,0.001008213644246707,0.001008213644248741,144,61
543,3,9,6916860503240959288394023050700/6909902615040471515114694532953,2024557104299762744182790441513/2022520538435719637038929700320,0.001006437837732516,0.001006437837734487,81,44
543,3,11,1688014248016192777988061440/1686315875029904503781683299,299260647448104031746629498419/298959550345349461416223078256,0.001006643136725966,0.001006643136728170,99,53
543,3,16,2964722223559277770749023264570/2961737156774808417988054344483,2961800609542710002033946827707/2958818484420993702960384107208,0.001007369441123724,0.001007369441125971,144,61
544,3,9,1958094482917092892862731183516/1956122567157282476734924116201,734104677712231602061622743285/733365391331536747143875755098,0.001007565958354423,0.001007565958356544,81,44
544,3,11,3963866493669825561306841731940/3959878302348566510873334304809,4449813675634661453718268541375/4445336555047786750663769506368,0.001006643136725630,0.001006643136728243,99,53
544,3,16,181339571737785343426904153215/181158570239876704963333460727,7536115084059479051311097881913/7528593018657216960320068977480,0.000998634155548719,0.000998634155551041,144,61
545,3,9,2249977727655211500000000000000/2247737078185467129337293331237,1101418026774200301700902625201/1100321175153257545690216889485,0.000996350258666911,0.000996350258669018,81,44
545,3,11,224864455692243600000000000000/224640681476635325338736935507,824397363613897454840385994942/823576963285065003788237533745,0.000995647059802393,0.000995647059804648,99,53
545,3,16,209971415274536500000000000000/209761919207107317468555320877,4859141195541061833537448862596/4854293054806192525580442935785,0.000998234200694629,0.000998234200696250,144,61
546,3,9,6916860503240959288394023050700/6909902615040471515114694532953,2024557104299762744182790441513/2022520538435719637038929700320,0.001006437837732516,0.001006437837734487,81,44
546,3,11,2904555866581538033640999056800/2901633486496913024334776867751,2699410154571871779839511528859/2696694179104936236384142991424,0.001006643136725674,0.001006643136728715,99,53
546,3,16,271523546286948858410273589725/271250199282277576330500839337,1282237676808787090288970096711/1280946828066473459278462454280,0.001007222733272665,0.001007222733274677,144,61
547,3,9,2447618189662417289220795220730/2445156025609941250462066271661,3594143764924575381926042160415/3590528261650892997870323246436,0.001006449164413090,0.001006449164415463,81,44
547,3,11,1979742714478367702937302228135/1977750822792609363528393790077,2020062662100755485006460614117/2018030203038305178173667732336,0.001006643136724166,0.001006643136727215,99,53
547,3,16,660125873204430408496004417405/659464752723810687349216166817,4036760936139806473683712400893/4032718093041866518134424559328,0.001002008536502867,0.001002008536506044,144,61
548,3,9,2224697924846858726879788271795/2222460031017150347898324995442,100088415075434098675496427799/99987732981015064232028843748,0.001006437837746499,0.001006437837749450,81,44
548,3,11,989870233298438321799602574545/988874288586399529105204275801,3989969152317824200784434625141/3985954698155247729211012913376,0.001006643136721729,0.001006643136728476,99,53
548,3,16,4936985321029003489637934842440/4932014376477932307400898915793,296180012236078323496544794169/295881794939038165484922143796,0.001007385778462216,0.001007385778464323,144,61
549,3,9,1376342702842985575928747867/1374972124581337500000000000,1011147900865761235888699481746/1010140987885888880306179844091,0.000996307918933573,0.000996307918938973,81,44
549,3,11,8899909801899613316647156804505/8890955276541956595810224031816,8079030853691426858692834394731/8070902244721775262236772992976,0.001006643136725854,0.001006643136727810,99,53
549,3,16,1319667130562165636045615278625/1318339243959688122974922972996,4415719950693581452609707221843/4411276727681477318143159643472,0.001006735031010674,0.001006735031012835,144,61
550,3,9,990954628755823798313457283915/989968941149138717754269044863,790977138083397325492582533414/790190365067197894136305374599,0.000995179928201938,0.000995179928205730,81,44
550,3,11,8788890858391784713615217444950/8780216157121521144217946388687,395060077929352967126031110362/394670150666053485323493494417,0.000987494921344503,0.000987494921346337,99,53
550,3,16,4399880899625744085584548048655/4395447115146261734376624848424,789569596063806441643219722331/788773942385816473159327950348,0.001008213644246634,0.001008213644248416,144,61
551,3,9,1759901395574327146061741836531/1758131055237327133284916192449,29848145081282828705305024948/29818119890465319713922735051,0.001006437837732607,0.001006437837734438,81,44
551,3,11,736697583041255051415426820/735956364609259197450140313,88978203355470019477433091816/88888679124779731504603890287,0.001006643136726041,0.001006643136729297,99,53
551,3,16,1974507254858952303419214821828/1972519198111059779896045214607,1775115851118475127160962133892/1773328554040974633315574333309,0.001007369441123849,0.001007369441125524,144,61
552,3,9,2933165325876294865636664260150/2930214762336459660834369144609,395487916748711803925156828909/395090082975991287627611485223,0.001006437837732241,0.001006437837734174,81,44
552,3,11,219971038087119060193795195205/219749717165632983282860718966,790101305035523389370418717519/789306355162035572883469845944,0.001006643136724939,0.001006643136727964,99,53
552,3,16,8132106259334558752467626001955/8123989181327276269895312791392,177999079208247286490968576929/177821409073956495723911085644,0.000998650470712380,0.000998650470715946,144,61
553,3,9,1321291254979515389845252268045/1319962126420667156227596131823,871126843603749279908303502822/870250549628554988883803170513,0.001006437837732218,0.001006437837734298,81,44
553,3,11,3256200921913919716914520898675/3252924738854665809408236335284,1580202834585365730795347039648/1578612934612663886552781919107,0.001006643136621122,0.001006643136622889,99,53
553,3,16,1645704895894756872822861373480/1644055665118857935788780337571,266494747535439699911327919049/266227681829827346458042781114,0.001002644954534119,0.001002644954536342,144,61
554,3,9,263520632128949903411023291081/263255251427424160446816770130,1581951428097709359118332492588/1580358310411335565813645683407,0.001007565958354317,0.001007565958356266,81,44
554,3,11,4346285674004444110841423233765/4341912716728887630143941664676,1775990225356423291960649212056/1774203336513898584546787325377,0.001006643137774448,0.001006643137776258,99,53
554,3,16,8131948886523638650374648865345/8123767478569058418069568670781,1777718221359691596820403597765/1775929690934794781531630977466,0.001006588508513391,0.001006588508514701,144,61
555,3,9,495436426412843919801763425871/494987836093693280174186234304,14061034371000769858099469349/14048302881025850000000000000,0.000905854928655437,0.000905854928656860,81,44
555,3,11,146796436131214596218992600019/146663605423384392496762817824,17324555574584206110660555769/17308879220031812500000000000,0.000905272937316965,0.000905272937318935,99,53
555,3,16,989286052275437538349575265699/988388769565520944930041263328,20836551905163909736157064963/20817653147099125000000000000,0.000907411836946588,0.000907411836948349,144,61
556,3,9,593253529859290432254790943764/592656757417028342516888577843,782050174574725304285143156075/781263485631190468790442682112,0.001006437837732423,0.001006437837734289,81,44
556,3,11,1629941365277534414650547081555/1628301421544738972216704155072,848558847640030281070532810835/847705081490067521605461839572,0.001006643137774638,0.001006643137776560,99,53
556,3,16,4936985321029003489637934842440/4932014376477932307400898915793,837627741465380652651408612233/836784352071546485018385121266,0.001007385778462216,0.001007385778464018,144,61
557,3,9,2972908125784568121064767114335/2969917550069149501557604509519,527323881957789961125927187844/526793424261546925811142610135,0.001006449164413177,0.001006449164414864,81,44
557,3,11,4394888922267636149875290923695/4390467063487658260414640362197,355914427432190277739429356604/355556328885514240922034525779,0.001006643136726133,0.001006643136729219,99,53
557,3,16,8801358254687783018919570235340/8792502077672121843749008124451,356026854282255827989581597237/355668609934892406266743744208,0.001006735031010968,0.001006735031014043,144,61
558,3,9,396390713804185280586262091137/395991971879425200000000000000,1581969447967955035883951793641/1580378094990631057495914744587,0.001006437837731864,0.001006437837734232,81,44
558,3,11,1579818313586249798504731443226/1578228800494051671115714305957,1072026547813225627108665511/1070947942622815782521372575,0.001006643136726091,0.001006643136729385,99,53
558,3,16,4887343762772752033874638112965/4882415652661840317228360417327,5959008570281404923127537504/5952999856384511643349187179,0.001008849925434811,0.001008849925436667,144,61
559,3,9,198193132027611523491508408171/197993763303303072021955230726,580751229069166186605535668548/580167033085703385247844013211,0.001006437837731078,0.001006437837734196,81,44
559,3,11,9878935295022894268315681154900/9869086623966988019932306647657,395547114069927228259545114558/395152778719278947969070528845,0.000997433759474543,0.000997433759476282,99,53
559,3,16,4887471725822844824190568253560/4882584725227522514804749690293,1777719842461617016156381782628/1775942293983424968962867868659,0.001000403841551181,0.001000403841553124,144,61
560,3,9,110095082502092829611284592545/109985448523229844983900624349,2022069020207178834679936120265/2020055420079144224898194121624,0.000996307918933514,0.000996307918939384,81,44
560,3,11,8899909801899613316647156804505/8890955276541956595810224031816,8079030853691426858692834394731/8070902244721775262236772992976,0.001006643136725854,0.001006643136727810,99,53
560,3,16,181339571737785343426904153215/181158570239876704963333460727,8886860928337881550694132971849/8877990635305181319954562699680,0.000998634155548719,0.000998634155550963,144,60
561,3,9,99095462875599192626714166551/98996894114916742717223030319,8899621443326253232875931946551/8890769124251708559077723358384,0.000995179928342600,0.000995179928345865,81,44
561,3,11,2963357348824380478951816178540/2960405801101525991742200451681,4040074995314450319056197971589/4036051020899978201758883836104,0.000996511134021435,0.000996511134023569,99,53
561,3,16,263655294178081265370270352100/263389401038311293025424048913,3965265676254380351957161315277/3961266754313630637965186351028,0.001008996636306330,0.001008996636308409,144,60
562,3,9,330323122755614234621858748380/329990840305054012063668026871,2022270821709541696676746791137/2020236555689256975545868419448,0.001006437837745904,0.001006437837748907,81,44
562,3,11,987663794494465571826742109045/986670069761350366375756565043,1799602009972635144452599167923/1797791364450293952367762403184,0.001006643136726075,0.001006643136729608,99,53
562,3,16,132014475927438972810185675224/131881658530460271049089216117,8988676899212514430635455164385/8979633552566993079263218548336,0.001006588508512861,0.001006588508515114,144,60
563,3,9,8898913968354987272422086452180/8889962270042063920395732289209,200177391935226433070187543689/199976027181274638597366383256,0.001006437837732765,0.001006437837735028,81,44
563,3,11,1629941552697943317083474768000/1628301608778286473608927414241,197550637091820896220426239177/197351874157292662646563511344,0.001006643136724992,0.001006643136727111,99,53
563,3,16,4441575483745537930623745545505/4437096209189037516687052570821,4487759227432850845528064333321/4483233377135644082787214849980,0.001008996636306395,0.001008996636308209,144,60
564,3,9,9889768358988713456177962018505/9879808783361437386966988414827,4044541078636692710798843913565/4040467989026480966458866293604,0.001007565958354452,0.001007565958356728,81,44
564,3,11,439943448076978044943860634810/439500804853223198116253954223,1010016308492899223228395472848/1009000094075360505300601686681,0.001006643137774033,0.001006643137776861,99,53
564,3,16,1097108961760492924479068740610/1096005001634587108572385423563,299897007248971674729204283993/299595237461811447018968809434,0.001006751347695481,0.001006751347697582,144,60
565,3,9,278451263545110562500000000000/278173966721971684528589922797,14463732168726811477210672497/14449328402228984337797177915,0.000996350258666943,0.000996350258669220,81,44
565,3,11,278146761718865343750000000000/277869963533043854361117069343,2469469903540189570702245548572/2467012406695652487056686469055,0.000995647059221899,0.000995647059224271,99,53
565,3,16,4455340893474741000000000000000/4450902727746436634505664991897,988955397937325005165849658816/987970254923827674614651466309,0.000996641521257396,0.000996641521259340,144,60
566,3,9,4449401473937725656532101474625/4444925680620766374699934366533,8089073163388109551794405375737/8080936109490582331617229932024,0.001006437837732558,0.001006437837734816,81,44
566,3,11,2969608450075219591163134416925/2966620618203029118664285700574,2222444920316283958320197502143/2220208837048485917355635006040,0.001006643136620782,0.001006643136623220,99,53
566,3,16,9790597760674706556680164568875/9780787603699330025082351650409,4037540621238914718239059967789/4033495014601087088721889463196,0.001002500090242966,0.001002500090244813,144,60
567,3,9,4399858390569836480827172640185/4395432434203472787652001764284,2396122744688623357582359699889/2393712409224374364386237045664,0.001006437837732711,0.001006437837734660,81,44
567,3,11,1611569443724273551566523795510/1609947984656634578509122945063,1122492453967919919465771493763/1121363073180182696520411429813,0.001006643136726228,0.001006643136728416,99,53
567,3,16,2221189075583802819058882831600/2218954051957972087329600567231,200019848298600642777702776137/199818582638014590946731642752,0.001006735031011201,0.001006735031014457,144,60
568,3,9,198193132027611523491508408171/197993763303303072021955230726,8089083275532017417900816091791/8080946211462366984820682127408,0.001006437837731078,0.001006437837734646,81,44
568,3,11,109985693015359022978184788305/109876044253376867404983352083,1330157420166981912867886105153/1328831337561467675745632888856,0.000997433863980558,0.000997433863983356,99,53
568,3,16,4936985321029003489637934842440/4932014376477932307400898915793,296180012236078323496544794169/295881794939038165484922143796,0.001007385778462216,0.001007385778464323,144,60
569,3,9,9790583782604805514082371675900/9780735125494267931487726309483,900795735685235833949975638543/899889596835456923522441362296,0.001006437837746820,0.001006437837750821,81,44
569,3,11,978076603487962530678479052433/977092524779007954714215107437,2020034654115762945007159563787/2018002223233170722778729707070,0.001006643136726064,0.001006643136728142,99,53
569,3,16,8883329418917233149241268538635/8874448374493157255516910002661,3598769787342851495203506751351/3595171943241132239276105985720,0.001000242853339231,0.001000242853341314,144,60
570,3,9,2966300947994188951198176841880/2963317052286667473595497554319,100088415074732880240979939885/99987732980315892160493249808,0.001006437837732569,0.001006437837736039,81,44
570,3,11,1086627576953113621983770292640/1085534281132286154257354877873,4045090484104121979515914403893/4041020570349908032652501191584,0.001006643136726115,0.001006643136728315,99,53
570,3,16,553757251500788189111892806720/553200126259895297566751646081,8988676899212514430635455164385/8979633552566993079263218548336,0.001006588508512975,0.001006588508515114,144,60
571,3,9,2999096909045715937296549645700/2996110339456208512481828251677,138570922089242003526163182607/138432929982133041156929709312,0.000996319130520692,0.000996319130524214,81,44
571,3,11,9780643261545360940012879082020/9770802597982567469103136350129,449894844242302401430159671767/449442188554691045967752185884,0.001006643136725850,0.001006643136728653,99,53
571,3,16,5929246939022156460740655820775/5923507760397543009086085806307,4377705725160820241350261804309/4373468351446900598357783090796,0.000968412697079154,0.000968412697081472,144,60
572,3,9,8898913968354967492662829466110/8889962270042048080716857112201,2612136598589566424312180152309/2609508967974648686950236299952,0.001006437837732324,0.001006437837734880,81,44
572,3,11,1979564942151762981925771831325/1977587791813465547094436530429,4489604795077361604208380652937/4485120666544659856858184686500,0.000999279348432622,0.000999279348435981,99,53
572,3,16,16503120539298069680863066729/16486618743963779834195801829,1800032086171619617993882414309/1798232198628499840983324763368,0.001000419952937746,0.001000419952942056,144,60
573,3,9,65917149809994615912176947219/65851583016369141569423074842,4449810220732189749296410942667/4445384061693807287454818115252,0.000995179928203871,0.000995179928206071,81,44
573,3,11,8887989908038191878456293212590/8879137338710288441942085992769,224395844044162059224971363025/224172342466544101722321401462,0.000996511134021289,0.000996511134023634,99,53
573,3,16,5929444447118555541498046529140/5923474313549617825956038387529,3973149350616451567939495523557/3969148936661294902990075278540,0.001007369441123557,0.001007369441126146,144,60
574,3,9,5925901433434263050459173816280/5919933703822838412694651473381,2202313779539465726829387184667/2200095920652768493482579293592,0.001007565958354370,0.001007565958356509,81,44
574,3,11,246970857341923227224290471999/246722370912712281790039699899,2020034914839672753912160647343/2018002483692640227710801654658,0.001006643137774696,0.001006643137776914,99,53
574,3,16,1096949679919241894522184304480/1095844277619372150980335979667,138414205054067069749278413417/138274724288994043105593775980,0.001008213644246672,0.001008213644248912,144,60
575,3,9,675590173147861500000000000000/674917383926439065390548024801,77981979474368678113780257288/77904320802971484704108126195,0.000996350258916297,0.000996350258918616,81,44
575,3,11,2200343154610430250000000000000/2198153479894556786588521276877,2442750045610103992706813348164/2440319139321294223883937424885,0.000995646957910024,0.000995646957912042,99,53
575,3,16,4455340893474741000000000000000/4450902727746436634505664991897,49512326007469448977788840248/49463004549545234866148660285,0.000996641521257396,0.000996641521259943,144,60
576,3,9,4895291332841797451694505170905/4890366949518610804106179243056,3999506065871118810943626274127/3995482791333876566090001583860,0.001006449151762978,0.001006449151765305,81,44
576,3,11,1936374693775664536429787970035/1934426436244600630127730016338,160356083128207993477104549233/160194742997286336968673891486,0.001006643136725938,0.001006643136728219,99,53
576,3,16,4936985321029003489637934842440/4932014376477932307400898915793,2622721861863251674406081250527/2620081099515285955577079613692,0.001007385778462216,0.001007385778464416,144,60
577,3,9,1958094527601938669553250244702/1956124818540630205306871423175,33779840087721785207585123551/33745859880856073664347195127,0.001006437837732452,0.001006437837735406,81,44
577,3,11,2417905510458244138259979144850/2415495011980966802326306282707,1799599766956568600546829637279/1797805680099491282737038069096,0.000997433862942567,0.000997433862944984,99,53
577,3,16,24446773532517067181865078605/24422332648789693194031717302,247254650013395691229149959131/247007454932866491422215987224,0.001000259168829208,0.001000259168832474,144,60
578,3,9,1958094527601938669553250244702/1956124818540630205306871423175,1801591471357804786179006001819/1799779193658285554571699899016,0.001006437837732452,0.001006437837736460,81,44
578,3,11,9779537292356970230823488458150/9769697741551326204448152987273,1136123973755977345177448543/1134980877796821312127657496,0.001006643136620971,0.001006643136623392,99,53
578,3,16,8884826176678440804489943295525/8875937862096302273371654980177,1777101185301716505020524815739/1775323386381941824664734784136,0.001000893351744406,0.001000893351746425,144,60
579,3,9,1076797435293623282374171885460/1075714250795163382557115971783,112599465544394392321368373885/112486198191022764010205962236,0.001006437825068848,0.001006437825073046,81,44
579,3,11,8778733657284861319875225521390/8769901051686374633556936747117,732464777065130294055449875747/731727817414321729630602321486,0.001006643136726023,0.001006643136728246,99,53
579,3,16,1645663430928906573546067231075/1644004845838930128443243511462,1199589952302654489921975180629/1198380943235802687659395383336,0.001008360169458866,0.001008360169461278,144,60
580,3,9,198193132027611523491508408171/197993763303303072021955230726,8089174081882221031363504399115/8081036926467595993058409931464,0.001006437837731078,0.001006437837734904,81,44
580,3,11,325547285509469381033349893815/325219740456639234915587379906,1011273626925477272703360002828/1010256147473792045290657646625,0.001006643137774728,0.001006643137777010,99,53
580,3,16,1097108961760492924479068740610/1096005001634587108572385423563,4377814471513874616721841824825/4373409318713536472939975870664,0.001006751347695481,0.001006751347697681,144,60
581,3,9,4449401473937725656532101474625/4444925680620766374699934366533,1801601583488928900825385361287/1799789295617300631049258536720,0.001006437837732558,0.001006437837734967,81,44
581,3,11,989870233298438321799602574545/988874288586399529105204275801,1021287576569424813747307770947/1020260021717135926312935037506,0.001006643136721729,0.001006643136728573,99,53
581,3,16,9631971788190783637711669697245/9622273719742617799794509178813,1495943955104066012085476236963/1494437745660114651219900045456,0.001007369441123798,0.001007369441125667,144,60
582,3,9,1486350230748770473216864667495/1484870105714764585402546374393,8899729123211024019005046193417/8890866668320745970210663697128,0.000996307906402007,0.000996307906404236,81,44
582,3,11,8899909801899613316647156804505/8890955276541956595810224031816,449894844242302401430159671767/449442188554691045967752185884,0.001006643136725854,0.001006643136728653,99,53
582,3,16,1096949679919241894522184304480/1095844277619372150980335979667,1800181290676863597942640137665/1798367237967492949350433850208,0.001008213644246672,0.001008213644248741,144,60
583,3,9,8898802947889376263581121142530/8889851361255440977432203844653,444379030831115388843258378943/443932015944271567192877719048,0.001006437837732864,0.001006437837734714,81,44
583,3,11,4450004697597293394160384466210/4445527384816232250256314642261,899799983851954109143617476701/898894662118184867564985086280,0.001006643136726107,0.001006643136728879,99,53
583,3,16,2964722223559277770749023264570/2961737156774808417988054344483,1883795111351953198611305055617/1881898389233783159219698396284,0.001007369441123724,0.001007369441125998,144,60
584,3,9,4449406935788130181115862959360/4444976164552512554209935327669,749148268992079374772162599367/748402258422721791628586262648,0.000996307793838415,0.000996307793840831,81,44
584,3,11,1646861751922986475294789585235/1645221453272968824657814296681,1199718818482564908588687156523/1198523880804240915706193453184,0.000996511135057677,0.000996511135060574,99,53
584,3,16,3959007233462887655085382936765/3955048544138765505607751991552,4442750286507190046442292534709/4438307892974709850359628000896,0.001000419952938399,0.001000419952940745,144,60
585,3,9,75066408090327250000000000000/74991652902568791498442361797,445487901091948602612576699911/445044260154044015725162682501,0.000996350258666963,0.000996350258669091,81,44
585,3,11,2024554464935149500000000000000/2022539726366040644299615704253,988003700822371599422432840828/987020487381118257379301557805,0.000995647069384111,0.000995647069386408,99,53
585,3,16,1013235917706573750000000000000/1012232947499744148954785768629,2227086526271579656903040164119/2224882003716810181485539778370,0.000990358633534846,0.000990358633536917,144,60
586,3,9,2224700705939963831586677253430/2222462809312697402158385256021,1756461111059190170046802337551/1754694231412917424474226083932,0.001006437837732440,0.001006437837734983,81,44
586,3,11,658596421168080497017235230660/657933783176788364210388339357,102044768554355911749928428613/101942097573640666776445821222,0.001006643136725919,0.001006643136728129,99,53
586,3,16,543047092573897716820547179450/542500398564555042663231712167,486419600069174762971026343643/485929913843022982601221119416,0.001007222733272867,0.001007222733274881,144,60
587,3,9,2972896980428068133250658836740/2969906449563422629003913218461,8089083162684665051764525134881/8080946098728530995875430377720,0.001006437837732679,0.001006437837734688,81,44
587,3,11,2933272384086848484719507135935/2930347799127155369864520939348,899799873282716597072520575369/898902738331861284222874720416,0.000997535689839235,0.000997535689841738,99,53
587,3,16,1645663430928906573546067231075/1644004845838930128443243511462,600012149297932783382138451347/599407425886128588796878856920,0.001008360169458866,0.001008360169461353,144,60
588,3,9,1981931307838236688575989023415/1979937620607661945222167883944,499437722844707733321591740591/498935322682518816662336054732,0.001006437837732029,0.001006437837734457,81,44
588,3,11,164978184740938876328580601295/164812194144225002246549862204,4040065233982519718528165645437/4036000376316585083383870724304,0.001006643136721805,0.001006643136728489,99,53
588,3,16,4936985321029003489637934842440/4932014376477932307400898915793,296180012236078323496544794169/295881794939038165484922143796,0.001007385778462216,0.001007385778464323,144,60
589,3,9,198193132027611523491508408171/197993763303303072021955230726,8089174081882221031363504399115/8081036926467595993058409931464,0.001006437837731078,0.001006437837734904,81,44
589,3,11,3292944764943745426563603984340/3289631612557331957785881605721,997492288094049035116991848675/996488674553391544785309517143,0.001006643136725055,0.001006643136727162,99,53
589,3,16,1319667130562165636045615278625/1318339243959688122974922972996,1121959092689082964101641742034/1120830145537782762220207047525,0.001006735031010674,0.001006735031012709,144,60
590,3,9,198195359146987516273099416487/197995985939712600000000000000,2696391357226359756690613038839/2693678941581131896625592205200,0.001006449164409231,0.001006449164415338,81,44
590,3,11,4389366266279486540659778836385/4384949964046518244390932532896,498891192292687341191916865429/498389239584055757259106908312,0.001006643136620872,0.001006643136623012,99,52
590,3,16,1096949679919241894522184304480/1095844277619372150980335979667,2948582238982026846413578809593/2945610936243170523168693504672,0.001008213644246672,0.001008213644248468,144,60
591,3,9,3263490920759379141380701671655/3260208072282195893892487161138,100088415074732880240979939885/99987732980315892160493249808,0.001006437837732644,0.001006437837736039,81,44
591,3,11,164978559425526252703131500290/164812568451827968483669790343,336672867491818144492463928019/336334128583637995198968197481,0.001006643136724947,0.001006643136728126,99,52
591,3,16,4156935607064880788239110831875/4152776437751678107032682355724,2961830965945907753656708843007/2958867543456622729803384597696,0.001001038216026893,0.001001038216029340,144,60
592,3,9,9790583783851098475226178467495/9780735126739307280253756779366,450397865954043388253597347765/449944796531054247083489678388,0.001006437837746813,0.001006437837749627,81,44
592,3,11,6909335618871018445207365349730/6902383883129273174762258315721,599866655924368031268708264271/599263108101203513530153128408,0.001006643137774733,0.001006643137777639,99,52
592,3,16,24447129142849639748525122360/24422529347654051137881884139,900089331998282660871184586761/899183621839203810524775316752,0.001006751347694621,0.001006751347699154,144,60
593,3,9,3458091220459752229693804371410/3454647612524184461105189920491,807932473904622127609419120419/807127925238558140706668416608,0.000996307918936243,0.000996307918938975,81,44
593,3,11,8899909801899613316647156804505/8890955276541956595810224031816,449894844242302401430159671767/449442188554691045967752185884,0.001006643136725854,0.001006643136728653,99,52
593,3,16,5929342302788016243354103681615/5923410649433551378812023123067,8975518893855816187263494954977/8966539876616440795317692727000,0.001000890489080558,0.001000890489082229,144,60
594,3,9,4498600969432030960960442768180/4494070614933762420384422165997,4404728027376972394530826516255/4400292208426118939002493930472,0.001007565958354062,0.001007565958356970,81,44
594,3,11,8778732544840858556278432090010/8769899940352446018344512086351,189431521739256616267442835325/189240927743982329886263208768,0.001006643137774670,0.001006643137777468,99,52
594,3,16,1605347684985602196684880277065/1603732573466446804528817805651,8988676899212514430635455164385/8979633552566993079263218548336,0.001006588508513316,0.001006588508515114,144,60
595,3,9,1499983515486693000000000000000/1498506269439831123257012017781,164849734610106791234890400262/164687383746737045309458656127,0.000985326796046270,0.000985326796048868,81,44
595,3,11,2246995702706710500000000000000/2244781848936103234419931569637,1088197647518482320503916296659/1087125500178712791138424787940,0.000985736236675362,0.000985736236677744,99,52
595,3,16,90079671491200600000000000000/89989795748314150612505015097,9772582593822267212700463907/9762832135078348784709707713,0.000998234200694574,0.000998234200696526,144,60
596,3,9,2224700705939963831586677253430/2222462809312697402158385256021,444379030831115388843258378943/443932015944271567192877719048,0.001006437837732440,0.001006437837734714,81,44
596,3,11,989871273284643472306943292860/988884424292811405345100782099,8980031338897508057222656085683/8971078725449068224301731304056,0.000997444075443785,0.000997444075446149,99,52
596,3,16,4936985321029003489637934842440/4932014376477932307400898915793,2622721861863251674406081250527/2620081099515285505627230216456,0.001007385778462216,0.001007385778464587,144,60
597,3,9,2447645945651201378520592918975/2445183781373602374654418300998,7998822555086359247251126535435/7990776287123044248346097178072,0.001006437837732346,0.001006437837734612,81,44
597,3,11,9779648076467057825327617394390/9769808313594521816010051128193,1799600069009699601178268266837/1797789406927991375374785512424,0.001006653433950846,0.001006653433953964,99,52
597,3,16,9774943451645689648381136507120/9765169450455046019589429079149,450044062016145438978776880839/449594061336370865641033633086,0.001000403841551080,0.001000403841553510,144,60
598,3,9,4449401473937725656532101474625/4444925680620766374699934366533,1801591471345146894437990425115/1799779193645642863703336361888,0.001006437837732558,0.001006437837735089,81,44
598,3,11,197973821462256768868517895868/197774630709898070982470509593,4040070284367367398154411556849/4036005380060401526986055692284,0.001006653433948974,0.001006653433953062,99,52
598,3,16,9774687525545504067749276225930/9764831305323679644476791136091,5389907261163050205101081767043/5384472395567346120303168945048,0.001008849925434912,0.001008849925437034,144,60
599,3,9,299936626463461339102561152179/299634910748186190179139374175,900795735685235833949975638543/899889596835456923522441362296,0.001006437837746772,0.001006437837750821,81,44
599,3,11,8790875365839862274859496788085/8782837424992270981366698317076,4445346401770851328703395073731/4441281797287500815861127949608,0.000914768723464986,0.000914768723467072,99,52
599,3,16,236898677187562068360602539631/236675254408648316863373987289,889986553264893144050711299885/889147193284975063447182137976,0.000943560363370989,0.000943560363373165,144,60
600,3,9,74157523699854723779954421047/74082926307166695089720186346,100088415074732880240979939885/99987732980315892160493249808,0.001006437837732458,0.001006437837736039,81,44
600,3,11,652044261787592008886479300258/651448064823336671926159026081,4040523706693471538196711992293/4036829252023579226557310571744,0.000914768723465118,0.000914768723467127,99,52
600,3,16,988853524474709918938655563547/987920280927715828785148499769,1795572478773688201871552758153/1793877883580866088555641621368,0.000944208805052103,0.000944208805054539,144,61
601,3,9,4449401473937725656532101474625/4444925680620766374699934366533,444379030831115388843258378943/443932015944271567192877719048,0.001006437837732558,0.001006437837734714,81,44
601,3,11,164978372012139164806433868695/164812379529894446488789798749,4039566744051175625645892616505/4035502346379752911582241492688,0.001006653433948408,0.001006653433952884,99,52
601,3,16,9872706995363758374982796444765/9862836827853703626113428519002,1799602062161122792659821918515/1797802922997633408105703884336,0.001000242853339231,0.001000242853341729,144,61
602,3,9,4449401411879937553052982999895/4444925618625402724156208100546,8809357571193604823466269425567/8800495960485987022464355266648,0.001006437837732881,0.001006437837734704,81,44
602,3,11,329957118499773870881818890415/329625133158541403332461981384,370407435501674495891321208893/370034751198242485501415049720,0.001006653433844233,0.001006653433847960,99,52
602,3,16,132014475927438972810185675224/131881658530460271049089216117,8884121038492275221288528838229/8875182883623353973613648697184,0.001006588508512861,0.001006588508515133,144,61
603,3,9,8997201938864061921920885536360/8988141229867523850788914633431,785944917199355737970040396647/785153424663069620030943546312,0.001007565958354172,0.001007565958356767,81,44
603,3,11,8888953850693187286631431142315/8880010257080017660224053343303,18745832975654595364670131323/18726971913386626468496599394,0.001006653433950853,0.001006653433953359,99,52
603,3,16,5929441308302412108346929887945/5923499163320081176900601288904,1242365890787797512392204205479/1241120863160347191120869286624,0.001002644954534086,0.001002644954536516,144,61
604,3,9,5935363705452303300698954540390/5929453200495512367658609267689,4044183939251778150523244935117/4040156693339749929143400574032,0.000996307906401786,0.000996307906404354,81,44
604,3,11,4345184578163978445952787576255/4340812684038416473103401737798,2693349031786016013424034921051/2690639126925047116372046334696,0.001006653436048194,0.001006653436049935,99,52
604,3,16,3859862460427758453042779341465/3855978494116012902861151282044,3723060630236151485082675747787/3719314320046939845583167914424,0.001006751347695228,0.001006751347697504,144,61
605,3,9,593253529859290432254790943764/592656757417028342516888577843,294748865061968170636208436693/294452367879559261092342054692,0.001006437837732423,0.001006437837734769,81,44
605,3,11,141097446612104555912034174824/140956779966601827233862918441,145494976474029197936378938457/145349925725276561930722460814,0.000997444065074844,0.000997444065078294,99,52
605,3,16,814582746554269476957596682505/813762573965883894936381735132,8885547025066235692283754808271/8876600503508281965087589543296,0.001007369441123685,0.001007369441125697,144,61
606,3,9,1113816684897780750000000000000/1112719763091740100908825010869,3458865291820195908037070725706/3455458892172743650959844441365,0.000985316809681332,0.000985316809683286,81,44
606,3,11,1498344911798754000000000000000/1496868668133130503634334978143,148499826590697360655155557950/148353517201834307018124410231,0.000985735237747348,0.000985735237750215,99,52
606,3,16,659934168529412250000000000000/659275823035004046517490951021,257291742473380723327198522284/257035070115009552251248127335,0.000998090604635741,0.000998090604637960,144,61
607,3,9,2873601122053301893221749722145/2870710476061639010368252030551,577798871002661963043057973909/577217644896631685706047452464,0.001006437825068613,0.001006437825071082,81,44
607,3,11,659913526279735770656090464825/659249563100730903122218246044,2020034914842261868131913833487/2018002483697343103536701565330,0.001006643136724710,0.001006643136728171,99,52
607,3,16,2221189075583802819058882831600/2218954051957972087329600567231,200019848298600642777702776137/199818582638014590946731642752,0.001006735031011201,0.001006735031014457,144,61
608,3,9,9691176917497267870347213326780/9681428256888670972231285468917,1801591471357804786179006001819/1799779193658285554571699899016,0.001006437837732683,0.001006437837736460,81,44
608,3,11,4444482030252090623685267143615/4440010274029004528492244265059,899800086228029572605053810975/898894764391253494868174088504,0.001006643136726045,0.001006643136731677,99,52
608,3,16,4936985321029003489637934842440/4932014376477932307400898915793,285343752697226016443418398251/285056446197323422350800836272,0.001007385778462216,0.001007385778464241,144,61
609,3,9,198195359146987516273099416487/197995985939712600000000000000,158611256307432926864153708167/158451702445948970385807337344,0.001006449164409231,0.001006449164415115,81,44
609,3,11,3292944768746176676487720602035/3289631616355933457055823066308,1122492581897455954339731844631/1121363200981003908830867843166,0.001006643136726266,0.001006643136728620,99,52
609,3,16,9873981067713606296431249125655/9864109465521131502956165083488,7550565191063186735378400040547/7543016444981587959249371397144,0.001000259168830244,0.001000259168832399,144,61
610,3,9,495482823843868801272901372265/494984402045627741452329286122,1348180529002670387382261829715/1346824351691804414552939913468,0.001006437825068085,0.001006437825070727,81,44
610,3,11,888896394894701154978383701361/888002043661309148914154759604,4444838935615739166365253396257/4440366820297084261362322131612,0.001006643136724877,0.001006643136727149,99,53
610,3,16,1316885976878551571109360879020/1315568573859230157835197226791,1009547284795549501671652224626/1008537341137182944191377614511,0.001000893351744298,0.001000893351746520,144,61
611,3,9,4449401473944609012753532626985/4444925680627642775291620585131,1801591471345146894437990425115/1799779193645642863703336361888,0.001006437837732565,0.001006437837735089,81,44
611,3,11,4394888927457053788538156248895/4390467068671855468889284568844,899798961386331943121347913993/898893640681300889651052023760,0.001006643136725943,0.001006643136731036,99,53
611,3,16,8306356676129540753169985903105/8297985098396126948034839905386,9780446204351017789696269739/9770588962619194980377210706,0.001008360169459088,0.001008360169460969,144,61
612,3,9,4399858390569836480827172640185/4395432434203472787652001764284,2396122744688623357582359699889/2393712409224374364386237045664,0.001006437837732711,0.001006437837734660,81,44
612,3,11,219971038087119060193795195205/219749717165632983282860718966,897793294344879977735635384385/896889991614952610625743303952,0.001006643136724939,0.001006643136728092,99,53
612,3,16,24447129142849639748525122360/24422529347654051137881884139,900089331998282660871184586761/899183621839203810524775316752,0.001006751347694621,0.001006751347699154,144,61
613,3,9,2999033608596857956129777819975/2996013406206939392953566726417,505567634828787604383603529409/505058498627511966018258764691,0.001007565958354305,0.001007565958356679,81,44
613,3,11,4444487075225090128280525244185/4440015313926071203801291200597,37491694341998437974801063477/37453972574569250184006266602,0.001006643136726189,0.001006643136729053,99,53
613,3,16,5929444447118555541498046529140/5923474313549617825956038387529,3973149350616451567939495523557/3969148936661295352939924675776,0.001007369441123557,0.001007369441126033,144,61
614,3,9,1087830182662527831357786726325/1086735887652684144494894434173,3999410764219897042631867687003/3995387585500127895714210735456,0.001006449164413129,0.001006449164415317,81,44
614,3,11,263965588995602268892784791247/263702432040886050629395388832,236366702834391545377330789337/236131060219189029575734350888,0.000997433863877688,0.000997433863880647,99,53
614,3,16,548474839959620947261092152240/547922138809686130489052973087,138414205054067069749278413417/138274724288994043105593775980,0.001008213644246572,0.001008213644248912,144,61
615,3,9,8899012764632779973813285642180/8890151023990086519682011124161,8088367888848173376491821438763/8080313397822081326152122108336,0.000996307806373253,0.000996307806375352,81,44
615,3,11,8899909801899613316647156804505/8890955276541956595810224031816,162916529393438834168400083063/162752613103711181959875637024,0.001006643136725854,0.001006643136728046,99,53
615,3,16,8288019908991764684926967707940/8279675014909361673883918612311,2243879633546572596582735774157/2241620355928846762778240762766,0.001007369441123581,0.001007369441125938,144,61
616,3,9,299846938837116000000000000000/299548335043395883433009769283,4454829453814462824716158402964/4450393093782082208158534142665,0.000996350259785282,0.000996350259787939,81,44
616,3,11,404910897171154650000000000000/404507949865527785196261990911,257416812140764699209562867224/257160643656290540782422099505,0.000995646049975852,0.000995646049978048,99,53
616,3,16,2702385349661844000000000000000/2699710090667895822966553243693,2227825011204016693828785157984/2225619548944933118275390464395,0.000990452405811772,0.000990452405813988,144,61
617,3,9,3002686021637123703510120373030/2999699295189298114202137203291,2702357124185414882806116134789/2699669130357176209666539455256,0.000995179928203944,0.000995179928206986,81,44
617,3,11,8789800281494026641951131557105/8781045519444439684311206357931,899842269770807789827374496561/898946014486075445995679512548,0.000996510113770340,0.000996510113773784,99,53
617,3,16,4144590434429056752100198366975/4140446910077772865687572246438,180018150070216816244957222093/179838178224918081261344343000,0.001000242853339112,0.001000242853342685,144,61
618,3,9,74157523699854723779954421047/74082926307166695089720186346,741634848244248052292681258005/740888814352533282132823354932,0.001006437837732458,0.001006437837734828,81,44
618,3,11,1483336106344697864779017486350/1481855948325712658042187275079,128553570619817092659478643351/128425292478666742585145952240,0.000998355664413054,0.000998355664418265,99,53
618,3,16,9729944342969829800527453241570/9720444788424586456058680477731,896822052132924156452268912713/895946465418208010960330304648,0.000976798483196616,0.000976798483198695,144,61
619,3,9,198193132027611523491508408171/197993763303303072021955230726,4450262265857035697380985001277/4445785606642317812099660852844,0.001006437837731078,0.001006437837734767,81,44
619,3,11,1629941385944989487330894917085/1628301443873160448242017955927,2020032363935223076686490420849/2017999937439002613823276798980,0.001006642104943343,0.001006642104945551,99,53
619,3,16,1628850251794241931937446124420/1627274159239626263083546569447,3598161472847655433093378306039/3594679854140579416804460637648,0.000968078905317386,0.000968078905319466,144,61
620,3,9,4449401473944609012753532626985/4444925680627642775291620585131,75066311306047412685752530273/74990799735234519387839818764,0.001006437837732565,0.001006437837738099,81,43
620,3,11,634925195382258422845704488395/634286374533024155016313877919,2963259900632233087640812287995/2960278459322303675969777686608,0.001006642104943169,0.001006642104945262,99,53
620,3,16,4936985321029003489637934842440/4932014376477932307400898915793,285343752697226016443418398251/285056446197323422350800836272,0.001007385778462216,0.001007385778464241,144,61
621,3,9,396390713804185280586262091137/395991971879425200000000000000,8098208305632862741337796887299/8090062062407548929432418086576,0.001006437837731864,0.001006437837734525,81,43
621,3,11,10998682867596300313829130557/10987616701091905940015594055,1010017444605271760715681912989/1009001230086776861443427205813,0.001006642104943017,0.001006642104945506,99,53
621,3,16,8899062179374074393730483910590/8890107689890370909765978640261,740463004908764660397524806753/739717929972002570522602232526,0.001006735031010920,0.001006735031012749,144,61
622,3,9,2972896980428107692769172808880/2969906449563422629003913218461,7998822554958791432048703926465/7990776286995492465038968716792,0.001006437837745985,0.001006437837748664,81,43
622,3,11,4450004697655455776255552005045/4445527389461155711666401228792,4490020736243789707180279923853/4485503166488054974777669297092,0.001006642104943103,0.001006642104945321,99,53
622,3,16,648813760694901129425720308529/648164063146934667918228629544,900017346568023425125906527265/899116103255045686467474440484,0.001001863856677883,0.001001863856680785,144,61
623,3,9,4454381214169857177445177246165/4449895391553504972566833721997,449280466121326819374648835139/448828014393664578228865042980,0.001007565958354305,0.001007565958356844,81,43
623,3,11,109985651808226122417619129445/109876003199759172240030263841,898462875634242714839614690949/897567166035280332685944916224,0.000997432840697006,0.000997432840699572,99,53
623,3,16,1948653909329674989789602409470/1946691883338524411670895699233,2243879633546572596582735774157/2241620355928846762778240762766,0.001007369441123494,0.001007369441125938,144,61
624,3,9,8907764161175803019487921884240/8899803071145249355270339654419,1498148765597973566517351836789/1496809832843770249500939065160,0.000894124442386968,0.000894124442389100,81,43
624,3,11,18654129608661881178280197010/18635361024555591069917199357,277492171933441080958070402116/277212977177264172311671061703,0.001006642105991432,0.001006642105993928,99,53
624,3,16,3291380095253330328400413811195/3288068161333358703018165364266,299897007248971674729204283993/299595237461811372027327243228,0.001006751347695389,0.001006751347697832,144,61
625,3,9,494875786732056088044588779695/494433503953199414171890680123,2044858789948553160403664895571/2043031248872109517060357202358,0.000894124441135861,0.000894124441138092,81,43
625,3,11,651975873603372557537062893392/651319897459592584324667038221,106904043382214097570603917273/106796483417234220029111567688,0.001006642104943265,0.001006642104945450,99,53
625,3,16,8724241335981530914187523255470/8715457227026976550251839723061,3591124750136297163894591528527/3587508982316512861727913224712,0.001007369441123739,0.001007369441126295,144,61
626,3,9,4454826050255949000000000000000/4450433876723801920336697365099,494143005328560380896722738096/493655811933213396971626263355,0.000986422389532525,0.000986422389534651,81,43
626,3,11,179825486844264600000000000000/179646533410710534191546980691,1222716020562752740779084393427/1221499234032758248980495632495,0.000995646048948915,0.000995646048951350,99,53
626,3,16,884129007890799900000000000000/883255510930685933342961462181,4897203669513546855052573336828/4892365356914130762841156405165,0.000988462920132315,0.000988462920134226,144,61
627,3,9,990969368262204350319813011725/989972520910541799859100887092,7998822555086359247251126535435/7990776287123045148245795972544,0.001006437837732316,0.001006437837734499,81,43
627,3,11,1979740466596906313238090628195/1977748577173031703493887713907,2065115649939469431681711569393/2063037861415360471083644372958,0.001006643136619084,0.001006643136623199,99,53
627,3,16,8290483448835281716890646201280/8282127868964873384036151931911,1800007394231504964639640003153/1798193253277881332208648013176,0.001008360169459012,0.001008360169461968,144,61
628,3,9,1484792100036378325311484160795/1483298484018344486097421618773,225200200472624341050236960446/224973661937914129487757393987,0.001006449164413310,0.001006449164416890,81,43
628,3,11,1086628810141509543815122846960/1085535513079926054298132893237,897794313311386195600911461981/896891009556239001573754652296,0.001006643136726107,0.001006643136728414,99,53
628,3,16,3946863942962350294267347675245/3942914894587340260483932105696,8830754081193632340993832037309/8821918439641631878305940696104,0.001001054347936107,0.001001054347938394,144,61
629,3,9,330318209589866800211982693890/329989647054296512992594028311,56237071901343878924570645444/56181133735052622359371011887,0.000995179928214138,0.000995179928220282,81,43
629,3,11,8888863520373692081363866075615/8880009186597229701749896930782,634984285131393515005450611665/634351767510835270312723248552,0.000996611845371412,0.000996611845373547,99,53
629,3,16,9774845123618172908509597585400/9765009396425800559795637733407,3508590714636875870460864996511/3505060270863852748524742730976,0.001006735031011066,0.001006735031013524,144,61
630,3,9,161523276751460042400090245071/161360795391472093611459637152,112600730977043869827053162431/112487462349309000000000000000,0.001006437837732887,0.001006437837737855,81,44
630,3,11,9878834293688322230303642856280/9868894836530218361118682358121,4444838931002620865239732778437/4440366815688601614568060011108,0.001006643136726412,0.001006643136728449,99,53
630,3,16,658431443251013472163468293790/657767519694511935002756077563,7535200946318165011576146528061/7527602892697662198667005041688,0.001008849925434244,0.001008849925436858,144,61
631,3,9,1779760589605632188881552780537/1777970272278817335321311578848,1801591471345146894437990425115/1799779193645642863703336361888,0.001006437837732793,0.001006437837735089,81,44
631,3,11,141410049412027865752584208615/141267771579839947816836393864,4489969815923740651635970353385/4485452292772744988671966200852,0.001006643136721707,0.001006643136727165,99,53
631,3,16,5923224242911732479387722740265/5917264126202388200783295222108,1794815951449483623727234470265/1793009956588617721001195620296,0.001006735031011119,0.001006735031013305,144,61
632,3,9,2972896967976264636394645585165/2969906437124145625974193683558,8899618290632654941387610882813/8890665883819715940621358685112,0.001006437837732399,0.001006437837734549,81,44
632,3,11,989875901933458043572341401095/988879951517994499568169319434,2022544960867635604343718971897/2020510004273438545153651431852,0.001006643136725117,0.001006643136728335,99,53
632,3,16,1980348337365164323658418262985/1978352407160406588466070168616,971065185955427531292116798721/970086480189945050154683432392,0.001008376486474024,0.001008376486477048,144,61
633,3,9,593253447846179906600519810321/592656006898577085377794066998,808908215727338542159768782713/808093597805296283281743138168,0.001007565958354505,0.001007565958356617,81,44
633,3,11,2969612708893726073746103474320/2966652193322736606675607966593,49914604206714509525681130303/49864842511348761374866297478,0.000997433862942723,0.000997433862945892,99,53
633,3,16,7893625562939399949681914062895/7885677769621793394627317164821,634671679830949582850012055751/634032652897682190677251397736,0.001007369441123531,0.001007369441125871,144,61
634,3,9,824148312070971483060186030125/823319275282774735011733213047,4450262265857035697380985001277/4445785606642317812099660852844,0.001006437837732745,0.001006437837734767,81,44
634,3,11,3959479921851873531445416162310/3955496144017105163290180249881,1111222333654493175965732929789/1110104292146593547192369777901,0.001006643137773764,0.001006643137776773,99,53
634,3,16,4145094613935210657185504384855/4140957853769869061059442650731,2961809216546779721499394061681/2958853362573461318912611463520,0.000998487645390304,0.000998487645392652,144,61
635,3,9,9889768608028818464186652208285/9879820177898456962938792076986,294748865121284058212359555367/294452367942544290893949076856,0.001006437825068746,0.001006437825071227,81,44
635,3,11,1280144394895871929239015390275/1278856394713767670298660785113,4040074415085862690430454394489/4036009548182484669431280707448,0.001006643136725940,0.001006643136728218,99,53
635,3,16,24386321544666023850095033585/24361882976060716380078863829,1110488770216685914016119657132/1109375902253113554831763650669,0.001002644954533717,0.001002644954536277,144,61
636,3,9,299847799620032250000000000000/299549194969429212335436170579,65071476545250646274656179383/65006674850715302091624203675,0.000996350258679463,0.000996350258682239,81,44
636,3,11,2248408874113870500000000000000/2246171368025508341000608602871,495183648903097937748826917518/494690866455013289855355250655,0.000995646379709957,0.000995646379712663,99,53
636,3,16,269804176047462600000000000000/269535407646066093375242639717,4887746910581255035444076745714/4882877927666182417299066228385,0.000996657511409809,0.000996657511411861,144,61
637,3,9,2972878214135699669069065923955/2969917787022294015545807557188,734189035813543714002848797651/733457921731016419987267496454,0.000996307918936717,0.000996307918939301,81,44
637,3,11,8899909801899613316647156804505/8890955276541956595810224031816,449894844242302401430159671767/449442188554691045967752185884,0.001006643136725854,0.001006643136728653,99,53
637,3,16,9774845123618172908509597585400/9765009396425800559795637733407,4045245681876721715931315734657/4041175240611415845867259615392,0.001006735031011066,0.001006735031013284,144,61
638,3,9,2966267649301060845180832473130/2963283787127272618445934534327,1801591460029081577769361837369/1799779182363752422966137163656,0.001006437825068479,0.001006437825071486,81,44
638,3,11,21997116292978932755921158483/21974984188271735861174624460,8890785739469825937598956563849/8881840394166609844132161214296,0.001006643136620762,0.001006643136623312,99,53
638,3,16,1578724511951912678520039867139/1577132618971321185330545723349,4487686750166956782206177758043/4483161630690687986236555917492,0.001008849925434963,0.001008849925436705,144,61
639,3,9,161523276751460042400090245071/161360795391472093611459637152,112600730977043869827053162431/112487462349309000000000000000,0.001006437837732887,0.001006437837737855,81,44
639,3,11,1780001879038917357664153786484/1778210953926493098098511796617,1346688411482973292426975697959/1345333458927505567160615716596,0.001006643136725995,0.001006643136728311,99,53
639,3,16,1979468745767400769130652951515/1977476948012758415886577132083,1794815951449483623727234470265/1793009956588617721001195620296,0.001006735031011264,0.001006735031013305,144,61
640,3,9,495477314316698489196171001825/494984470575268779697466557191,889962133179578009678167559357/889076901394436391776128349844,0.000995179803244598,0.000995179803250857,81,44
640,3,11,976860546761289336033281616938/975887579217066632074327201497,4040024685952538287833260024821/4036000761646933204270310499612,0.000996511134021534,0.000996511134023839,99,53
640,3,16,8303791199579987757821484408395/8295416792179496217696611160126,2247458683580961519945602474467/2245192112302885146846113957502,0.001009012974010882,0.001009012974012598,144,61
641,3,9,9790472762281885688521303875230/9780624216974195104635676555551,200176828890715740665356184199/199975464705680458943661593120,0.001006437825068531,0.001006437825072095,81,44
641,3,11,8888974149308452992729300555830/8880030626711565741018344299071,1351052713783311204328094751/1349693370143382999655843148,0.001006643136725979,0.001006643136729463,99,53
641,3,16,292945813283077370274775544060/292652895708465698295069986637,2243868629509722598458690353893/2241624977179147872202369255956,0.001000403841550883,0.001000403841553139,144,61
642,3,9,49989382076954753395792422973/49939095614762573150662187478,900799116514174568945163293593/899892964070727622864826575632,0.001006449164412958,0.001006449164415095,81,44
642,3,11,1979742586167900152757459553075/1977768908340675740045095541067,1999776097639560729445165549859/1997782447671674129361394290420,0.000997433863979013,0.000997433863982252,99,53
642,3,16,1980185124773097130146859864595/1978208953436789502738606782838,75006219317603361538077285001/74931365134119914773537161777,0.000998471330261870,0.000998471330266630,144,61
643,3,9,6916857049799697174253056812245/6909891369877789327064238961158,734104677712231602061622743285/733365391331536747143875755098,0.001007565958354298,0.001007565958356544,81,44
643,3,11,9165500114000788109105692040/9156278368488905991775768359,3994989295597666643277696406319/3990969790480807320600996210612,0.001006643137773807,0.001006643137776706,99,53
643,3,16,8700482709121080377669712766970/8691708378712678115094201693177,5389819683287552620360188920461/5384384116052483326414821952320,0.001008996636306515,0.001008996636308874,144,61
644,3,9,2472444874141201395184521422365/2469957763839052326459138261567,8089083162684665051764525134881/8080946098728530995875430377720,0.001006437837732226,0.001006437837734688,81,44
644,3,11,548946968904957373081865524775/548394653245306787276936178861,448646753486458457874632684446/448195353548688391062823824789,0.001006643136725580,0.001006643136728822,99,53
644,3,16,3958937555905070966113551300565/3954953895799281668338790154591,4369866276188057741317178881967/4365469121217488086715752406076,0.001006751347695243,0.001006751347697469,144,61
645,3,9,1648296624141962745879629046320/1646638550565570259601990095917,741634848244248052292681258005/740888814352533282132823354932,0.001006437837732119,0.001006437837734828,81,44
645,3,11,2222238209212413147242873827540/2220002333924002534039842201087,1122492454097915029249212714743/1121363073310047222053441684133,0.001006643136726083,0.001006643136728230,99,53
645,3,16,9773241012542125271620724206130/9763400705449837937401891534959,3591124750136297163894591528527/3587508982316513761627612019184,0.001007369441123694,0.001007369441126044,144,61
646,3,9,4008811220667630000000000000000/4004819029706995236205970613773,4454829453814462824716158402964/4450393093782082208158534142665,0.000996350259785627,0.000996350259787939,81,44
646,3,11,899005898340871200000000000000/898111251203144631363310006723,203788358512422881924380048864/203585558206015539074437484475,0.000995647069374249,0.000995647069376448,99,53
646,3,16,4499928095626656000000000000000/4495439000307470324266415367299,60728436495153599598909144179/60667854251566770378338859514,0.000998090604635532,0.000998090604637775,144,61
647,3,9,2972908125784568121064767114335/2969917550069149501557604509519,3999410764219897042631867687003/3995387585500127895714210735456,0.001006449164413177,0.001006449164415317,81,44
647,3,11,395948093502241181026602945575/395549715617241006065343480423,8079134622428756395985295750445/8071005909053580868239713812656,0.001006643136723423,0.001006643136727198,99,53
647,3,16,1980184047851346438819522699445/1978204054684419428502324728133,450036843840470513667114288371/449586850378175150833557835992,0.001000403841549209,0.001000403841554988,144,61
648,3,9,9798540500153574277952008290895/9788782998204608929131754949247,100078447837992086123843991577/99978788541812556652946984656,0.000996307918936980,0.000996307918940335,81,44
648,3,11,8899909801899613316647156804505/8890955276541956595810224031816,449894844242302401430159671767/449442188554691045967752185884,0.001006643136725854,0.001006643136728653,99,53
648,3,16,107928980522279910703963417604/107820133703821970801870367645,1347454906160428804577323310635/1346095992374329350552666070266,0.001009012974010920,0.001009012974012855,144,61
649,3,9,198193132027611523491508408171/197993763303303072021955230726,4450262265857035697380985001277/4445785606642317812099660852844,0.001006437837731078,0.001006437837734767,81,44
649,3,11,2966670169585329237287739810080/2963685294024490280482717357539,8889777646736440007348559991657/8880833315711329834203658940904,0.001006643136726068,0.001006643136728151,99,53
649,3,16,9774845123618172908509597585400/9765009396425800559795637733407,1794815951449483623727234470265/1793009956588617721001195620296,0.001006735031011066,0.001006735031013305,144,61
650,3,9,198193132027611523491508408171/197993763303303072021955230726,8899618290632654941387610882813/8890665883819715040721659890640,0.001006437837731078,0.001006437837734650,81,44
650,3,11,9768602778277962880349135508290/9758774229087589041906995754339,8080140672330723566290565351383/8072010946732717424877553382472,0.001006643136621017,0.001006643136623268,99,53
650,3,16,1214201638239483840747916257215/1212989114892728273039404743789,4494265480360668391035777868339/4489777426935400664697392984280,0.000999116732836953,0.000999116732839057,144,61
651,3,9,8800629527209812558959213187490/8791875673900802625419399875437,1801571416115306177075679183835/1799779420229822197687538860608,0.000995179928203704,0.000995179928206869,81,44
651,3,11,109984468771785612100329795455/109875924350017541296856356617,2993310626696410313741262774241/2990356508039684385230560878984,0.000987394128115591,0.000987394128121182,99,53
651,3,16,5923233793072354013668640646455/5917264050372238178989145265276,4369794069138251675431677516551/4365389963685616838288498652660,0.001008360169458967,0.001008360169461031,144,61
652,3,9,330323122755614234621858748380/329990840305054012063668026871,2022270821709541696676746791137/2020236555689256975545868419448,0.001006437837745904,0.001006437837748907,81,44
652,3,11,109985712551174509047845586995/109875051895736473223667705153,897794313311386195600911461981/896891009556239101562610073904,0.001006643136723988,0.001006643136728303,99,53
652,3,16,977484351697670709128253232939/976500763206843404787149780370,600001501909606740634810080349/599397753552168774636086202456,0.001006751347695470,0.001006751347697857,144,61
653,3,9,790785722590080548616650444515/789989355079415509662855118953,2022295797295911324363776472107/2020259227054543635206072106756,0.001007565958353895,0.001007565958356705,81,44
653,3,11,5930387347194809907084592754975/5924420567180348928122408201433,539882051424208063373472799027/539338856309619761064367317816,0.001006643137774608,0.001006643137777218,99,53
653,3,16,9872376826335803405683974446215/9862436703138466846805121034629,2649855137074930461225127544725/2647187098062540935189221027728,0.001007369441123753,0.001007369441125830,144,61
654,3,9,1978618510854655211618562055295/1976628156071080659531540539463,741634848244248052292681258005/740888814352533282132823354932,0.001006437837732606,0.001006437837734828,81,44
654,3,11,2447673409480727240794947818995/2445210715574480614898241633912,2693379886452900001876190762645/2690669978256857236546530717432,0.001006643137774718,0.001006643137776689,99,53
654,3,16,1974499576918933226839970460986/1972522387760351707555840076877,4487737296468420241367254190291/4483243446161800196625649771716,0.001001863856677426,0.001001863856679574,144,61
655,3,9,988977974482380789568839597494/987983130336548036407612833339,444379030831115388843258378943/443932015944271617187305429852,0.001006437837732195,0.001006437837734602,81,44
655,3,11,4938322786973364899696541028855/4933354159469879911079002286973,2222444664488443078848049608269/2220208581477809716295014056708,0.001006643136726014,0.001006643136728204,99,53
655,3,16,9872376826335803405683974446215/9862436703138466846805121034629,3591124750136297163894591528527/3587508982316513761627612019184,0.001007369441123753,0.001007369441126044,144,61
656,3,9,1799086643305096500000000000000/1797295015554828140768550476759,2227414726900030783824716707434/2225196546885782544168594762445,0.000996350258915949,0.000996350258918398,81,44
656,3,11,1351197448910073000000000000000/1349852802651235223286851758661,4940023544680359602886540288902/4935107472508005203962642983245,0.000995647059243691,0.000995647059246405,99,53
656,3,16,36595071369147656250000000000/36558558559649396094519976117,971654978812746189001596864658/970685508012112323709681127835,0.000998250191163290,0.000998250191165408,144,61
657,3,9,4399858390569836480827172640185/4395432434203472787652001764284,2396122744688623357582359699889/2393712409224374364386237045664,0.001006437837732711,0.001006437837734660,81,44
657,3,11,494937922820255222590349253485/494439947640842821578365014341,8080130468888463205495178586545/8072000753555664547199545051584,0.001006643136724769,0.001006643136728526,99,53
657,3,16,9774845123618172908509597585400/9765009396425800559795637733407,87324068640593893717264589587/87236200678941633873158447886,0.001006735031011066,0.001006735031013392,144,61
658,3,9,198193132027611523491508408171/197993763303303072021955230726,4450262265857035697380985001277/4445785606642317812099660852844,0.001006437837731078,0.001006437837734767,81,44
658,3,11,592597679092464521673870692272/592001444853866940822792804825,112474997972847026698073379302/112361832756134146328837770791,0.001006643136726000,0.001006643136732666,99,53
658,3,16,4896176944652641248071374601585/4891287615194960464736784419991,4045387436645929793485126345367/4041347706835232185613810347164,0.000999100397144790,0.000999100397146758,144,61
659,3,9,8898912882445937037136874140235/8890051240265150585419968999852,2224680779731123425342026477483/2222465416428109145528093125950,0.000996307919076646,0.000996307919078748,81,44
659,3,11,8899909801899613316647156804505/8890955276541956595810224031816,8079030853691426858692834394731/8070902244721775262236772992976,0.001006643136725854,0.001006643136727810,99,53
659,3,16,1979471951402824742778488261225/1977476936746171048400657685897,4369794069138251675431677516551/4365389963685616838288498652660,0.001008360169458518,0.001008360169461031,144,61
660,3,9,3230391933905199620029234988165/3227142380743132927727152664196,35630627532480895888671961077/35594785560133893574138483435,0.001006437837733009,0.001006437837736625,81,44
660,3,11,122066263992178918070317623490/121944571667063444297497894119,48788118915086442522522653604/48739480254127840009558169701,0.000997433862932730,0.000997433862934709,99,53
660,3,16,2074838609882975162523372418640/2072762622932531106324184232013,1746485340891462422173746010001/1744737888940467982367738577799,0.001001054347936299,0.001001054347937980,144,61
661,3,9,445021483387216528931853624055/444573817201533030507640662696,356308279247739498572463941552/355949853476730121651341485201,0.001006449164413234,0.001006449164416476,81,44
661,3,11,1757955589620309565190015450093/1756186846087477673687596462980,439589496600017525836094254717/439147209500272677921811249198,0.001006643136726344,0.001006643136728033,99,53
661,3,16,5923224242911732479387722740265/5917264126202388200783295222108,1760153560429607632611725029373/1758382443852499887796124234260,0.001006735031011119,0.001006735031012955,144,61
662,3,9,1486437442878979362138697019855/1484958905998435067453214523308,790977149115711274813553489309/790190376088538094538979332918,0.000995179928204040,0.000995179928205822,81,44
662,3,11,1979741563462271787236370397225/1977769711601345250841457970936,1580200794602174649327409827814/1578626891252874829383966639305,0.000996511133917735,0.000996511133920117,99,53
662,3,16,1980188387158737176689342034690/1978192940296033725237776335239,1581714242028657958934761812561/1580120339780555778004030954172,0.001008213644245649,0.001008213644248428,144,61
663,3,9,1631763740648723897445778500490/1630120459047889906168086859803,1583742115714196755459849823953/1582147194700577358614060174868,0.001007565958354357,0.001007565958355832,81,44
663,3,11,1976797496146001419930640854000/1974815836926927229011913353981,1580211640644338987421113642200/1578627542641441499560199235471,0.001002962191977033,0.001002962191979094,99,53
663,3,16,5929348682687958321597668927300/5923378645540608190451132022831,1775115897310561707127403880763/1773328600186552537170793350718,0.001007369441123407,0.001007369441125304,144,61
664,3,9,593253529859290432254790943764/592656757417028342516888577843,888976982297481961048156162864/888082732304620834401397566321,0.001006437837732423,0.001006437837734432,81,44
664,3,11,260027216526858573078150444035/259765593616525967121711682971,75246793957886721541269870540/75171085401330811439091032641,0.001006643136725860,0.001006643136727870,99,53
664,3,16,309053749997577321717079516025/308742264536723915082124296303,576151627616820168855140585007/575570942686605395032129775012,0.001008376486475096,0.001008376486476737,144,61
665,3,9,1759901197465367539905344218412/1758130857327651603763155709041,1581951689335440091698027115717/1580360354222084831421397721477,0.001006437837732593,0.001006437837734229,81,44
665,3,11,9779648191562381409405840404435/9769808529175956838127293064913,1758178951935092471996601445324/1756409983669248447725567463685,0.001006643136726037,0.001006643136727997,99,53
665,3,16,1316981492336660890021055171375/1315755193814068195796123799828,1582006681508137442938445273570/1580533606550320209840282935119,0.000931577105852640,0.000931577105854900,144,61
666,3,9,256489724921715152223718646057/256257486077143917724328283264,281222418721275357981287674959/280967785637585968750000000000,0.000905861038228882,0.000905861038230307,81,44
666,3,11,110097458200769302692920230843/109997835051266085408530788288,1218572193149603654794964091/1217469551891914062500000000,0.000905272937324708,0.000905272937327076,99,53
666,3,16,363351874016525687813917021671/363066245463846961753778330528,93518306924824285581100115637/93444792789997656250000000000,0.000786402650867599,0.000786402650869274,144,61
667,3,9,1981931320276115234915084081710/1979937633033029730239622608697,1581971648268314123149359384174/1580380293077638428888364741187,0.001006437837731578,0.001006437837734338,81,44
667,3,11,494937922763002709421003073870/494439947583128971636798188567,1738341687339094533116062932078/1736592678070206912609315506407,0.001006643137774321,0.001006643137776387,99,53
667,3,16,1979980659705276282104745050150/1978185472987331580772201799499,355998630550736832614621495656/355675857694324744034797692973,0.000907080087521545,0.000907080087525207,144,61
668,3,9,1759901197465367539905344218412/1758130857327651603763155709041,4292846690660241795266158045/4288528380738924684925333716,0.001006437837732593,0.001006437837734675,81,44
668,3,11,488320997744124313921524989665/487829680095485022044229396891,177956204754621303140330645849/177777156496436654778929954978,0.001006643136724728,0.001006643136727749,99,53
668,3,16,3291264111764448080055375371710/3288033598462089105278474080803,218330770689336745635162279634/218116469911557713644245627821,0.000982023828152765,0.000982023828154364,144,61
669,3,9,9889768483898071181878306943135/9879820053767456435672561057853,19794793073600497715928867265/19774880866741071760735346198,0.001006437837732973,0.001006437837735625,81,44
669,3,11,9779860999745948852392975857920/9770111099470003841284079257911,395104520345511986349251721066/394710626232696780460327075295,0.000997433759474568,0.000997433759476417,99,53
669,3,16,2443711280904543227127399396350/2441252349106449892453927008711,1760153560429607632611725029373/1758382443852499887796124234260,0.001006735031011168,0.001006735031012955,144,61
670,3,9,110095082502092829611284592545/109985448523229844983900624349,8808473324272986437158575348991/8799701742869832769361634716688,0.000996307918933514,0.000996307918939210,81,44
670,3,11,8899909801899613316647156804505/8890955276541956595810224031816,8079030853691426858692834394731/8070902244721775262236772992976,0.001006643136725854,0.001006643136727810,99,53
670,3,16,658431443251013472163468293790/657767519694511935002756077563,1662213539948391992099933510773/1660537461540499656226136282106,0.001008849925434244,0.001008849925436865,144,61
671,3,9,1087830182662527831357786726325/1086735887652684144494894434173,300266933965605773363841977191/299964882585990221395873662912,0.001006449164413129,0.001006449164416281,81,44
671,3,11,4939411535010587042749323383275/4934441812077808002904285113399,899799983782659343845500953097/898894662048957083569557679440,0.001006643136726106,0.001006643136731926,99,53
671,3,16,9774845123618172908509597585400/9765009396425800559795637733407,4045245681876721715931315734657/4041175240611415845867259615392,0.001006735031011066,0.001006735031013284,144,61
672,3,9,990969368262204350319813011725/989972520910541799859100887092,741634848244248052292681258005/740888814352533282132823354932,0.001006437837732316,0.001006437837734828,81,44
672,3,11,9669416674984927254372498489130/9659687920566378776984128339251,71690950507573410206586232937/71618819615404246348203651300,0.001006643136725999,0.001006643136728250,99,53
672,3,16,1386028777485476188137826943155/1384640638078851236492275726053,20000067923113824102590393891/19980037399310607643708922744,0.001002024647887765,0.001002024647891951,144,61
673,3,9,1927310697539708919170493679535/1925369782853677986332358496863,2696360719091089517286200581937/2693645326017615881885328563088,0.001007565958354468,0.001007565958356423,81,44
673,3,11,4939411535004831132805540436905/4934441812066883574380061470694,899799643333593762869390707429/898894321941490351477472157480,0.001006643137774717,0.001006643137777021,99,53
673,3,16,1185869736537591664319533785460/1184675729108121242098254525141,415636049780113400493279092290/415217561546453576863883548257,0.001007369441123742,0.001007369441125902,144,61
674,3,9,4944823925917414194839092283240/4939905384220760744755255740207,111108928449378309161300046487/110998410075895778817256922503,0.000995179928204103,0.000995179928206182,81,44
674,3,11,157936467866628420355213785559/157779160810083681949356823656,1111337025729236854409978477093/1110230117624297412781098997266,0.000996511133906700,0.000996511133909143,99,53
674,3,16,362090904318348601196084839340/361729547363738236196429446887,6651361619918702706152139343943/6644723740451626341027962550528,0.000998471330263439,0.000998471330265016,144,61
675,3,9,4399858390569836480827172640185/4395432434203472787652001764284,2247497507665547551573987305965/2245236679016203081863146525208,0.001006437837732711,0.001006437837734744,81,44
675,3,11,219529650996254310381400229039/219308774170493175096970107360,2222444411686773283391313197203/2220208328930492562060551194458,0.001006643136726116,0.001006643136728376,99,53
675,3,16,790117558288192825985679441844/789320734393510432638338567517,418622258306545353000448353859/418200082878640661498901124360,0.001008996636306230,0.001008996636308554,144,61
676,3,9,4053535977957286500000000000000/4049499202720070115574409519537,699467674197960113726659588168/698771098713791349147082657615,0.000996361358715774,0.000996361358717696,81,44
676,3,11,2697418932976098000000000000000/2694734592294646317722020064741,117104162583642139103387832566/116987626192594956772942656735,0.000995647060352840,0.000995647060355292,99,53
676,3,16,299952159335069400000000000000/299653358688092972105634380371,4447709817920601941258413843294/4443279182801632316856567112575,0.000996657511409896,0.000996657511411881,144,61
677,3,9,593253529859290432254790943764/592656757417028342516888577843,2612126486445784417924785216137/2609498866002991819504012919592,0.001006437837732423,0.001006437837734619,81,44
677,3,11,987663795761932765255152488575/986670071027542286306346331026,10711910641009360124182847167/10701132995213026469503436151,0.001006643136726104,0.001006643136729224,99,53
677,3,16,9713719814142760769297312278370/9703945592975386239928346480067,1794815951449483623727234470265/1793009956588617721001195620296,0.001006735031011345,0.001006735031013305,144,61
678,3,9,9889768483898071181878306943135/9879820053767458415632420454979,100088415074732880240979939885/99987732980315842166065539004,0.001006437837732772,0.001006437837736539,81,44
678,3,11,2633060569235700472933521883450/2630435574780290188711421534241,899811006338634257670413990723/898913951811989012145528330984,0.000997433873309818,0.000997433873313169,99,53
678,3,16,8289476830688778375336179221610/8281118209612305654098346910077,4487686750166956782206177758043/4483161630690687986236555917492,0.001008849925434664,0.001008849925436705,144,61
679,3,9,4449401473944609012753532626985/4444925680627642775291620585131,75066311306047412685752530273/74990799735234519387839818764,0.001006437837732565,0.001006437837738099,81,44
679,3,11,1464961122449766893949491507075/1463487171384575291413917082428,4040064723292415743913073715267/4035999866136074037609311866716,0.001006643137774724,0.001006643137776829,99,53
679,3,16,987249779665120598989934895155/986262625051936090018910878644,2243868629509722598458690353893/2241624977179147872202369255956,0.001000403841551101,0.001000403841553139,144,61
680,3,9,646078461166390900495997821054/645428550459142169561368926801,900795735685235833949975638543/899889596835456923522441362296,0.001006437837746676,0.001006437837750821,81,44
680,3,11,8888952835705591313547421021360/8880009334553099096900901490671,1122492581897455954339731844631/1121363200981004133805792541784,0.001006643136726178,0.001006643136728419,99,53
680,3,16,270314708570536059129425523235/270042095080925545645624968378,2247458683580961519945602474467/2245192112302885146846113957502,0.001009012974010775,0.001009012974012598,144,61
681,3,9,3263199206235193177789797147655/3259949345818528865205387469572,8088367715448235835155358687321/8080312410082971354819180226608,0.000996408608392361,0.000996408608394348,81,44
681,3,11,8899909801899613316647156804505/8890955276541956595810224031816,449894844242302401430159671767/449442188554691045967752185884,0.001006643136725854,0.001006643136728653,99,53
681,3,16,5923224242911732479387722740265/5917264126202388200783295222108,8899864701616885845378662307257/8890909404612453488172948564960,0.001006735031011119,0.001006735031013369,144,61
682,3,9,2972896967976264636394645585165/2969906437124145625974193683558,1011135409457273973276766927937/1010118276448551654491465929629,0.001006437837732399,0.001006437837734794,81,44
682,3,11,2962988398883330870661379198210/2960007227686901178275676074037,899799983730607360052546273327/898894661996959979073514292808,0.001006643136725928,0.001006643136729136,99,53
682,3,16,330025532897459489411244725185/329696170939485207663581867787,551865811737574383370604955440/551315055550021922101795136541,0.000998487645389212,0.000998487645392623,144,61
683,3,9,4449395290402777634563877644015/4444914488903504983970229983922,3594142708391801851468115448853/3590523196304140306993762575864,0.001007565958354530,0.001007565958356744,81,44
683,3,11,2469708573990362930908748998205/2467223709697678940763499511343,1122503907486406751273718988874/1121374515173689108329739147251,0.001006643137774656,0.001006643137776947,99,53
683,3,16,1657863354943435929065544634882/1656191420025042891704858935677,5389819683287552620360188920461/5384384116052483326414821952320,0.001008996636306404,0.001008996636308874,144,61
684,3,9,2422818648823707279042166532840/2420381459107264273948378281753,8098208305632862741337796887299/8090062062407548929432418086576,0.001006437837732364,0.001006437837734525,81,44
684,3,11,8789777969786602283244958936250/8780934252100637049805873243719,897289656783176307684790616741/896386860781454077529767875684,0.001006643136724938,0.001006643136727786,99,53
684,3,16,3958937555905070966113551300565/3954953895799281668338790154591,1112482905226839018942275242882/1111363475151129856925963642649,0.001006751347695243,0.001006751347697499,144,61
685,3,9,2447865504529954764026531107865/2445430649703816053132971120566,4094198531768631503055371300125/4090126094359050552888001463352,0.000995179915683327,0.000995179915685690,81,44
685,3,11,1316870571451644577819121201590/1315558816406576615677453728201,2222447466685504520531255460649/2220233652556743074259356109774,0.000996611844322751,0.000996611844325006,99,53
685,3,16,9889720905763093905546495468740/9879825870671020914225260423871,2243866331188000745481877735163/2241621259127763232368726775998,0.001001038216027035,0.001001038216029256,144,61
686,3,9,1113804803421033750000000000000/1112695616378197735494790015357,2448164370450994764909279486302/2445726356007079773425204346995,0.000996350258667194,0.000996350258669157,81,44
686,3,11,225198572573181000000000000000/224974465883555919087424897379,1100335707415819299856052615686/1099240706723548852004853292035,0.000995646957919441,0.000995646957922347,99,53
686,3,16,4499928095626656000000000000000/4495439000307470324266415367299,971654983922457593582546306864/970685668025068425061374883263,0.000998090604635532,0.000998090604637673,144,61
687,3,9,2873601134538552962981326418090/2870710488497935183829649192261,2044835999023175595437749690433/2042779033979120681668221878502,0.001006437837746864,0.001006437837749131,81,44
687,3,11,362208776546426514468471217600/361844345024511385013327012481,190049336606450536926296450231/189858121005219006070025247968,0.001006643136621165,0.001006643136624258,99,53
687,3,16,2966837204497520653843149558625/2963851888515673259570792635521,600049859651429500882115014807/599446072415240506451171878896,0.001006735031011141,0.001006735031013134,144,61
688,3,9,9889768483899317306711497065545/9879820053893819453859145036299,577798871002661963043057973909/577217644896631685706047452464,0.001006437825068962,0.001006437825071082,81,44
688,3,11,4889880500166810469108241761675/4885005599369929382716019105307,299933631792548643557866530445/299634616980101881209017705304,0.000997433862942214,0.000997433862947351,99,53
688,3,16,8303791199579987757821484408395/8295416792179497207676540858689,1347454906160428804577323310635/1346095992374329350552666070266,0.001009012974010762,0.001009012974012855,144,61
689,3,9,198193132027611523491508408171/197993763303303072021955230726,8089083275532017417900816091791/8080946211462366984820682127408,0.001006437837731078,0.001006437837734646,81,44
689,3,11,9779648190430880281109952270085/9769808528045604684256981721454,1994984576188125040173772793039/1992977349106809861586658169828,0.001006643136724959,0.001006643136727247,99,53
689,3,16,9774845123618172908509597585400/9765009396425800559795637733407,8899864701616885845378662307257/8890909404612454388072647359432,0.001006735031011066,0.001006735031013268,144,61
690,3,9,198195359146987516273099416487/197995985939712600000000000000,2696391357226359756690613038839/2693678941581132796525290999672,0.001006449164409231,0.001006449164415004,81,44
690,3,11,9878823071162921129089653685160/9868883625296214451951261697307,4045089968287679729548670291359/4041020055052446263023086685512,0.001006643136726090,0.001006643136728648,99,52
690,3,16,3290792278408338374495485223960/3287479386305242763275282414317,598520923199491553493062820317/597918382816429350669952083108,0.001007222733272940,0.001007222733275588,144,61
691,3,9,208307931109427681014780023725/208098387592245732031091968212,200176828890715740665356184199/199975464705680458943661593120,0.001006437825068595,0.001006437825072095,81,44
691,3,11,987675120480656743122719971930/986681384351017580419378939773,374164151365492210820153648221/373787691102478196084305544433,0.001006643137774285,0.001006643137776672,99,52
691,3,16,4944148311918489141172121393485/4939236473467750486583809322763,8886798473004431432290237330541/8877969749493340527452439966408,0.000993958843409732,0.000993958843411702,144,61
692,3,9,1631765781284375333240497057460/1630140849714934125035521855191,8178618571939382692143244985791/8170474207310330906340418708224,0.000996307919062851,0.000996307919064881,81,44
692,3,11,494307350465886487205850623365/493810009728424480522970218206,449894844242302401430159671767/449442188554691045967752185884,0.001006643136725673,0.001006643136728653,99,52
692,3,16,977484351697670709128253232939/976500763206843404787149780370,600001501909606740634810080349/599397753552168774636086202456,0.001006751347695470,0.001006751347697857,144,61
693,3,9,8997201938864061921920885536360/8988141229867523850788914633431,785944917199355737970040396647/785153424663069620030943546312,0.001007565958354172,0.001007565958356767,81,44
693,3,11,8900009395309101704539089784685/8891054769737542950210694158468,1349699464423616006964450505471/1348341482336040098924643951048,0.001006643137774492,0.001006643137777841,99,52
693,3,16,423524905906282737256976351950/423098474681472084316504408671,1495678290351847391878792599275/1494172348395696729114310853796,0.001007369441123240,0.001007369441125755,144,61
694,3,9,988755884480806089991135133425/987761263742298334995382916559,1599764510991758286409740785293/1598155257399098313027853984464,0.001006437837746683,0.001006437837748777,81,44
694,3,11,789686897447910753623519710667/788892364525082939752513772367,448896080360673711932838658271/448444429566000014121319458092,0.001006643136725944,0.001006643136728318,99,52
694,3,16,1096931974509207450298295900810/1095826590051178252299842369007,2221320074094177375595607733503/2219081637488009231371295466288,0.001008213644246420,0.001008213644248780,144,61
695,3,9,9790472758649669156883180882920/9780624102439764011868335388081,1348178858674396307071081231771/1346822667771679779794636136960,0.001006449164413191,0.001006449164415334,81,44
695,3,11,1646491052920201242543088076650/1644834457941970415536005999111,1010016180707652366226097058130/1008999966419740921577192063253,0.001006643136726220,0.001006643136728442,99,52
695,3,16,4936905585904584466004384143855/4931934802211785167200049447654,3591124750136297163894591528527/3587508982316514661527310813656,0.001007369441123940,0.001007369441125794,144,61
696,3,9,137843315591490843750000000000/137707563130929407616255373627,85966011568518364329790432556/85881349519110791201585658715,0.000985316919864525,0.000985316919867165,81,44
696,3,11,326623658731700625000000000000/326301852592858934990091434299,2224956616351944953778757117024/2222764476625812244530399292695,0.000985736226622428,0.000985736226625298,99,52
696,3,16,539917867833466500000000000000/539379163644204259290542053313,2223464102652467871777224094094/2221245636663220448131746794385,0.000998250191163308,0.000998250191165342,144,61
697,3,9,2873601122088025260597388768030/2870710476059975844086358444711,513449102737921668577334387219/512932608086652411343896838824,0.001006437837731543,0.001006437837734862,81,44
697,3,11,8889052834056992280456951519340/8880190921429311356281557757251,1011272379276374573090747009858/1010264194531019087473618099233,0.000997444065076459,0.000997444065078795,99,52
697,3,16,376241860893349668678688409735/375863275631354032415044879668,8885412641835089575591255236283/8876471886904276740780278675208,0.001006735031009504,0.001006735031013079,144,61
698,3,9,198193132027611523491508408171/197993763303303072021955230726,8089184194013345146009883758583/8081047028426611069535968569168,0.001006437837731078,0.001006437837734572,81,44
698,3,11,9878822957091763809699283900610/9868883409717717690265365095571,299933327587378267395326492821/299631550591113295140843279480,0.001006653433950798,0.001006653433955719,99,52
698,3,16,216265538899918358478923100809/216049188449747031701131844181,1480917933868771880229232140551/1479436434489399092475999977592,0.001000893351744498,0.001000893351746533,144,61
699,3,9,9692173872475302766487821273735/9682424208998237718529045058088,20017683014946576048195987977/19997546596063158434327565640,0.001006437837732969,0.001006437837737039,81,44
699,3,11,3259889441414324012111005063300/3256908760036545799138749353853,550034841345896569687703883007/549531916741183166480733973002,0.000914768723379497,0.000914768723381613,99,52
699,3,16,48875060882559382194205371295/48826198393456708938348929331,2691488953578428463214397162405/2688798156937162184783307849408,0.001000242853338946,0.001000242853341110,144,61
700,3,9,198193132027611523491508408171/197993763303303072021955230726,2224904544732708196958324979763/2222666443057564525335292381770,0.001006437837731078,0.001006437837734557,81,44
700,3,11,2469960480065727357986493006995/2467702070589032481909511693296,4445346401770851328703395073731/4441281797287500365911278552372,0.000914768723464976,0.000914768723467173,99,52
700,3,16,1483150317432477061768206380255/1481656965212559182505959530728,2221314215501359795657162324603/2219077621896603968290958809218,0.001007385778462240,0.001007385778464355,144,60
701,3,9,8998098793916380540445763733750/8989047322458240618815517956079,999851555352039121593889410241/998845773128155717552594534257,0.001006437837732626,0.001006437837735075,81,44
701,3,11,362209192279898827468070722420/361844756613664282548626031153,74983331992095651698970322831/74907887742933717935738289150,0.001006653433950748,0.001006653433953772,99,52
701,3,16,4815958090881468240238016954465/4811112136868615544824033068737,1346064589842596967316733309485/1344710141365756310850168695106,0.001006735031011122,0.001006735031013623,144,60
702,3,9,1481492004670815846805517570095/1480000055504149452275448408846,3999455564095839266228812170563/3995427878237816259613284660624,0.001007565958353978,0.001007565958356469,81,44
702,3,11,659913488002717067147670257555/659249518073783624360472967263,8090169733124082148432466159191/8082029833697207185302388660200,0.001006653433949456,0.001006653433952924,99,52
702,3,16,1980188387158737176689342034690/1978192940296033725237776335239,2211400985353849970279561389051/2209172544268631569241712985032,0.001008213644245649,0.001008213644248675,144,60
703,3,9,3263198915649948853157534841820/3259949383765193805665833693797,179942467014500559766003529249/179763278188106273723838872160,0.000996307918936878,0.000996307918939126,81,44
703,3,11,878965595617279474190289834682/878081227081277513690617324551,2693349031786016013424034921051/2690639126925047116372046334696,0.001006653436047908,0.001006653436049935,99,52
703,3,16,423524905906282737256976351950/423098474681472084316504408671,2221314580885051689605066304197/2219078023166227076190899703450,0.001007369441123240,0.001007369441125997,144,60
704,3,9,593252788243716035038680531743/592656016547468279134492571295,2247517681188816536604400778177/2245256832246287522286195528192,0.001006437837732709,0.001006437837735204,81,44
704,3,11,1974217184041465667419726867235/1972230831485835599896303243842,2022542433281018289613134115157/2020507458424299096626500781634,0.001006653433950805,0.001006653433953148,99,52
704,3,16,3958950116396050487191447141445/3954985137634640797508934109644,4494917870696479459402514754943/4490416108015050161185668900000,0.001002024647887903,0.001002024647890126,144,60
705,3,9,9889768483898071181878306943135/9879820053767456435672561057853,93644467816456160665502418121/93550267891886680474598944350,0.001006437837732973,0.001006437837735357,81,44
705,3,11,9878834183158681356478486440055/9868894624489572285019422708402,8080130366131913811449039668985/8072000567783309800485008117136,0.001006653433949806,0.001006653433951793,99,52
705,3,16,553692590278151172800595407068/553135098130350019607900352123,2221314580885051689605066304197/2219078023166227301165824402068,0.001007369441123581,0.001007369441125896,144,60
706,3,9,1317971025154509195153582658570/1316645236519592242560976463121,2936452523353148978498452704871/2933498653117657002132090559488,0.001006437837732020,0.001006437837734592,81,44
706,3,11,316838485624952339409038259970/316522614515947308688458242061,988616757010710142561625546605/987631158715090603070009903649,0.000997444065077464,0.000997444065079699,99,52
706,3,16,1737236059566124720369154409973/1735488257518294726781716609167,316721033922144557551501738723/316402386569280185874415142616,0.001006588508513174,0.001006588508515577,144,60
707,3,9,270236421789565200000000000000/269970284407149610399761888919,1481695989864035828960059843924/1480236768750657485018143064795,0.000985316919965397,0.000985316919968045,81,44
707,3,11,150114495894926250000000000000/149966595502521643454777599237,1630110346025893234739037050284/1628504278880921215876478702965,0.000985736246771075,0.000985736246774510,99,52
707,3,16,225267162669121500000000000000/225044210138265932209799343049,49509637477387634579211331859/49460636554010341892289883320,0.000990215049125536,0.000990215049129531,144,60
708,3,9,9889768608027572339353462085875/9879820177772092954772278399977,428059247963383785379672686979/427628649660999848198842214790,0.001006437837732857,0.001006437837735210,81,44
708,3,11,1097648254981271551907001145195/1096543870852465765487080570293,224949995945667083456357662915/224723665512241970591485803276,0.001006643136726216,0.001006643136729903,99,52
708,3,16,8882993175100469699115459165940/8874049079939223538550485079361,8975373572845158831676079483041/8966336461844278965970660997616,0.001007385778462002,0.001007385778464265,144,60
709,3,9,198195359146987516273099416487/197995985939712600000000000000,2696391357226359756690613038839/2693678941581131896625592205200,0.001006449164409231,0.001006449164415338,81,44
709,3,11,4444482030252189522481552073965/4440010274029102536505284422796,740814888999068285996529998725/740069527994682416852323657686,0.001006643136726223,0.001006643136728243,99,52
709,3,16,4815958090881468240238016954465/4811112136868615544824033068737,1794815951449483623727234470265/1793009956588617721001195620296,0.001006735031011122,0.001006735031013305,144,60
710,3,9,2999366264634613391025611521790/2996349107481862231784703641271,900795735685235833949975638543/899889596835456923522441362296,0.001006437837746662,0.001006437837750821,81,44
710,3,11,1411263643874165450444160203285/1409843719811260291803936897483,8090178924660260868830218475491/8082039099207930187380566018616,0.001006643136725257,0.001006643136727238,99,53
710,3,16,263372330223706535886608188574/263108431740118256892445029039,561873745606160187500000000000/561310749374521669960261012407,0.001002500090242806,0.001002500090244633,144,60
711,3,9,396390713804185280586262091137/395991971879425200000000000000,229713820820052528565478082629/229482744440439682467697241454,0.001006437837731864,0.001006437837734536,81,44
711,3,11,3256200921913919716914520898675/3252924738854665809408236335284,224949740346585233275319403139/224723410170351544478952744246,0.001006643136621122,0.001006643136623896,99,53
711,3,16,1097091253983038874545774604710/1095987329558370014186930917959,8974079757247418118636172351325/8965049782943089504905676895952,0.001006735031011305,0.001006735031013204,144,60
712,3,9,349659729092338016582630568485/349307601278086191916233938556,42751523299429879642910009263/42708470013040601784911561320,0.001007565958354321,0.001007565958357372,81,44
712,3,11,989869671500690933410517107450/988873727353893784184742476919,4045089968287679729548670291359/4041020055052446712972936082748,0.001006643136725425,0.001006643136728536,99,53
712,3,16,1980348337365164323658418262985/1978352407160406588466070168616,8089027231883052831751199327321/8080874558196990659522542518552,0.001008376486474024,0.001008376486477194,144,60
713,3,9,1317971025142730348516047453885/1316645236524498583092562541349,4044541643425367389324352877811/4040473111436017541844703599696,0.001006437825068519,0.001006437825070710,81,44
713,3,11,8789777968642541007820884647450/8780934250948512267341701404201,1349699464423616006964450505471/1348341482336040548874493348284,0.001006643137774324,0.001006643137777507,99,53
713,3,16,423524905906282737256976351950/423098474681472084316504408671,2221314580885051689605066304197/2219078023166227301165824402068,0.001007369441123240,0.001007369441125896,144,60
714,3,9,4944396006235162402175212721215/4939472263122306501850136932659,2022089436834464445362511521309/2020075793727063538993283902788,0.000996319130520514,0.000996319130522882,81,44
714,3,11,9780643261545360940012879082020/9770802597982567469103136350129,3589116537188410823118843666527/3585505395529756411160182241976,0.001006643136725850,0.001006643136727977,99,53
714,3,16,3958904681826685317556607755195/3955082039072419545466312431294,4488343734758382987399304563677/4484009875765736125080200583252,0.000966047375707702,0.000966047375709846,144,60
715,3,9,593253529859290432254790943764/592656757417028342516888577843,561866805483875942697195266660/561301605937882609551907130799,0.001006437837732423,0.001006437837734832,81,44
715,3,11,2225002094730012612204961411505/2222783908724120194827975273642,1795583227967477701982490272689/1793793145343224990475623820328,0.000997433863981376,0.000997433863983755,99,53
715,3,16,3950524121430288512233525246835/3946572122003344576593052942059,8975519128198504032749047135151/8966540257202924908773380616888,0.001000874152987383,0.001000874152989679,144,60
716,3,9,9889768483899317306711497065545/9879820053893820443839074734862,4049063749371294766553820162259/4044990668452961288067907020252,0.001006437825068862,0.001006437825071140,81,44
716,3,11,114021899642810950920389675906/113907178031647920987796856235,4444889335084849331551967191435/4440417169057436585000132219196,0.001006643136725682,0.001006643136728333,99,53
716,3,16,1096944199735740035369428500440/1095847343620916644169985059397,598261512477015612757133723233/597663299005096755504875828592,0.001000419952938910,0.001000419952940839,144,60
717,3,9,8987938385910390000000000000/8978987710918710758398894111,890965903049323053225003252032/890078631031594546640463794315,0.000996350258680454,0.000996350258683420,81,44
717,3,11,4049103413258055000000000000000/4045073941646653295178970592893,197994198083900293327953993530/197797163847187223378299590171,0.000995647060249388,0.000995647060252217,99,53
717,3,16,42816846651178050000000000000/42774194861798846938408554139,1234403947584792462970808785049/1233174302216221373085676726555,0.000996641521255890,0.000996641521259609,144,60
718,3,9,1779758364703391168950713043198/1777968049614675499572620964255,1801601583488928900825385361287/1799789295617300631049258536720,0.001006437837732891,0.001006437837734967,81,44
718,3,11,1483335015401817577146392275825/1481845312603939424609233655838,224949582192017476360414361231/224723666927767998600611958780,0.001004797522190469,0.001004797522196575,99,53
718,3,16,9631670046285351888045548913970/9621958036481250449003419410657,1110640734979089797277152000839/1109520830159350616047313492082,0.001008849925434782,0.001008849925436759,144,60
719,3,9,8810467731981175291119209442040/8801704092868626572775528697647,75065474738970064621123283773/74990808245607943438140421122,0.000995179915683501,0.000995179915687558,81,44
719,3,11,209306778268712168224194824785/209098305623648908992518816067,8890775610563668973532949603271/8881920266634853867426783045176,0.000996511134021499,0.000996511134023419,99,53
719,3,16,1979468745767400769130652951515/1977476948012758415886577132083,8974079757247418118636172351325/8965049782943089504905676895952,0.001006735031011264,0.001006735031013204,144,60
720,3,9,161523276751460042400090245071/161360795391472093611459637152,112600730977043869827053162431/112487462349309000000000000000,0.001006437837732887,0.001006437837737855,81,44
720,3,11,2962619476823691452703707587390/2959638676813263578634319486869,987741984655704948047993251587/986748181252601377497328977736,0.001006643136726008,0.001006643136728243,99,53
720,3,16,4895211213523652009131093434755/4890274372985612806639452633408,4377625356863376336274232633767/4373210503779519688507204014060,0.001009012974010833,0.001009012974012847,144,61
721,3,9,198193132027611523491508408171/197993763303303072021955230726,444379030831115388843258378943/443932015944271517198450008244,0.001006437837731078,0.001006437837734827,81,44
721,3,11,989882581364574623920057734005/988886624228692071195623980977,209275912454186003029915601267/209065352290483859243100866040,0.001006643136723720,0.001006643136728295,99,53
721,3,16,4815958090881468240238016954465/4811112136868615544824033068737,1346064589842596967316733309485/1344710141365756310850168695106,0.001006735031011122,0.001006735031013623,144,61
722,3,9,740737646560650018565353071630/739991680392071551348302363693,734104677712231602061622743285/733365391331536597160592622686,0.001007565958353370,0.001007565958356749,81,44
722,3,11,3460135026262475521878952541780/3456653657628046256604166133097,899799472589709831842649600085/898894151370339855816174241716,0.001006643136725833,0.001006643136729337,99,53
722,3,16,8884756681276640201824568322235/8875817886898925929844003113209,26470650196546624990021619117/26444018550049148278452630366,0.001006588508513540,0.001006588508515761,144,61
723,3,9,489529189130240275704118583795/489036756274720276934897720487,3594239626692325319419388329307/3590624067657032630578564219248,0.001006437837732751,0.001006437837735089,81,44
723,3,11,3260251648774566886311205213780/3256971390127179261709411429827,673847625784121666728463921293/673169642996401766913572341305,0.001006643137669633,0.001006643137671728,99,53
723,3,16,658165690583305111450092527524/657511344827729492932726961085,5389823203945560384295261649951/5384464662795098038360040350728,0.000994690629866491,0.000994690629868848,144,61
724,3,9,4944889872425898127518515631995/4939915651696648410070399278282,2044861228646636040480551707055/2042804238223307504450806087434,0.001006437837746745,0.001006437837748844,81,44
724,3,11,62675211883719748746430954865/62612722295976346502725493586,2245005078671594737140252728891/2242766722587396618515503066200,0.000997535689839169,0.000997535689841290,99,53
724,3,16,3958937555905070966113551300565/3954953895799281668338790154591,2516808240777244684679606067629/2514275715714359312791299471384,0.001006751347695243,0.001006751347697423,144,61
725,3,9,4944929297536962326947887288890/4940005078745658820878888195891,5395686225598665723068370781733/5390313137753432363245535765760,0.000996307918936814,0.000996307918939206,81,44
725,3,11,8899909801899613316647156804505/8890955276541956595810224031816,162916529393438834168400083063/162752613103711181959875637024,0.001006643136725854,0.001006643136728046,99,53
725,3,16,9873811171809168932008768287710/9863869604423571324380028593871,2221314580885051689605066304197/2219078023166227301165824402068,0.001007369441123839,0.001007369441125896,144,61
726,3,9,9889768608027572339353462085875/9879820177772092954772278399977,2024557104299762744182790441513/2022520538435718737139230905848,0.001006437837732857,0.001006437837734932,81,44
726,3,11,950182493191429194243022168895/949226479768927797772522581891,505636245978166756468025361854/505127506823821367852178292821,0.001006643136723917,0.001006643136727367,99,53
726,3,16,5923232932013208259681437100865/5917264057209222719774415577431,2211400985353849970279561389051/2209172544268631569241712985032,0.001008213644246420,0.001008213644248675,144,61
727,3,9,449398622593044000000000000000/448951087147230825130467085937,564910168661427073365507330922/564347600572725915562740242775,0.000996350258665856,0.000996350258669067,81,44
727,3,11,249047403574350000000000000000/248799563660327767367454506537,4451294723404073583099257982016/4446865010483139033545603863425,0.000995647059468040,0.000995647059470223,99,53
727,3,16,55355650337973262500000000000/55300508081505788346775488217,247547796570223198679282401987/247301203060741626494975867610,0.000996641521257463,0.000996641521260550,144,61
728,3,9,494377940863212582028841210375/493880624901322904871464855139,2022268259802597202730333854337/2020233973476898956105639032706,0.001006449164413180,0.001006449164415381,81,44
728,3,11,109985456506671042834876781850/109874796108848694051483308751,1122503907487701308383595581946/1121374515176158433103231178419,0.001006643136724623,0.001006643136728172,99,53
728,3,16,921052940868721428329442282010/920124055209283746934644871641,1347454906160428804577323310635/1346095992374329125577741371648,0.001009012974010771,0.001009012974013022,144,61
729,3,9,161523276751460042400090245071/161360795391472093611459637152,112600730977043869827053162431/112487462349309000000000000000,0.001006437837732887,0.001006437837737855,81,44
729,3,11,9779648303222376185489979762950/9769808640713362290922392548703,1778154902723903048450217966751/1776365835920158905000024336288,0.001006643137774585,0.001006643137776673,99,53
729,3,16,1974784444151421821457872853301/1972809850067692784394337568304,2243868629509722598458690353893/2241624977179147197277595160102,0.001000403841551337,0.001000403841553440,144,61
730,3,9,988768222249639282443156223025/987784709428490908031944729254,900785708057639603567945044073/899889710114896700448588718752,0.000995179928204156,0.000995179928207899,81,44
730,3,11,977965052194584172241054503558/976990984546622663681927548731,2696732703424476907324988090087/2694046717789594787864059661928,0.000996511134022341,0.000996511134024556,99,53
730,3,16,8884587417934491657806704649065/8875643164695156676632875277264,598520923199491553493062820317/597918382816429350669952083108,0.001007222733272752,0.001007222733275588,144,61
731,3,9,4449401473937725656532101474625/4444925680620766374699934366533,1801591471357804786179006001819/1799779193658285554571699899016,0.001006437837732558,0.001006437837736460,81,44
731,3,11,2636712305090688864343100747255/2634059412227466536568942906621,899801005038320111129640921635/898895682277096385995888481208,0.001006643136725933,0.001006643136730507,99,53
731,3,16,1480784572997919246109488242855/1479304169316471274734962442357,867268284686555609870840698229/866401239483041364141973490288,0.001000242853339183,0.001000242853341282,144,61
732,3,9,987650232682071894103509166435/986655611086436274613164785466,4044541078636692710798843913565/4040467989026480966458866293604,0.001007565958353439,0.001007565958356728,81,44
732,3,11,4939411535004831132805540436905/4934441812066883574380061470694,374164151365492210820153648221/373787691102478158588484761330,0.001006643137774717,0.001006643137776772,99,53
732,3,16,2443670972409413494332071636615/2441212041338387780991869019753,600001501909606740634810080349/599397753552168774636086202456,0.001006751347695538,0.001006751347697857,144,61
733,3,9,4895236379947986003953308083775/4890312051842408610176690818923,112473994297946060032794720749/112360851885959975738076567575,0.001006449164412776,0.001006449164415350,81,44
733,3,11,2958680509408649953479956014915/2955730892547350616946877797686,674181586092267237413132209477/673509469800022553226043826124,0.000997433862942082,0.000997433862944629,99,53
733,3,16,3291606122585256354824787165110/3288499673103233046767800447353,4427280079852709083903364450309/4423101839383262639352097195476,0.000944194458041354,0.000944194458043612,144,61
734,3,9,8898913980792885598520438496545/8889962282467448535071991889533,499438285259272552092585393545/498935884531332706122407964456,0.001006437837732994,0.001006437837735209,81,44
734,3,11,8898902640536112397049692766480/8889949128521338528584157654347,3498997663472982625289881245521/3495477193715627142358287867984,0.001006643136621113,0.001006643136623917,99,53
734,3,16,87976518327872900509438394539/87887863900532798635309272549,7445723515318496732411801651155/7438220418277024430365755204336,0.001008213644246518,0.001008213644248972,144,61
735,3,9,9889768608027572339353462085875/9879820177772092954772278399977,187288935632912321331004836242/187100535783773398445018671803,0.001006437837732857,0.001006437837735157,81,44
735,3,11,9779637079452294173511628164940/9769797428246170082727362915679,1197060686899742060162014700435/1195856280280560788142982042992,0.001006643136726103,0.001006643136728341,99,53
735,3,16,50618634209783371029002250575/50567988375933129313313014986,4378152500085650551358165225317/4373771995009754281055008589220,0.001001038216026889,0.001001038216029304,144,61
736,3,9,8898015735150741259327644533695/8889154091316901983760767638487,247189521617473035712522995083/246943342518083216327315183586,0.000996408608392386,0.000996408608394522,81,44
736,3,11,5928105998269783048131232469240/5922141513610282724857413453723,8620000548920996598817163137661/8611327650519036779572948435416,0.001006643136725534,0.001006643136727861,99,53
736,3,16,1396360552477587559683261036200/1394953205017123558225278943461,8885120617303591904734367918683/8876165586373710211340929869288,0.001008376486475022,0.001008376486477035,144,61
737,3,9,168524464109623875000000000000/168356638355488997662980414137,4503987445921062338594198903318/4499502132208765825103676353895,0.000996350147220460,0.000996350147223883,81,44
737,3,11,200243590912098000000000000000/200044318209039467039449662731,494985517786703313849227989079/494492932223014668737241365965,0.000995646958000058,0.000995646958002991,99,53
737,3,16,55355650337973262500000000000/55300508081505788346775488217,247547796570223198679282401987/247301203060741626494975867610,0.000996641521257463,0.000996641521260550,144,61
738,3,9,396390713804185280586262091137/395991971879425200000000000000,8098208305632862741337796887299/8090062062407548929432418086576,0.001006437837731864,0.001006437837734525,81,44
738,3,11,1557772437355330734220914993200/1556205105427002607872382162299,449900043114019281292491754769/449447382195632146832279811084,0.001006643136725904,0.001006643136729655,99,53
738,3,16,8884587417934491657806704649065/8875643164695156676632875277264,224337812354182312510527275605/224111967966539953157091196256,0.001007222733272752,0.001007222733274866,144,61
739,3,9,198193132027611523491508408171/197993763303303072021955230726,734113130838392876888787134333/733374663279519763772706291714,0.001006437837731078,0.001006437837734610,81,44
739,3,11,296298802051054035407180623577/296000684969480476940546015238,888987039868590060340965180899/888092597433965410013958717120,0.001006643136726137,0.001006643136728310,99,53
739,3,16,1974796213542721259286249825131/1972821893104226102595247076985,4443357740589081337644743624879/4438915453358303432126673863988,0.001000259168830345,0.001000259168832480,144,61
740,3,9,1779760567239550730489012211617/1777970249935209897167731721094,900795735685235833949975638543/899889596835456923522441362296,0.001006437837746701,0.001006437837750821,81,43
740,3,11,3292982105840402485086176153300/3289668915883941161065321897743,86345583222881227256902449587/86258707767769557407173453161,0.001006643136726119,0.001006643136728319,99,53
740,3,16,1098698394982255360600292078065/1097592139151081347750235899434,8755396759589737631507292488615/8746581138520486074446923937424,0.001007385778462427,0.001007385778464534,144,61
741,3,9,2224703775615503847480075530015/2222490647941169311352577518496,600523868018240092917922826017/599926468937077169908505470968,0.000995291703599181,0.000995291703601280,81,43
741,3,11,25380775658603237541452239315/25355496030850330255927448901,8090198110167366938764380623987/8082140153254447607361847345824,0.000996511135055429,0.000996511135061239,99,53
741,3,16,9631916181762936480476033908930/9622224273737230099668136438911,1346064589842596967316733309485/1344710141365756310850168695106,0.001006735031011225,0.001006735031013623,144,61
742,3,9,130142314745061336635564121781/130011253816335548448583124586,505567634828787604383603529409/505058498627511966018258764691,0.001007565958354274,0.001007565958356679,81,43
742,3,11,9779548505772506509843688299720/9769708943673374664322794657621,899801004986214187457108050487/898895682224102192633580819600,0.001006643137773469,0.001006643137777008,99,53
742,3,16,4944148294148600671686548431360/4939197411140123549749875222003,1800150011111020364510606912263/1798347409010007067009953288936,0.001001863856677763,0.001001863856681603,144,61
743,3,9,8898913968354987272422086452180/8889962270042063920395732289209,1617814632677650678294656110549/1616187221898144903153927891720,0.001006437837732765,0.001006437837735003,81,43
743,3,11,977975010390453078004438730171/977000041284672223253693131965,4040110272204351890385713618819/4036082579617621666375959889824,0.000997423661007613,0.000997423661010127,99,53
743,3,16,423524905906282737256976351950/423098474681472084316504408671,2221314580885051689605066304197/2219078023166226851215975004832,0.001007369441123240,0.001007369441126098,144,61
744,3,9,8898791823531058813103796283900/8889840248200047409827895354251,112348378984039731088440576882/112235364206557755138168639473,0.001006437825068869,0.001006437825071012,81,43
744,3,11,789689367355324351452690260276/788894831947432433988519437535,4444884790647136055310726548401/4440412629192048684197676487344,0.001006643136725631,0.001006643136728316,99,53
744,3,16,1396360552477587559683261036200/1394953205017123558225278943461,8885120617303591904734367918683/8876165586373710211340929869288,0.001008376486475022,0.001008376486477035,144,61
745,3,9,988977974482380789568839597494/987983130336548036407612833339,2022268290878602444956685121831/2020234027404188867146451315550,0.001006437837732195,0.001006437837734821,81,43
745,3,11,365882752082912915111803841575/365514624039552598471813434261,976619702741823081491968268617/975637089874090007147639597160,0.001006643136726142,0.001006643136728325,99,53
745,3,16,3258225119338496932648506015875/3254944535578313808332289798546,2221314580885051689605066304197/2219078023166227076190899703450,0.001007369441123883,0.001007369441125997,144,61
746,3,9,232583776460938117899311994250/232349813102402365132472259573,3103132602981515133910251817801/3100011063995327729429197665900,0.001006437837731959,0.001006437837734965,81,43
746,3,11,227752231522797201277766663455/227523081657504724854495059763,8889768465586295199932260523627/8880824143799609155293032032464,0.001006643136620515,0.001006643136623143,99,53
746,3,16,9731052012048878984217984384665/9721261775114438604726031132779,316721033922144557551501738723/316402386569280185874415142616,0.001006588508513572,0.001006588508515577,144,61
747,3,9,122551198674160500000000000000/122430369687500935132338453931,96835657620273339179194082846/96740182794164812975481309535,0.000986433365296409,0.000986433365299508,81,43
747,3,11,900784776485695500000000000000/899888360011933894665885957481,489086408901316770637137826677/488599694288149820866747783054,0.000995646049962695,0.000995646049966939,99,53
747,3,16,4052814154650792000000000000000/4048802402027442103745651924773,70732577800450391714675721708/70662561857522722885858805825,0.000990358633534760,0.000990358633539023,144,61
748,3,9,198193132027611523491508408171/197993763303303072021955230726,734113130838392876888787134333/733374663279519688781064725508,0.001006437837731078,0.001006437837734712,81,43
748,3,11,1629941385944989487330894917085/1628301443873160778235327855448,449899991947674371132136220151/449447331544498631278797004764,0.001006642104943141,0.001006642104949004,99,53
748,3,16,2074838609882975162523372418640/2072762622932531106324184232013,2391820660132685056166065721615/2389427515695041561334503716368,0.001001054347936299,0.001001054347938612,144,61
749,3,9,13732909589997597698779790420/13720636147695314605281787533,900695700886121768466251116801/899890726773071804678032277952,0.000894124441136043,0.000894124441141175,81,43
749,3,11,814970683581712835564127716335/814150712555246781047567351664,1994984604371478380300595635401/1992977379318124212704280680760,0.001006642104943264,0.001006642104945684,99,53
749,3,16,9631916181762936480476033908930/9622224273737230099668136438911,1794815951449483623727234470265/1793009956588617721001195620296,0.001006735031011225,0.001006735031013305,144,61
750,3,9,1631751207902604998670044694875/1630292871346386741697580671293,900695690840358595823888878081/899890716745272585183821314200,0.000894124431151545,0.000894124431155735,81,43
750,3,11,1777790794765543420816408899776/1776002096138472385632479971449,374163726694797546235252477546/373787267245119401669548372539,0.001006642104943227,0.001006642104945548,99,53
750,3,16,752999108155562967095596041655/752240929516119997966124905473,2996611578530912265653237857501/2993594354652495343649331613704,0.001007385778462303,0.001007385778464077,144,61
751,3,9,198193132027611523491508408171/197993763303303072021955230726,8899618290632654941387610882813/8890665883819715940621358685112,0.001006437837731078,0.001006437837734549,81,43
751,3,11,989870234439542523214757445880/988874290746658493218751363613,4444889339230740395771194093019/4440417177780702505434828409452,0.001006642104939551,0.001006642104945506,99,53
751,3,16,2636511618741024986744683198855/2633859114654455167720316642946,2221320528649156552946088961829/2219085734105505746724641694540,0.001006572191864739,0.001006572191866633,144,61
752,3,9,1977953945698918320674160553096/1975984275881273811037888801689,2022298304231196243587307333397/2020284475779432618747902306880,0.000996307918936926,0.000996307918939115,81,43
752,3,11,1979834771283723057714368502715/1977880860854770263857852932584,3145250610001478444878404120163/3142146543915908887161478184268,0.000987393117298485,0.000987393117301884,99,53
752,3,16,1980348337365164323658418262985/1978352407160406588466070168616,599519767316960814947949565703/598915530380779592319754076976,0.001008376486474024,0.001008376486477274,144,61
753,3,9,3263490920759379141380701671655/3260208072282195893892487161138,224634294925856403755413218401/224408328201594582165357216624,0.001006437837732644,0.001006437837734983,81,43
753,3,11,986193323806990445646662739215/985201079583795084126911528271,807914380338745958079866431939/807101508909404783167677019008,0.001006642105991378,0.001006642105994057,99,53
753,3,16,1974794179974941529151478182156/1972805834332991681991239403285,1347818637475042816233759536705/1346461569816476889541764661722,0.001007369441123615,0.001007369441125846,144,61
754,3,9,1648292911871859794197535887030/1646634842029733108615036985339,2696357721129411803837807051873/2693645369830198610037570616368,0.001006437837746582,0.001006437837748705,81,43
754,3,11,548823504519408816006815601815/548271313647497153350923421494,4490969703461810036725679320817/4486451178916361905195910287968,0.001006642104943158,0.001006642104945748,99,53
754,3,16,888616825291506065676616779185/887728279822382926785318803766,3779799554140239008448233569091/3776020058105005907090871799200,0.001000419952939076,0.001000419952940776,144,61
755,3,9,4647495244391740731717561650380/4642820182301414371754662837629,1348932547715598186083427211145/1347575613908326625764429693524,0.001006437837732553,0.001006437837735174,81,43
755,3,11,2444909551361595364147053719420/2442449640796916000328984360753,897792683004471026843621464799/896889381815030240667065174586,0.001006642104943259,0.001006642104945785,99,53
755,3,16,9715202409134928088452524487335/9705406328770884704314481575467,399012986143605200310334446273/398610651419740490925676615024,0.001008833587770005,0.001008833587772427,144,61
756,3,9,4399858390569836480827172640185/4395432434203472787652001764284,129300743397858953300383285235/129170675700761010186208367787,0.001006437837732711,0.001006437837734768,81,43
756,3,11,1222594369434588142008361448695/1221364273702001658261322186359,1345690986819973551830671180549/1344337039197069663540614604120,0.001006642104943320,0.001006642104945935,99,53
756,3,16,9715314074124775786675231696750/9705616872442771584110514863319,4315066795878204050696738693483/4310759773720013280283734516144,0.000998634155548783,0.000998634155550872,144,61
757,3,9,43122723227716500000000000000/43079779288429231562108347717,16281952064538170958782338486/16265737616363189467073350345,0.000996350258667070,0.000996350258670118,81,43
757,3,11,37533334028733375000000000000/37495982710432068945008856577,4890919497191937699585871602848/4886052295925288087327933592535,0.000995646049042936,0.000995646049045959,99,53
757,3,16,225069785791347375000000000000/224845225534139436975181936829,990271782131133919650306284162/989283752194908180162586410065,0.000998234200693547,0.000998234200696400,144,61
758,3,9,9789596747088601570660361806510/9779848151434200386713753269777,4453479500446446693630773005727/4449044673146943508642085636028,0.000996307918936660,0.000996307918938937,81,43
758,3,11,3894375364697871318552869782825/3890457090947729174963504376942,449894844242302401430159671767/449442188554691045967752185884,0.001006643136725718,0.001006643136728653,99,53
758,3,16,752999108155562967095596041655/752240929516119997966124905473,1797091497119736989581335301619/1795282044264499403354479403232,0.001007385778462303,0.001007385778464278,144,61
759,3,9,9889768483898071181878306943135/9879820053767457425652490756416,100088415074732880240979939885/99987732980315892160493249808,0.001006437837732873,0.001006437837736039,81,43
759,3,11,120736397412740958237867024310/120614920099355011242521193813,84168131994802950713315973593/84083447353165755229030635978,0.001006643136621064,0.001006643136623189,99,53
759,3,16,3263533412923523535134487486325/3260250083674031866292824696962,2221320528649156552946088961829/2219085734105505746724641694540,0.001006572191864767,0.001006572191866633,144,61
760,3,9,198193132027611523491508408171/197993763303303072021955230726,92704357205891096272796194754/92611102968244444767843096309,0.001006437837731078,0.001006437837734541,81,44
760,3,11,3259878614008820215432297616150/3256598730688451921235285225009,112224020078775875917299160606/112111107380118897048034610933,0.001006643136726130,0.001006643136728469,99,53
760,3,16,4895211213523652009131093434755/4890274372985612806639452633408,8898123499585002128519661233303/8889149705628174238186139628144,0.001009012974010833,0.001009012974012768,144,61
761,3,9,494377940863212582028841210375/493880624901322904871464855139,300266933965605773363841977191/299964882585990221395873662912,0.001006449164413180,0.001006449164416281,81,44
761,3,11,494935674514814693217641243095/494442255030635966685042269097,4040110217641736402464116159809/4036082483933552191051467213084,0.000997433862938398,0.000997433862944516,99,53
761,3,16,658166857975730293896752141993/657535253227104986741651261607,1198104121446417119042524265107/1196954370067591583959572841224,0.000960103038164986,0.000960103038167217,144,61
762,3,9,333225956510772983880673638925/332890378467448710105170731413,4044541078636692710798843913565/4040467989026480966458866293604,0.001007565958354239,0.001007565958356728,81,44
762,3,11,989870290105511312678455893145/988874345335276433997652751181,42500428265075186776468235645/42457667026874015698137496332,0.001006643137773843,0.001006643137776695,99,53
762,3,16,198021755507299199667727825763/197826493861724311147720040649,899184071806860821899549570459/898297420938189420900338962632,0.000986548060895083,0.000986548060898717,144,61
763,3,9,142763601100471036184482606405/142619990690070126019480447152,444379030831115388843258378943/443932015944271567192877719048,0.001006437837732688,0.001006437837734714,81,44
763,3,11,494445834436892443376940103945/493951540957841832362660337237,56029371862486942007949247793/55973359755157626709284449592,0.001000191891566159,0.001000191891569159,99,53
763,3,16,2965468492316927125064471886475/2962478336636748313052665885863,4415598467925464746471996132433/4411146110102579364564141497160,0.001008833587769536,0.001008833587771922,144,61
764,3,9,494482392591741419483909228324/493990538422076173473518543877,111108928449378309161300046487/110998410075895778817256922503,0.000995179928203903,0.000995179928206182,81,44
764,3,11,3292948617695316072989750327510/3289668792163019690084816730579,4040079110220613752664313525537/4036055131666249420074279859692,0.000996511144275038,0.000996511144277357,99,53
764,3,16,3942975415862959294679972710375/3939039727123698874972041403878,1121904764493830454863314716646/1120784933025851131778796190359,0.000998650470711615,0.000998650470714154,144,61
765,3,9,4399858390569836480827172640185/4395432434203472787652001764284,2247497507665547551573987305965/2245236679016203081863146525208,0.001006437837732711,0.001006437837734744,81,44
765,3,11,1234579295262352320065757025990/1233337139795269658880954708939,2020032616985771476517001850007/2018000188150694238585164237820,0.001006643137774219,0.001006643137776776,99,53
765,3,16,790117558288192825985679441844/789320734393510432638338567517,418622258306545353000448353859/418200082878640661498901124360,0.001008996636306230,0.001008996636308554,144,61
766,3,9,658987357460857046831281301375/658324453830941039744472837291,666568460702262847790214932869/665897930915635549921294987572,0.001006449164412695,0.001006449164415567,81,44
766,3,11,888785730801720794636841683017/887891490911526483449274069717,37380149432006404274330636348/37342539893998319506580410899,0.001006643136726172,0.001006643136729378,99,53
766,3,16,2443670972409413494332071636615/2441212041338387780991869019753,494428785515711572109552311999/493931269149210800387854225540,0.001006751347695538,0.001006751347697567,144,61
767,3,9,4455220217626422000000000000000/4450783468455297865721263244561,2227414754544935079830810734742/2225196574503710482713153038285,0.000996350258667209,0.000996350258669462,81,44
767,3,11,892995860741640000000000000/892107194502299998534981063,4940023488795930425909489959656/4935107416629142175263993646065,0.000995647069385321,0.000995647069387487,99,53
767,3,16,444744693592427700000000000000/444304490252122206363990546887,989406595288469448815781108248/988427291669016991821868624565,0.000990279017805924,0.000990279017808355,144,61
768,3,9,9889768483898071181878306943135/9879820053767458415632420454979,100088415074732880240979939885/99987732980315842166065539004,0.001006437837732772,0.001006437837736539,81,44
768,3,11,8888965185243964766804234850025/8880021671666160271447639809612,299933328273889094746827557753/299631554362307364617391319032,0.001006643136724964,0.001006643136729196,99,53
768,3,16,658992919722408359254919205275/658328322666539252701303732062,8898123499585002128519661233303/8889149705628174238186139628144,0.001009012974010478,0.001009012974012768,144,61
769,3,9,494438590556921627739261259949/493946222789402935789724503461,75057984972890930060196758507/74983241348098060842990365706,0.000996307918936828,0.000996307918940815,81,44
769,3,11,8899909801899613316647156804505/8890955276541956595810224031816,8079030853691426858692834394731/8070902244721775262236772992976,0.001006643136725854,0.001006643136727810,99,53
769,3,16,146038473193178043466366919800/145891525127633016324485903379,4045318233137054905258384296319/4041247718868607413913411573236,0.001006735031010541,0.001006735031013253,144,61
770,3,9,4399753551623705034584207065460/4395327700718083498610296392027,178153137664904313594892046827/177973927803164334397135490101,0.001006437837746663,0.001006437837750408,81,44
770,3,11,9779750113973496348850174179490/9770000323232847024306350154387,1580220512199863114058158123080/1578645132549206521924653299527,0.000997433862931764,0.000997433862933707,99,53
770,3,16,752999108155562967095596041655/752240929516119997966124905473,1777947210214620265363560549267/1776157033330950868271308447697,0.001007385778462303,0.001007385778463663,144,61
771,3,9,330323740774755942290440001375/329991457702515699964775221773,395487916748711803925156828909/395090082975991109651685786616,0.001006437837730956,0.001006437837734624,81,44
771,3,11,329956369481848083018275723485/329624388288453634419508619139,887995213780703981383733113126/887101769258741943710988952877,0.001006643136620873,0.001006643136622796,99,53
771,3,16,2636510548375928233200859475515/2633853764993741957968010149221,1775117685992505435195240781411/1773328918952493997519213296663,0.001008197327266308,0.001008197327267913,144,61
772,3,9,1631763740648723897445778500490/1630120459047889906168086859803,532671297128891424558402705433/532134865953188043529409155286,0.001007565958354357,0.001007565958356729,81,44
772,3,11,1222456024084990989693240608300/1221226066285266710264295687489,177956214905656593225827261696/177777166637071885658332104147,0.001006643137774703,0.001006643137778112,99,53
772,3,16,1978592412705463597921143061760/1976617509009494873139273663657,1757581764272762630013598554061/1755827459192066662379881590187,0.000998634155548669,0.000998634155550448,144,61
773,3,9,1483133824648226080636977359410/1481641893542570691295566494847,782050174574725304285143156075/781263485631190468790442682112,0.001006437837732534,0.001006437837734289,81,44
773,3,11,8789777958379516220944807436900/8780934240705017678242902493239,1066149066217307476206135377664/1065076374576492565313167762859,0.001006643136726122,0.001006643136727911,99,53
773,3,16,257866530101149393373342268350/257608111098703695075146120751,1581944870092322863428522912148/1580359535946422735849082145493,0.001002644954534212,0.001002644954536145,144,61
774,3,9,5935922154793540134387107865175/5929951023425413944333521704314,1581969447967955035883951793641/1580378094990631057495914744587,0.001006437837732596,0.001006437837734232,81,44
774,3,11,978076603487962530678479052433/977092524779007954714215107437,395051100887486165670139060297/394653625499621152558294034610,0.001006643136726064,0.001006643136727700,99,53
774,3,16,1971519419936710882647286311535/1969535588883534578440261761174,1760124574346919813605378743398/1758353458245934608481423754195,0.001006751347695198,0.001006751347697154,144,61
775,3,9,92626531573998027918307988891/92534397362778445440660221283,395488568489704700902050340273/395095181987100819328201924193,0.000995179915683564,0.000995179915685269,81,44
775,3,11,9878956511632759246737075519940/9869116924919514753347664077289,355118141972706355303193785099/354764439054054883787725559114,0.000996511134021422,0.000996511134023921,99,53
775,3,16,822830909051486329297283459705/822002565723461085582569889486,1746573051411093151505467369912/1744814777483689010102768108765,0.001007206395973513,0.001007206395975191,144,61
776,3,9,2202363885029096844776479505855/2200148457714689321753338096791,790975844653994960690583161122/790180177097331061406915328155,0.001006437837732662,0.001006437837734325,81,44
776,3,11,59215555422233935217669906969/59155976482177393911851342028,869170843691188789525634910443/868296339057633517726807262637,0.001006643136725627,0.001006643136727997,99,53
776,3,16,977452386734311291778282725340/976467243511986589755688230279,592553609551617834591950659868/591956393584643511907393770867,0.001008376486474920,0.001008376486476783,144,61
777,3,9,990870626276389651116249884995/989973447856406635976632344864,17223383355736456762729740579/17207788536941640625000000000,0.000905854724305657,0.000905854724307118,81,44
777,3,11,247470705324340688945792484605/247246778164923155958030526464,6249371540629279659323659551/6243716713665387500000000000,0.000905272937317193,0.000905272937319528,99,53
777,3,16,31439976690543211457087563399/31411501966369580460791633664,20836977727260199123569947649/20818105983198875000000000000,0.000906095663309173,0.000906095663312384,144,61
778,3,9,4845588458124790218087894508625/4840714127821119855842049409728,178153135426347280295912300691/177973925566861766736775909522,0.001006437837732571,0.001006437837735628,81,44
778,3,11,8789777947085659390511272695265/8780934229413316499900389900869,88979111359353001795993690457/88889586214993477224130338607,0.001006643137774702,0.001006643137778456,99,53
778,3,16,752999108155562967095596041655/752240929516119997966124905473,552848194776993989050990395921/552291543796142285428006093504,0.001007385778462303,0.001007385778464058,144,61
779,3,9,198193132027611523491508408171/197993763303303072021955230726,1581951689310239060927175060099/1580360354196909068875775569685,0.001006437837731078,0.001006437837734282,81,44
779,3,11,9779738881477771338244987661680/9769989102945983527769576522829,61463461452714217019187467914/61402186285327375933529840687,0.000997433759474585,0.000997433759476430,99,53
779,3,16,3296573668950308679109040776225/3293272657884217381362959675049,365975375453563713808324099745/365608907452053643443018934698,0.001001847745295972,0.001001847745297474,144,61
780,3,9,990855742518993704575617221465/989869036709224031704068293532,2966241040061614645870731983239/2963287222324257402455098526496,0.000996307918936195,0.000996307918939211,81,44
780,3,11,8899909801899613316647156804505/8890955276541956595810224031816,8079030853691426858692834394731/8070902244721775262236772992976,0.001006643136725854,0.001006643136727810,99,53
780,3,16,9774516122237511253611477809090/9764753524675878355410384781731,2243879801478462725439203963605/2241638657752818881071502305812,0.000999279763310232,0.000999279763312343,144,61
781,3,9,3263490920713064835080468788750/3260208072235928521891405020291,1801601583488928900825385361287/1799789295617300631049258536720,0.001006437837732538,0.001006437837734967,81,44
781,3,11,989870233069507388159245800365/988874288357695355726171950104,1481629795263006457842173200741/1480139073236863608442419337464,0.001006643136725345,0.001006643136728441,99,53
781,3,16,3257644131713979135830452314785/3254360908739121115143023926809,4449063040303944667879920144673/4444579043464527941219197027128,0.001008360169458752,0.001008360169460987,144,61
782,3,9,4454381214169857177445177246165/4449895391553504972566833721997,2693345956557816178958073429493/2690633599526679219359528550552,0.001007565958354305,0.001007565958356824,81,44
782,3,11,9779648304250973116251397868125/9769808641740923838712172397309,247217193501331867894986206191/246968459224284015942244217490,0.001006643137774633,0.001006643137776897,99,53
782,3,16,494648107410609073743665277305/494150370352606188861651575964,1800149608260724075470690568121/1798338217179750772334591688840,0.001006751347693964,0.001006751347697521,144,61
783,3,9,4399858390569836480827172640185/4395432434203472787652001764284,3594179066551125928215529787185/3590563568435188929432418086576,0.001006437837732711,0.001006437837735356,81,44
783,3,11,65745899808208486309363124042/65679750449390548956087243153,2695389940715494012493127559673/2692678010133309766449039475992,0.001006643136620771,0.001006643136623335,99,53
783,3,16,658264727241189063437826767764/657602052578768934464717891493,8975518775694918203719008939791/8966483126922320862731227955880,0.001007206395973413,0.001007206395975415,144,61
784,3,9,5935855520125958520081420698135/5929884455787747476146165477572,8899617277384621016924012538139/8890664871590938043727884551584,0.001006437837732467,0.001006437837734789,81,44
784,3,11,8888964073157560270814492578175/8880020560698666787333560051918,384773398860868369130149945957/384386264245602889288858036152,0.001006643136724949,0.001006643136727162,99,53
784,3,16,1396360552477587559683261036200/1394953205017123558225278943461,1792129852089029831600614833079/1790323621318838123566321390452,0.001008376486475022,0.001008376486478099,144,61
785,3,9,988977974482380789568839597494/987983130336548036407612833339,663196297184783824586949543422/662529167106240500046633451761,0.001006437837732195,0.001006437837734955,81,44
785,3,11,978076603487962530678479052433/977092524779007954714215107437,4488975032825991686299949420419/4484458510562715493670850053952,0.001006643136726064,0.001006643136728394,99,53
785,3,16,1974794179974941529151478182156/1972805834332991681991239403285,64833509259671238832701973931/64768230848940499352422772976,0.001007369441123615,0.001007369441125928,144,61
786,3,9,4895238115209185797222821712330/4890368895769058617058360256693,8899621443326253232875931946551/8890769124251709458977422152856,0.000995179928343854,0.000995179928345764,81,44
786,3,11,493641165001694948418025814275/493149491104503943627486416621,1346693019684528534676433633377/1345351693530523037428730287284,0.000996511134020134,0.000996511134023601,99,53
786,3,16,1581907385329183278154428273509/1580325604971439842612754107921,472465932475920958732360763393/471993504482584876684775487930,0.001000419952938903,0.001000419952940573,144,61
787,3,9,84448771750858781250000000000/84364673107496803277790755137,36137989664939427826348102378/36102001504997620808994180485,0.000996350147225504,0.000996350147228284,81,44
787,3,11,99889419541115200000000000000/99790014438704490392329065173,698702847633817960379773268124/698007532469880417512381787955,0.000995646959141041,0.000995646959143371,99,53
787,3,16,4492838133066825000000000000000/4488356182413138828169840113059,989403946364715422899668753828/988416940037567590875573416725,0.000998074614201389,0.000998074614205668,144,61
788,3,9,144818113414453510682852634665/144672436305298213693122480417,8089184194013345146009883758583/8081047028426611069535968569168,0.001006437837731786,0.001006437837734572,81,44
788,3,11,296302168604624391300383378186/296006774130710505295105742811,449899941790634507679038353543/449451420076314012141372618828,0.000997433862942399,0.000997433862944609,99,53
788,3,16,3238401411017776916310418437395/3235167011201787374521635436923,2243879743291752588377943596657/2241638636243030673465099130560,0.000999263427578626,0.000999263427581028,144,61
789,3,9,9889768608027572339353462085875/9879820177772092954772278399977,100088415074732880240979939885/99987732980315892160493249808,0.001006437837732857,0.001006437837736039,81,44
789,3,11,8889076083194271101493792710530/8880132458037974274033037506441,2222419465215586395504221810671/2220183407558867246196528897324,0.001006643136725083,0.001006643136727099,99,53
789,3,16,3257644131713979135830452314785/3254360908739121115143023926809,1194753215437169893792108074443/1193549081084976083110718886456,0.001008360169458752,0.001008360169461472,144,61
790,3,9,198195359146987516273099416487/197995985939712600000000000000,2696391357226359756690613038839/2693678941581131896625592205200,0.001006449164409231,0.001006449164415338,81,44
790,3,11,9878823070009662265611080873810/9868883624133768138740052639951,370407023671835643851221896394/370034343592664859222013783731,0.001006643137774616,0.001006643137776841,99,52
790,3,16,752999108155562967095596041655/752240929516119997966124905473,3767601954163103501100573676831/3763808436624188352293317932108,0.001007385778462303,0.001007385778464259,144,61
791,3,9,4895297348903561159965143876725/4890422554741238116086918089613,450375640384716115136326814929/449927151072193076392805783400,0.000996307806387544,0.000996307806390131,81,44
791,3,11,8899909801899613316647156804505/8890955276541956595810224031816,449894844242302401430159671767/449442188554691045967752185884,0.001006643136725854,0.001006643136728653,99,52
791,3,16,3258233843521274612095686184195/3254955845987143872338556878109,253561785137260286919997648561/253306685305158272037740702016,0.001006572191864722,0.001006572191866725,144,61
792,3,9,1481492004670815846805517570095/1480000055504149452275448408846,3999455564095839266228812170563/3995427878237816259613284660624,0.001007565958353978,0.001007565958356469,81,44
792,3,11,9779760326940855282902457937690/9769920551720674230115976785461,199955438340520061093617382289/199754255847130066392125220896,0.001006643137774499,0.001006643137778094,99,52
792,3,16,282657746803751134009048306595/282374658628888141399688859132,4494917870696479459402514754943/4490416108015049261285970105528,0.001002024647887365,0.001002024647890326,144,61
793,3,9,4449401473937725656532101474625/4444925680620766374699934366533,399348746611606899826187451431/398947029108321562514276539392,0.001006437837732558,0.001006437837734851,81,44
793,3,11,4889818483433436845475255021185/4884898657887013285145404972926,4489969816391237587940155026511/4485452293239767735154730923636,0.001006643136726036,0.001006643136728018,99,52
793,3,16,1974794179974941529151478182156/1972805834332991681991239403285,1347818637475042816233759536705/1346461569816476889541764661722,0.001007369441123615,0.001007369441125846,144,61
794,3,9,3263490921129745243588137339370/3260208072693476785812867068589,8098127385781720690399045612607/8089981224058689326245772079624,0.001006437825068620,0.001006437825070560,81,44
794,3,11,8888964062674634010398872734400/8880020550226279928669086088289,8979940656217495867701905362583/8970905608884839909816608126464,0.001006643136725833,0.001006643136728104,99,52
794,3,16,788607767974684353058914524614/787814235553413633380118764757,4494193357204384111264858974119/4489671098762055956291477331312,0.001006751347695449,0.001006751347697681,144,61
795,3,9,999787641539095067915848459460/998781912295251573011013716067,1271373896332513760255696512445/1270094966833610252014064791704,0.001006449164412848,0.001006449164414942,81,44
795,3,11,3259878988921626454113953790805/3256599105224386498404560919636,897817884859627525153923895643/896914557388375763970120890166,0.001006643136621158,0.001006643136623817,99,52
795,3,16,3950588756173463136852790247830/3946605279215294898080316489951,413520032748734939599571181867/413103070208752490217929724872,0.001008833587769174,0.001008833587772013,144,61
796,3,9,2224700705939963831586677253430/2222462809312697402158385256021,329615488066590462482684300203/329283917448092864601836702464,0.001006437837732440,0.001006437837734565,81,44
796,3,11,8778743621092882857117707059850/8769911005469443502277766495701,1481629759251574154050748434751/1480139037261663639672257905488,0.001006643136726061,0.001006643136728500,99,52
796,3,16,2961564467416077649497449010290/2958608375963385902863443182043,378406015918045616882675681855/378028309202013488150409464232,0.000998650470711867,0.000998650470714275,144,61
797,3,9,891133168989945600000000000000/890255552844561392809478934289,988596904570294768888994983849/987623303053797423783010248450,0.000985316911048118,0.000985316911050340,81,44
797,3,11,285367364488570500000000000000/285086206136214896830413872869,85804669375641069604279969664/85720130278083876836807603045,0.000985736226749879,0.000985736226752567,99,52
797,3,16,225069785791347375000000000000/224845225534139436975181936829,51531169669560194894999181344/51479755159724639277406655659,0.000998234200693547,0.000998234200696421,144,61
798,3,9,9889768608027572339353462085875/9879820177771951387642331505468,8809357570185738173547763527637/8800495959479007358610630248896,0.001006437837747186,0.001006437837749119,81,44
798,3,11,8700619623003843090755449691345/8691945568259749379584299611766,56237555960879806790094328864/56181490110375118441204900563,0.000997444065076530,0.000997444065082231,99,52
798,3,16,348878618354821877223210420380/348529546646042427792422733159,1406409274080856600993053091327/1405002086415235850906271400416,0.001001054347936113,0.001001054347938245,144,61
799,3,9,198193132027611523491508408171/197993763303303072021955230726,2224904544732708196958324979763/2222666443057564525335292381770,0.001006437837731078,0.001006437837734557,81,44
799,3,11,4939920961169526151418500446695/4935404142215187737769831956652,1122605788028018351473417187219/1121579332920439595209083953070,0.000914768723464875,0.000914768723467196,99,52
799,3,16,1776815716741160993875689815362/1775140228408495914876234196377,4449193673597443991798869105841/4444998206380635913475320397880,0.000943417363733625,0.000943417363735790,144,61
800,3,9,495482823843868801272901372265/494984402045627741452329286122,4449809145380547392321607126197/4445332942030308645094620625284,0.001006437825068085,0.001006437825070626,81,44
800,3,11,1097760213362557580069098383485/1096756475817359649496717135332,808013230721884814789370284953/807274423460680048880722344276,0.000914768723465155,0.000914768723467094,99,52
800,3,16,3296078675250316552085504218565/3292963251934263836945568155217,1110771969120217137421421296261/1109722077648448651424021842044,0.000945637797616159,0.000945637797618447,144,61
801,3,9,1972006106889188790416552710285/1970020181309735904550896817692,3999455564095839266228812170563/3995427878237816259613284660624,0.001007565958352725,0.001007565958356469,81,44
801,3,11,362208772326325868073836745785/361844337082626341031828968217,224949995664532431094824200779/224723662917359816499779422566,0.001006653433950691,0.001006653433955926,99,52
801,3,16,9774845123618172908509597585400/9765009396425800559795637733407,8899864701616885845378662307257/8890909404612454388072647359432,0.001006735031011066,0.001006735031013268,144,61
802,3,9,374887536615936097814371877765/374514219194926804570531468989,345733607942449896640596763399/345389322346725142286890044912,0.000996307918936879,0.000996307918939118,81,44
802,3,11,4345184578163978445952787576255/4340812684038416473103401737798,2693349031786016013424034921051/2690639126925047116372046334696,0.001006653436048194,0.001006653436049935,99,52
802,3,16,9889719900413472436938174253300/9879762153721137330448688000247,599518536415633345608118130827/598914894069528702462452135136,0.001007385778462276,0.001007385778465149,144,61
803,3,9,2224700705939963831586677253430/2222462809312697402158385256021,3594138606682533395540583642133/3590523149266455042982614693624,0.001006437837732440,0.001006437837735256,81,44
803,3,11,8887858308492265984166576982670/8878915817155517022417418491843,4444889339234012748465604369951/4440417127478452903906372041756,0.001006653433950816,0.001006653433952879,99,52
803,3,16,9873980849305890286096575414020/9864030944780523913034420529867,1123548338195793727924653395165/1122416150594326935587782081956,0.001008197327266324,0.001008197327268353,144,61
804,3,9,9790583782604805514082371675900/9780735125494406528677884108303,561879420295615155198525973534/561314208059984569990337782749,0.001006437837732650,0.001006437837735079,81,44
804,3,11,3948434368209116309019396368035/3944461663097729304160843308726,1010017571221731327057870152077/1009001345144859281552398176240,0.001006653433950782,0.001006653433952952,99,52
804,3,16,1977657318962228882569383947509/1975683348616694234022390792564,971242579250126641833422150295/970273147371620361026649123944,0.000998634155549266,0.000998634155550785,144,61
805,3,9,2967927766281977872488028836425/2964942234106573965250650127452,4089671998046216341176553902421/4085558067958107728231172777912,0.001006437837746800,0.001006437837748867,81,44
805,3,11,9878834183158681356478486440055/9868894624489572285019422708402,51684759704221022867125054709/51632757242001763970518198782,0.001006653433949806,0.001006653433952009,99,52
805,3,16,48772643089332047700190067170/48723765952121444982132168381,112349888270676929921530515409/112237297675687855571173127561,0.001002644954533466,0.001002644954536372,144,61
806,3,9,1317971025154509195153582658570/1316645236519592242560976463121,8089073163388109551794405375737/8080936109490583231516928726496,0.001006437837732020,0.001006437837734705,81,44
806,3,11,65858894539159277967100933435/65792630814713803994577980409,1010017444717035191201694448205/1009001218767445193838185205549,0.001006653433950906,0.001006653433953213,99,52
806,3,16,9774843516976707091282532329390/9765007632068435037851427502263,4494193357204384111264858974119/4489671098762056856191176125784,0.001006751347695369,0.001006751347697481,144,61
807,3,9,4895291891302402757041185837950/4890367562747203759328906903433,499437722844707733321591740591/498935322682518716673480633124,0.001006437837732549,0.001006437837734658,81,44
807,3,11,9878946290551307910765452154200/9869097506827595428357163131959,1692279436483108993748469972937/1690592323942980290643939981072,0.000997444064972301,0.000997444064974630,99,52
807,3,16,9774851131987815708969809008025/9765010795864618897017783303393,1646800110176696357238949703333/1645142277602768666376508854264,0.001007206395973526,0.001007206395976458,144,61
808,3,9,94791951724104000000000000000/94698587234864486112521491837,2423828120656745349905702497986/2421440792720417607113380538225,0.000985426473613884,0.000985426473616047,81,44
808,3,11,225196996779031500000000000000/224975121314551486059963557801,891086077616933242888624946172/890208134570659668191151779155,0.000985736226337366,0.000985736226341919,99,52
808,3,16,674663041587668625000000000000/673989895117628688217832615777,3952269616058573235594310966684/3948326230728851779467831067095,0.000998250191163046,0.000998250191165354,144,61
809,3,9,8898902832758087528754874424530/8889951044953178037384936807213,561867438129107920165981424729/561302231589025755888387654567,0.001006449164413114,0.001006449164415254,81,44
809,3,11,4884302610782208800332749054445/4879433270787355644160715311734,448897178686587358409367560887/448449656663497557243684863328,0.000997433862942392,0.000997433862944543,99,52
809,3,16,8900535612297640450697738856880/8891939254743495661105044304713,4487764024656123873192021562525/4483429631103295132606323068868,0.000966291456052660,0.000966291456055007,144,61
810,3,9,161523276751460042400090245071/161360795391472093611459637152,112600730977043869827053162431/112487462349309000000000000000,0.001006437837732887,0.001006437837737855,81,44
810,3,11,325992007179415308008060917591/325664014676159146315088668725,4394788662898185221544815848765/4390366904992828129869811103256,0.001006643136725032,0.001006643136727150,99,53
810,3,16,3238401010574048619081422549540/3235140334106340842025135708453,4038007948428791225045359822421/4033942164898309936190704217400,0.001007385778462311,0.001007385778464395,144,61
811,3,9,8898801717692570030572626745360/8889840103478530553215839287469,734104677712231602061622743285/733365391331536672152234188892,0.001007565958354200,0.001007565958356646,81,44
811,3,11,219529650996254310381400229039/219308774170493175096970107360,224949740346585233275319403139/224723410170327922111859389356,0.001006643136726116,0.001006643136729014,99,53
811,3,16,4887401180730186998086863614470/4882507200797636586497525009919,1777074754138113141234101136611/1775295287328696674693154291720,0.001001847745295902,0.001001847745298016,144,61
812,3,9,4449401480233019745373429480490/4444925686909665357066400149309,448890497307450644601079525313/448438944194139018067570846836,0.001006437837746613,0.001006437837749952,81,44
812,3,11,1979739341514913178899274068330/1977747453220741685909062567227,4444884232844610740073689685707/4440412071946093168403256669732,0.001006643137773479,0.001006643137776813,99,53
812,3,16,1978575598659490211099813306905/1976591437691408528006502492093,179117820427120294218426341573/178938196970618889463375209420,0.001003326087770387,0.001003326087773771,144,61
813,3,9,1317957890815903496932545041420/1316645452837198119960523215027,21863068929952779309072692694/21841297428606072261642676903,0.000996307918936507,0.000996307918939220,81,44
813,3,11,8899909801899613316647156804505/8890955276541956595810224031816,8079030853691426858692834394731/8070902244721775262236772992976,0.001006643136725854,0.001006643136727810,99,53
813,3,16,9774688799977872691757330994485/9764916625450690133365119317931,3592151810348883155532378038803/3588560582521863304552006805688,0.001000242853339160,0.001000242853341320,144,61
814,3,9,494377940863212582028841210375/493880624901322904871464855139,561868077212469074388744982433/561302870029505400729630175893,0.001006449164413180,0.001006449164415543,81,44
814,3,11,4939411535004831132805540436905/4934441812066883574380061470694,8979929429329417849189355314021/8970894393283138348706167546272,0.001006643137774717,0.001006643137776719,99,53
814,3,16,788607767974684353058914524614/787814235553413633380118764757,2961803727128368972665548706955/2958823427696424694292570932776,0.001006751347695449,0.001006751347697585,144,61
815,3,9,2447617911866181797257644687830/2445155775788650528099429211859,561866805483875942697195266660/561301605937882609551907130799,0.001006437837732778,0.001006437837734832,81,44
815,3,11,219529650996254310381400229039/219308774170493175096970107360,4449909534194588772736714063481/4445432317160904170860343824824,0.001006643136726116,0.001006643136728323,99,53
815,3,16,822830909051486329297283459705/822002565723461085582569889486,8899879257494945370345857389717/8890919754974930960500055878584,0.001007206395973513,0.001007206395975748,144,61
816,3,9,8998209814243177198821200804140/8989158231106189153186731092721,262355667806668138840923924115/262091755963352520684640957293,0.001006437837732494,0.001006437837734839,81,44
816,3,11,148038541837404244493546928638/147890956798148774202795769515,249445317825982051104807197457/249196636661154065162839492780,0.000997433862941386,0.000997433862944678,99,53
816,3,16,9872228133927804465560319173270/9862278228676790674311893746959,2692133563852700507164050293617/2689420247920360510244921854044,0.001008376486475073,0.001008376486477824,144,61
817,3,9,593253529859290432254790943764/592656757417028342516888577843,1346671491916005007972871390461/1345316832576096158718380169180,0.001006437837732423,0.001006437837735349,81,44
817,3,11,206741778758383252524172435190/206533768279447439194855461543,86345583222881227256902449587/86258707767769557407173453161,0.001006643136725680,0.001006643136728319,99,53
817,3,16,8299513036620959292365904961345/8291209063887348252696803173158,298519670009907556890131061955/298220989932019010255096092356,0.001001038216027013,0.001001038216029486,144,61
818,3,9,448652468922066000000000000000/448205676536420580142260540859,1101418026774200301700902625201/1100321175153257545690216889485,0.000996350258665327,0.000996350258669018,81,44
818,3,11,75081299784582000000000000000/75006582511243431996106419431,4450402930502246373113661578074/4445974105039975339945119503555,0.000995647061814755,0.000995647061818533,99,53
818,3,16,4497758375719732500000000000/4493277884178723488754605329,1951591566568604221352579962117/1949647467136154175190926020065,0.000996657511409496,0.000996657511411666,144,61
819,3,9,161523276751460042400090245071/161360795391472093611459637152,112600730977043869827053162431/112487462349309000000000000000,0.001006437837732887,0.001006437837737855,81,44
819,3,11,4450004692065418893601690818065/4445527379290391978062766645751,8979939643152551874486547951967/8970904596840120298116964940040,0.001006643136620741,0.001006643136623029,99,53
819,3,16,3943044481195610366456239155295/3939071117592224148156321192396,1105700493192307049539504763471/1104586290672690980589238381032,0.001008197327266207,0.001008197327268477,144,61
820,3,9,3296589910123956258230697894370/3293310841915940059937069234151,900785708057639603567945044073/899889710114896700448588718752,0.000995179928204220,0.000995179928207899,81,44
820,3,11,823328446887251081417442952805/822508399575532770197444079507,4444941874384996223189018689991/4440514646528820401091094338624,0.000996511144275348,0.000996511144277441,99,53
820,3,16,9889719900413472436938174253300/9879762153721137330448688000247,1495919794491830839119394318423/1494413584959546379387001221728,0.001007385778462276,0.001007385778464067,144,61
821,3,9,1971983945071622965234284864335/1969998041810414826742918532877,4449808987352396733178123277195/4445327769236071408027530440676,0.001007565958354129,0.001007565958356552,81,44
821,3,11,197974271333514706728164984731/197775082164847074915710025828,4040074920575892574310006528569/4036010053159693765903612164084,0.001006643137769907,0.001006643137775972,99,53
821,3,16,9873981067713606296431249125655/9864109465521128533016375987799,1011147455955762935934688855037/1010136552109107762682102249404,0.001000259168830546,0.001000259168832634,144,61
822,3,9,2962947415288679615785211844655/2959966893042993952721130172353,3598665881534380991844226081211/3595045870035226077058945380564,0.001006437825068029,0.001006437825071139,81,44
822,3,11,8888953961588160313933120271440/8880010459302877346653701047631,298261647391054228375688457317/297961555418861533013737497336,0.001006643136726070,0.001006643136729435,99,53
822,3,16,9889719900413472436938174253300/9879762153721137330448688000247,599518536415633345608118130827/598914894069528702462452135136,0.001007385778462276,0.001007385778465149,144,61
823,3,9,3230391933858885313729002105260/3227142380696866875699310121433,2696361054232434987848560438153/2693648699580386129482971469608,0.001006437837732493,0.001006437837734664,81,44
823,3,11,1629939308905610897858764377370/1628299367243513840513527261479,1344678810471703489595072111501/1343325879849447340790658745428,0.001006643136726156,0.001006643136728790,99,53
823,3,16,189039739380420891253740622685/188850748229221998283504609392,4442759083565063207171352889121/4438317466387342708105405216356,0.001000243050050193,0.001000243050052081,144,61
824,3,9,163159966591363948194195087872/162997489976404442520597750873,4494496572996273780121984434509/4490020900413193851039258158688,0.000996307918937118,0.000996307918939400,81,44
824,3,11,9780643261545360940012879082020/9770802597982567469103136350129,3589116537188410823118843666527/3585505395529756411160182241976,0.001006643136725850,0.001006643136727977,99,53
824,3,16,9872228133927804465560319173270/9862278228676790674311893746959,749032225372563245777060223803/748277299577562905277100519446,0.001008376486475073,0.001008376486477397,144,61
825,3,9,9790472762143249355889088510600/9780624216835696912470847591851,499437160437910257209857646069/498934760847782258168216913720,0.001006437825068666,0.001006437825071125,81,44
825,3,11,45409821719075524602036312145/45364546386875761543032134877,2019808149209658582421405680931/2017794323092894999265614669488,0.000997535689839002,0.000997535689841149,99,53
825,3,16,296153442354921064658579304421/295855256644011978818903542017,3591124750136297163894591528527/3587508982316514661527310813656,0.001007369441123787,0.001007369441125794,144,61
826,3,9,2308940393421292559741387945500/2306617757434707749695284711273,2696361054232434987848560438153/2693648699580386429449537734432,0.001006437837732451,0.001006437837734552,81,44
826,3,11,4444476418418566000680911563925/4440004667841751364863778579703,1329989717439640326111952616609/1328651566052114602348048193424,0.001006643136726017,0.001006643136728375,99,53
826,3,16,977484351697670709128253232939/976500763206843404787149780370,4494193357204384111264858974119/4489671098762055956291477331312,0.001006751347695470,0.001006751347697681,144,61
827,3,9,4449401473937725656532101474625/4444925680620766374699934366533,1346676547987896011166568858547/1345321883561925042391341256596,0.001006437837732558,0.001006437837735268,81,44
827,3,11,985454887492588433280097563040/984463385220714507452414413497,4040074409896648495449990462503/4036009542994259189732806493148,0.001006643137773301,0.001006643137776863,99,53
827,3,16,9730951486945260833456574919715/9721139526394127108284780456938,899279099019688699153258260637/898372333524463987839105586392,0.001008833587769878,0.001008833587773002,144,61
828,3,9,562499999371998562500000000000/561939825229590742105586799173,493073157230664924394185243182/492582122860344091255217131535,0.000996361346323505,0.000996361346327455,81,44
828,3,11,18766559663350125000000000000/18747884091881454247821960983,2224976591637537097257467461976/2222762402670627619744451703365,0.000995647070408422,0.000995647070413026,99,53
828,3,16,4497758375719732500000000000/4493277884178723488754605329,2223894420038956600662838575667/2221679063120075965791347736135,0.000996657511409496,0.000996657511411734,144,61
829,3,9,198193132027611523491508408171/197993763303303072021955230726,734113130838392876888787134333/733374663279519763772706291714,0.001006437837731078,0.001006437837734610,81,44
829,3,11,1777788322407690611724410684933/1775999624435701130282031329283,494434387003248084485402818977/493936918449669859076806844336,0.001006643136725947,0.001006643136728045,99,53
829,3,16,1314327209340260520829447243505/1313013220205842108018117426032,1495631664130520959140892814743/1494136417176947691127277276340,0.001000242853338727,0.001000242853341196,144,61
830,3,9,198193132027611523491508408171/197993763303303072021955230726,8089083275532017417900816091791/8080946211462366984820682127408,0.001006437837731078,0.001006437837734646,81,44
830,3,11,592597679092464521673870692272/592001444853866940822792804825,493876655220804112640908257017/493379747821608251790887411140,0.001006643136726000,0.001006643136728203,99,53
830,3,16,2766504387419829317731804287830/2763736351882378820052966235971,8974025410954580852600543327645/8965046418777845225927741329704,0.001001054347936417,0.001001054347938085,144,61
831,3,9,9790475882918304040382096183900/9780726411810092588833875734919,896264682246185725551651666229/895372171327473574570516451592,0.000996307918937121,0.000996307918939753,81,44
831,3,11,36575587181315749020917192550/36539157355800113670921351997,18745643939364052484129466914/18726973000890652721292235713,0.000996511134954858,0.000996511134957130,99,53
831,3,16,549340385171003711375670812675/548787712614499075188607010928,448688124126348646278906029987/448236714364152660260220409212,0.001006572191864637,0.001006572191866732,144,61
832,3,9,3230391933858885313729002105260/3227142380696866875699310121433,1346671491916005007972871390461/1345316832576095708768530771944,0.001006437837732493,0.001006437837735684,81,44
832,3,11,1968708603241538356214756581850/1966727813379400750761379362051,4445396892772233266349841526953/4440924216072434255918816661840,0.001006643136724629,0.001006643136728179,99,53
832,3,16,989297384131504611298765105135/988299673671808518358060704618,2247458683580961519945602474467/2245192112302885146846113957502,0.001009012974010337,0.001009012974012598,144,61
833,3,9,6926821146037733891787233779160/6919853159733442084346754695787,1348178858674396307071081231771/1346822667771679779794636136960,0.001006449164412987,0.001006449164415334,81,44
833,3,11,8888953961575659506082705075200/8880010459290387759860623976823,672342467292000411118635778931/671665998900024847757972022840,0.001006643136726223,0.001006643136729683,99,53
833,3,16,9774845123618172908509597585400/9765009396425800559795637733407,385090999070000712494128379339/384703509553471481403443273856,0.001006735031011066,0.001006735031013268,144,61
834,3,9,824148291380413651567678464835/823319254613030311892132168508,499437722844707733321591740591/498935322682518616684625211516,0.001006437837732595,0.001006437837734858,81,44
834,3,11,4940525658851546316181758335410/4935600268042810027967791023663,74065781403579858350914261279/73991942515947623945408322958,0.000997433862941947,0.000997433862944812,99,53
834,3,16,788607767974684353058914524614/787814235553413633380118764757,4494193357204384111264858974119/4489671098762055956291477331312,0.001006751347695449,0.001006751347697681,144,61
835,3,9,1483000802576589443090318379850/1481524012923943325396939200089,5396108659264716256962030663971/5390735150754989725884763382496,0.000996307918950927,0.000996307918953472,81,44
835,3,11,9780643261545360940012879082020/9770802597982567469103136350129,162916529393438834168400083063/162752613103711181959875637024,0.001006643136725850,0.001006643136728046,99,53
835,3,16,9730951486945260833456574919715/9721139526394127108284780456938,399012986143605200310334446273/398610651419740490925676615024,0.001008833587769878,0.001008833587772427,144,61
836,3,9,2224700705939963831586677253430/2222462809312697402158385256021,2224904544732708196958324979763/2222666443057564525335292381770,0.001006437837732440,0.001006437837734557,81,44
836,3,11,2960790233349085854114298299695/2957811273807545882117907681228,173954565418110993127130109871/173779543355888688570445418442,0.001006643136725369,0.001006643136728663,99,53
836,3,16,1581907385329183278154428273509/1580325604971439842612754107921,472465932475920958732360763393/471993504482584876684775487930,0.001000419952938903,0.001000419952940573,144,61
837,3,9,493831966877024264175054655855/493335205721620824055586950719,8098208305632862741337796887299/8090062062407548929432418086576,0.001006437837731661,0.001006437837734525,81,44
837,3,11,1955929638312941106223707253532/1953961705835657450176360696443,748328302740540770305576868911/747575382215287690660621024662,0.001006643136725154,0.001006643136727193,99,53
837,3,16,985199513196496105602510332690/984213929686751376093473770503,4127818544713915098193586693855/4123689117288901641140926286304,0.001000890489078941,0.001000890489082633,144,61
838,3,9,299099959250820000000000000000/298802099340093915427335390023,4454829509089870159661621469484/4450393149007421460466071731765,0.000996350258665643,0.000996350258669351,81,44
838,3,11,4004926717687258500000000000000/4000941208992772397362821997487,41248837100861900080089614389/41207788260148314594473945645,0.000995646958013048,0.000995646958019114,99,53
838,3,16,4497758375719732500000000000/4493277884178723488754605329,741153527781885155357362508363/740415219532658349189990614735,0.000996657511409496,0.000996657511411634,144,61
839,3,9,1958094527601938669553250244702/1956124818540630205306871423175,75066311306047412685752530273/74990799735234519387839818764,0.001006437837732452,0.001006437837738099,81,44
839,3,11,4443929216377798496387249937515/4439458016361008108667649104291,448896080360673711932838658271/448444429566000014121319458092,0.001006643136725852,0.001006643136728318,99,53
839,3,16,549340385171003711375670812675/548787712614499075188607010928,982844928465051734338426454359/981856121827261264233681322160,0.001006572191864637,0.001006572191866614,144,61
840,3,9,2966300947994188951198176841880/2963317052286667473595497554319,100088415074732880240979939885/99987732980315892160493249808,0.001006437837732569,0.001006437837736039,81,44
840,3,11,8900009395423636400516667623020/8891054769851961860545464974319,4040064671550748078171728942901/4035999814446465268643996317116,0.001006643137774553,0.001006643137776901,99,53
840,3,16,460526470434360714164721141005/460062027604641818468437452567,2247458683580961519945602474467/2245192112302885146846113957502,0.001009012974010891,0.001009012974012598,144,60
841,3,9,8908762428339714354890354492330/8899790783107008955153737745431,597516409116424198239197618251/596914675117290960129405507720,0.001007565958354416,0.001007565958358211,81,44
841,3,11,4889880163470427641451228968845/4884960275860336620068023543449,32135713702802017374298746763/32103380783711296115277604830,0.001006643137774601,0.001006643137780744,99,53
841,3,16,9774845123618172908509597585400/9765009396425800559795637733407,8899864701616885845378662307257/8890909404612454388072647359432,0.001006735031011066,0.001006735031013268,144,60
842,3,9,296302444379384311006963145942/296007716811860252965996230429,4044547217466225476932599588899/4040524167418023559094361165228,0.000995179928217809,0.000995179928220157,81,44
842,3,11,196867437674903376358403482775/196671334990114011936990892077,2224930017978331750881395302285/2222713730941996011267077148708,0.000996611844330917,0.000996611844334399,99,53
842,3,16,656803115074134663045800671115/656145948444687837455932475226,8974025410954580852600543327645/8965046418777845225927741329704,0.001001054347934847,0.001001054347938085,144,60
843,3,9,9790583782604805514082371675900/9780735125494408508637743505429,898537207912103728610436567937/897633340986680252779446097524,0.001006437837732448,0.001006437837735195,81,44
843,3,11,732482421526615384397121676445/731745444123146074077619903728,2689372920513070188486043897525/2686667043875382798173665453656,0.001006643136621003,0.001006643136623625,99,53
843,3,16,9873980849305890286096575414020/9864030944780523913034420529867,1315877245529538284191247030329/1314551250152398203709996553976,0.001008197327266324,0.001008197327268506,144,60
844,3,9,593253529859290432254790943764/592656757417028342516888577843,1348932547715598186083427211145/1347575613908326625764429693524,0.001006437837732423,0.001006437837735174,81,44
844,3,11,2470256710727946331837914451805/2467794021423531532078847267007,1481643534593109681675671287739/1480166429938455591501505998732,0.000997433862942113,0.000997433862944565,99,53
844,3,16,788607767974684353058914524614/787814235553413633380118764757,4494193357204384111264858974119/4489671098762055956291477331312,0.001006751347695449,0.001006751347697681,144,60
845,3,9,2224700705939963831586677253430/2222462809312697402158385256021,2224904544732708196958324979763/2222666443057564525335292381770,0.001006437837732440,0.001006437837734557,81,44
845,3,11,3950660466544501299823888928645/3946685562291020167872141457608,249386532689146648847505342599/249135615760713074301189908296,0.001006643136725983,0.001006643136728319,99,53
845,3,16,1977593232204423673280295953800/1975614900448896535806526382937,2221677573571407502917552289627/2219455066322306140973205051060,0.001000874152987562,0.001000874152989689,144,60
846,3,9,3953530651977012736756703101895/3949593679624718447573448833154,1112365599015686869824827958032/1111257892260766794820594676445,0.000996307918936477,0.000996307918938862,81,44
846,3,11,5928105998269783048131232469240/5922141513610282724857413453723,2022522353676932668216859365993/2020487419828659281720775966576,0.001006643136725534,0.001006643136727966,99,53
846,3,16,977484351697670709128253232939/976500763206843404787149780370,941815568643029737074155082001/940867871677658537333347552689,0.001006751347695470,0.001006751347698146,144,60
847,3,9,2962958473528256259370493675960/2959977906594528666112188749637,1348178858674396307071081231771/1346822667771679779794636136960,0.001006449164412737,0.001006449164415334,81,44
847,3,11,78836351014195307079560981767/78757030872758466413371510227,443887704741625722561878911819/443441093057176735502019029140,0.001006643136725945,0.001006643136728264,99,53
847,3,16,3291323636205945317189133838820/3288010262893844012336969658423,49753369832358761517652963231/49703283148090866504347353910,0.001007206395973613,0.001007206395976449,144,60
848,3,9,299099959422454500000000000000/298802099511557415255481083899,4847115943640892380524896665884/4842288923517343092066217967015,0.000996350258665901,0.000996350258668835,81,44
848,3,11,450396976936707000000000000000/449948763679322523074142641189,635708398501359081712543790474/635075772292411663941123202945,0.000995647059105184,0.000995647059111769,99,53
848,3,16,1485089853567823500000000000000/1483608102040025181372247829663,988067404014643308898577741671/987081557682212821107016352975,0.000998250191163328,0.000998250191165479,144,60
849,3,9,2966300947994188951198176841880/2963317052286667473595497554319,100088415074732880240979939885/99987732980315892160493249808,0.001006437837732569,0.001006437837736039,81,44
849,3,11,888897527403560713587741551293/888003175030708976147819040750,329251435513311302265246749149/328920163579777058791026421728,0.001006643136726083,0.001006643136728187,99,53
849,3,16,9874080842755698781171273384405/9864207713730343907344265131833,4045316483355194366592428727367/4041271556822317921332871671720,0.001000403841551495,0.001000403841553221,144,60
850,3,9,8998098793916380540445763733750/8989047322458240618815517956079,75066311306047412685752530273/74990799735234519387839818764,0.001006437837732626,0.001006437837738099,81,44
850,3,11,8888964062674634010398872734400/8880020550226277948709226691163,8979940656217495867701905362583/8970905608884839909816608126464,0.001006643136726056,0.001006643136728104,99,53
850,3,16,9889719900413472436938174253300/9879762153721137330448688000247,4038007948428791225045359822421/4033942164898309936190704217400,0.001007385778462276,0.001007385778464395,144,60
851,3,9,1971983945071622965234284864335/1969998041810414826742918532877,2225131308311658447488352797725/2222890470837881681411268365292,0.001007565958354129,0.001007565958356453,81,44
851,3,11,4394888978618192297102905746695/4390467119776915203386077596441,32135713702802017374298746763/32103380783711296115277604830,0.001006643137774506,0.001006643137780744,99,53
851,3,16,9873980849305890286096575414020/9864030944780523913034420529867,1105700493192307049539504763471/1104586290672690980589238381032,0.001008197327266324,0.001008197327268477,144,60
852,3,9,4944884303387425478225567410765/4939910032307534723605551581997,299261458450069794409845390677/298960418521374619622544649496,0.001006449164412990,0.001006449164415378,81,44
852,3,11,4444482030303715795346000786315/4440010274075922647300448261318,6200408801199701326581002117221/6194170342706079856336297971624,0.001006643137774491,0.001006643137776962,99,53
852,3,16,9889719900413472436938174253300/9879762153721137330448688000247,599518536415633345608118130827/598914894069528702462452135136,0.001007385778462276,0.001007385778465149,144,60
853,3,9,2966271741449629147612792215400/2963321235773170999434496399959,43726089854851130816570735468/43682596174038435927933518151,0.000995179915823144,0.000995179915825225,81,44
853,3,11,20324774743623668592701429135/20304716289959583606813902443,8979036298678134240811848263261/8970174917146608902667933826392,0.000987384029848313,0.000987384029850436,99,53
853,3,16,9873981067713606296431249125655/9864109465521128533016375987799,1011147455955762935934688855037/1010136552109107762682102249404,0.001000259168830546,0.001000259168832634,144,60
854,3,9,2224700705939963831586677253430/2222462809312697402158385256021,2247467221941823726679359156429/2245206423757844584444219935984,0.001006437837732440,0.001006437837734589,81,44
854,3,11,121954856818923097653218216590/121832714446170082559021784177,4394599216120268201886008841493/4390197859835183093885600044860,0.001002039458691590,0.001002039458693742,99,53
854,3,16,788607767974684353058914524614/787814235553413633380118764757,2961803727128368972665548706955/2958823427696424694292570932776,0.001006751347695449,0.001006751347697585,144,60
855,3,9,4399858390569836480827172640185/4395432434203472787652001764284,2247497507665547551573987305965/2245236679016203081863146525208,0.001006437837732711,0.001006437837734744,81,44
855,3,11,651976546104229308435072610612/651320568611869317059958589431,1010017443189547701346611608875/1009001227631513133232522012122,0.001006643136621044,0.001006643136623219,99,53
855,3,16,1629158531120040590373723561640/1627528759195582249643769358041,598520367988867351787418656153/597921622272392102372007012444,0.001000877219840839,0.001000877219843409,144,60
856,3,9,1976962099955713782806481372685/1974973411433132857222593926013,4044541643425367389324352877811/4040473111436017991794552996932,0.001006437825068023,0.001006437825070598,81,44
856,3,11,1629939308905610897858764377370/1628299367243513840513527261479,84105689867921028394359733301/84021068051586805008774053961,0.001006643136726156,0.001006643136728520,99,53
856,3,16,148081642281231830620406661439/147933891830071392176888844876,1495981641264483901094774734115/1494489005452103673507539475732,0.000998261553224087,0.000998261553226275,144,60
857,3,9,969031305358653684305541729607/968066332580258995024072826766,139045687730823725210617489529/138907224398553923828155629744,0.000996307918937042,0.000996307918939281,81,44
857,3,11,328482908439138909208539832355/328152409748854998998838772329,8079030853691426858692834394731/8070902244721770762738279020616,0.001006643136725051,0.001006643136728368,99,53
857,3,16,1978687359409749022104290240665/1976775283939057169901028998867,502350150430201431875839779703/501864711739864020057256310544,0.000966802516940931,0.000966802516944064,144,60
858,3,9,86245551996358500000000000000/86159664012679391280039415507,986129899690409453314919821132/985147858219634082721528427995,0.000996350258681136,0.000996350258684040,81,44
858,3,11,2225171563217757000000000000000/2222957180247167153136566498843,2152111090429945114606814314/2149969413703409402803127515,0.000995647060248450,0.000995647060254082,99,53
858,3,16,4497758375719732500000000000/4493277884178723488754605329,122410160046782139580185571511/122288219817714916160729778744,0.000996657511409496,0.000996657511411534,144,60
859,3,9,495482823843868801272901372265/494984402045627741452329286122,4044587040946814657947145937781/4040518463290665808144973432064,0.001006437825068085,0.001006437825070835,81,44
859,3,11,548830350973393820927943696860/548278152647316871979137342617,3989969663522298867057159535919/3985955208845380523460019812048,0.001006643136726244,0.001006643136728556,99,53
859,3,16,3943044481195610366456239155295/3939071117592224148156321192396,1105700493192307049539504763471/1104586290672690980589238381032,0.001008197327266207,0.001008197327268477,144,60
860,3,9,198193132027611523491508408171/197993763303303072021955230726,8089174081882221031363504399115/8081036926467595993058409931464,0.001006437837731078,0.001006437837734904,81,44
860,3,11,4444487075282411870607270875045/4440015313983336592834704577332,329251435513311302265246749149/328920163579777058791026421728,0.001006643136725892,0.001006643136728187,99,53
860,3,16,9889719900413472436938174253300/9879762153721137330448688000247,1495919794491830839119394318423/1494413584959546379387001221728,0.001007385778462276,0.001007385778464067,144,60
861,3,9,394419018033517661115235617646/394021814995352764889986812075,808908215727338542159768782713/808093597805296283281743138168,0.001007565958353578,0.001007565958356617,81,44
861,3,11,9779648192692567183711138965130/9769808530294760876117670670977,899799983886547551913097547125/898894662151799420947187528544,0.001006643137774637,0.001006643137779151,99,53
861,3,16,8898947012517287659006206501640/8890106363082990323248112500563,1110670329581061524648041049927/1109566935324740068975843832358,0.000993942732697184,0.000993942732699100,144,60
862,3,9,593253529859290432254790943764/592656757417028342516888577843,1346676491570539783989001469881/1345321827201320744205457397304,0.001006437837732423,0.001006437837735319,81,44
862,3,11,4389914173266166381233812578135/4385537260629234372318755187882,4444930040868265614698627972899/4440498275303308017998233644240,0.000997535689838889,0.000997535689841212,99,53
862,3,16,9889719900413472436938174253300/9879762153721137330448688000247,599518536415633345608118130827/598914894069528702462452135136,0.001007385778462276,0.001007385778465149,144,60
863,3,9,8898913968354987272422086452180/8889962270042063920395732289209,399348745356785501238862027891/398947027854762281982131259472,0.001006437837732765,0.001006437837735217,81,44
863,3,11,9791800278865539740473366925815/9781948389818818616543539048107,1010016180693349308157946644397/1008999966405453439034356929927,0.001006643136725040,0.001006643136727268,99,53
863,3,16,549340385171003711375670812675/548787712614499075188607010928,103416907011809718562038264598/103312862801831703427523067401,0.001006572191864637,0.001006572191866691,144,60
864,3,9,5935922154793540134387107865175/5929951023425413944333521704314,489413686727515265927237438843/488921370059504860182597101296,0.001006437837732596,0.001006437837735406,81,44
864,3,11,1316148945207217314869716398325/1314824719526406095150552398281,1481646749947173742480586212619/1480156010860749995189359262148,0.001006643137774220,0.001006643137776920,99,53
864,3,16,4936114066963902232780159586635/4931139114338395832145911722761,1792129852089029831600614833079/1790323621318837673616471993216,0.001008376486474972,0.001008376486478350,144,60
865,3,9,4944945927823542672452584067530/4940027265390650543631725938071,599518913028475430264324991083/598922580692718875584094447728,0.000995179803262439,0.000995179803264936,81,44
865,3,11,1780003630761709047932559351940/1778230720834009430049752353137,141266834717171969086039127969/141126130861630849962601932896,0.000996511134022369,0.000996511134024710,99,53
865,3,16,4944062913444291078149166209665/4939084923308832778472985504597,3591124750136297163894591528527/3587508982316513761627612019184,0.001007369441123912,0.001007369441126044,144,60
866,3,9,494377940863212582028841210375/493880624901322904871464855139,3999410764219897042631867687003/3995387585500127895714210735456,0.001006449164413180,0.001006449164415317,81,44
866,3,11,329220059705128257351914145100/328888819339944873751471660659,672840161882786816945840723653/672163192742047346646086165712,0.001006643136726391,0.001006643136729449,99,53
866,3,16,988823697519309147487333550917/987891108557287560798065143464,1795069355759868693868047275239/1793376372600738855574751532480,0.000943574691045601,0.000943574691047763,144,60
867,3,9,9889768483898071181878306943135/9879820053767457425652490756416,7998822555086359247251126535435/7990776287123041548647000794656,0.001006437837732873,0.001006437837734949,81,44
867,3,11,3292944764982375296392497779050/3289631612596265228474446892343,1010016308364459379972792103267/1009000093948213789345393087110,0.001006643136621010,0.001006643136623343,99,53
867,3,16,1978603013989244172836894427625/1976620490098089464158236275481,597035860371371825211335135831/596437641401372183730294897264,0.001002483958308832,0.001002483958312630,144,60
868,3,9,448605692801601750000000000000/448163396382660022770222330763,46888834250223337571992261000/46842604869254510257319152331,0.000986422168516052,0.000986422168520049,81,44
868,3,11,450392390761338000000000000000/449944182522408850644046294807,635701117826879666024078884732/635068499504828430609061183475,0.000995646048944946,0.000995646048950556,99,53
868,3,16,4497758375719732500000000000/4493277884178723488754605329,2223894420038956600662838575667/2221679063120075965791347736135,0.000996657511409496,0.000996657511411734,144,60
869,3,9,198193132027611523491508408171/197993763303303072021955230726,8089174081882221031363504399115/8081036926467595993058409931464,0.001006437837731078,0.001006437837734904,81,44
869,3,11,8887846094413763954406849323600/8878903715955341331490789602927,1010016181840353877448397201878/1008999968592371914025631593505,0.001006642104943029,0.001006642104945324,99,53
869,3,16,9873981067713606296431249125655/9864109465521128533016375987799,3584259842027813800999311823451/3580676445718624150569376364976,0.001000259168830546,0.001000259168832856,144,60
870,3,9,2966300947994188951198176841880/2963317052286667473595497554319,100088415074732880240979939885/99987732980315892160493249808,0.001006437837732569,0.001006437837736039,81,43
870,3,11,888785844395078249415455960647/887891605306705019345355968481,8979939643068135962946678445397/8970904606010872142573597865960,0.001006642104943108,0.001006642104945263,99,53
870,3,16,9889719900413472436938174253300/9879762153721137330448688000247,4449931609429426170466249756967/4445451068806313373995504692740,0.001007385778462276,0.001007385778464468,144,60
871,3,9,8898801717692570030572626745360/8889840103478530553215839287469,1792559350868921264265971219747/1790754138676546460964956579688,0.001007565958354200,0.001007565958357223,81,43
871,3,11,989872350541730312197593795755/988885511574533151596703593352,249445598881468649377343787679/249196917688344203862523415614,0.000997432852099083,0.000997432852105372,99,53
871,3,16,884641092416776900890779510660/883751085296723692930027357143,448688124126348646278906029987/448236714364152585268578843006,0.001006572191864495,0.001006572191866899,144,60
872,3,9,329216379482141804440509134635/328885210339557019864066219374,2696357721129411803837807051873/2693645369830198610037570616368,0.001006437837746043,0.001006437837748705,81,43
872,3,11,984347578455022499822902302415/983357191302987098514804308721,748328303675498682994227420911/747575383920639465212139407610,0.001006642104942885,0.001006642104945550,99,53
872,3,16,989297384131504611298765105135/988299673671808518358060704618,2247458683580961519945602474467/2245192112302885146846113957502,0.001009012974010337,0.001009012974012598,144,60
873,3,9,4399858390569836480827172640185/4395432434203472787652001764284,3594179066551125928215529787185/3590563568435188929432418086576,0.001006437837732711,0.001006437837735356,81,43
873,3,11,2962984282302883053037253736220/2960003118302376010220134703439,889981896614124525592991510969/889086454135019269116047442180,0.001006642104943155,0.001006642104945507,99,53
873,3,16,9774845123618172908509597585400/9765009396425800559795637733407,8899864701616885845378662307257/8890909404612454388072647359432,0.001006735031011066,0.001006735031013268,144,60
874,3,9,9790507357617727942429363759310/9781757338084263580994305397379,2698074341764868856453459299957/2695663005729777956960694844848,0.000894124441135893,0.000894124441138342,81,43
874,3,11,1111120649712772113207438948535/1110002711659260490555540818147,4490020736243789707180279923853/4485503166488054524827819899856,0.001006642104943004,0.001006642104945421,99,53
874,3,16,608253079998874245485162129165/607644875761760150060993901324,1889503979516025078015459538177/1887614627264179543547967232026,0.001000419952939031,0.001000419952941004,144,60
875,3,9,989751573464112176089177559390/988867007906398938341551326753,1326245519182972314782112915631/1325060220630490109037197343792,0.000894124441135749,0.000894124441138213,81,43
875,3,11,9779648202841680337026233398550/9769808550524226575202781299711,374164151837753836487078559737/373787691960324232104563676165,0.001006642104943349,0.001006642104945526,99,53
875,3,16,822830909051486329297283459705/822002565723461085582569889486,235475133475664271627818010292/235238080815652079369992944285,0.001007206395973513,0.001007206395976019,144,60
876,3,9,3953980311252946517571383911670/3950047346738942925841471135029,3148233012488716382384836201873/3145101512646715540109274307356,0.000995179928203320,0.000995179928205757,81,43
876,3,11,5928244089061167404321831776430/5922339476361279524170154454933,149518710612004269561356804323/149369787918490006389354678592,0.000996510113770086,0.000996510113772907,99,53
876,3,16,9774843516976707091282532329390/9765007632068433057891568105137,1112482905226839018942275242882/1111363475151129631951038944031,0.001006751347695572,0.001006751347697702,144,60
877,3,9,4449401473937725656532101474625/4444925680620766374699934366533,2693342972525860647139571708165/2690633653857418012711920684504,0.001006437837732558,0.001006437837734661,81,43
877,3,11,492726887111350800833553882440/492231137043856604375769898887,4490020736243789707180279923853/4485503166488054524827819899856,0.001006642104941537,0.001006642104945421,99,53
877,3,16,1970398970439227924552174899615/1968411847174804945927761754266,111506078019639278524523121302/111393625503634930105998305823,0.001008996636306219,0.001008996636310229,144,60
878,3,9,897299878267561500000000000000/896406298534870442386779895417,48422059881916286827658623639/48373838576671774143800042575,0.000996350258665462,0.000996350258669403,81,43
878,3,11,18016103407862160000000000000/17998174672318746114228868927,1112489811325390011814410275487/1111382716457508376830966528055,0.000995646059297785,0.000995646059301467,99,53
878,3,16,1497564857807049000000000000000/1496085039187116883216182866561,489719580021347625625405548665/489235663649188983266742683059,0.000988638479035192,0.000988638479037014,144,60
879,3,9,990855742518993704575617221465/989869036709224031704068293532,505573950432880617944349740873/505070493942944496396821096700,0.000996307918936195,0.000996307918938862,81,43
879,3,11,9780643261545360940012879082020/9770802597982567469103136350129,2022522353676932668216859365993/2020487419828659281720775966576,0.001006643136725850,0.001006643136727966,99,53
879,3,16,1184355091766649097522875673775/1183163552651657223266686480296,1720011417170770221107656616669/1718280972563368603550318354700,0.001006572191864631,0.001006572191866926,144,60
880,3,9,198195359146987516273099416487/197995985939712600000000000000,32872707278917399285304947094/32839639213599158060100352393,0.001006449164409231,0.001006449164415011,81,44
880,3,11,8800934085898976686276773139505/8792160112673604246672485236197,790208940417230214479884370271/789421152209977214265864296749,0.000997433862827952,0.000997433862829604,99,53
880,3,16,922169519541007287362556297715/921245359435743056729864653773,78956410293986449332216686549/78877283449190032578947345664,0.001002661086473362,0.001002661086475166,144,61
881,3,9,1631763740648723897445778500490/1630120459047889906168086859803,6689018127560600037975368718/6682281894769733163307771735,0.001007565958354357,0.001007565958358041,81,44
881,3,11,197974069176819232294360905991/197774880211548033563754342207,295998370892737215326774868676/295700556085649734428476937795,0.001006643137774082,0.001006643137776358,99,53
881,3,16,5923224242911732479387722740265/5917264126202388200783295222108,1703952082190534963695312223011/1702237517139388433552592408909,0.001006735031011119,0.001006735031012562,144,61
882,3,9,2933533912418840482598089557610/2930582978106171730728166818189,1423454374414935885439609362779/1422022476751096821611962950946,0.001006437837732872,0.001006437837734249,81,44
882,3,11,492174372782632840378773622525/491679178112174070991654661229,1758160810302064402050527861547/1756391860289182674539839831243,0.001006643136724385,0.001006643136727672,99,53
882,3,16,1962685951511642621455834779755/1960706574699038213527135248489,1777947209963667853330830664252/1776154142927784854610536276773,0.001009012974009487,0.001009012974012184,144,61
883,3,9,3463410590132008068769481369495/3459926636152131418127970815601,78980427429848316288967957859/78900978526140170166588122752,0.001006437837732268,0.001006437837734437,81,44
883,3,11,4889818478295496030278695943160/4884898652754241574098882319877,1580202630514569567608560442438/1578612730747025216383668146607,0.001006643136726111,0.001006643136727799,99,53
883,3,16,4153112361684997857741305865665/4148934057507217540241700300537,16477290526068207107274945463/16460713288120392254998603971,0.001006572191864637,0.001006572191865993,144,61
884,3,9,96669013970851403676838305784/96571771561106960198326955397,799901415657209675152047795679/799096769597200254368340010126,0.001006437825068451,0.001006437825070296,81,44
884,3,11,4395442356061380685817940578935/4391019940451389133616091456992,263367138759200283299274937128/263102155430729752165566668081,0.001006643136725026,0.001006643136726756,99,53
884,3,16,788607767974684353058914524614/787814235553413633380118764757,1760153271720050836396227899984/1758382126742484526995643318213,0.001006751347695449,0.001006751347697288,144,61
885,3,9,879950708865922444460422093775/879065528729383923516882086112,1583740410606695935586428922000/1582147258241705199502745540273,0.001006449164412655,0.001006449164414531,81,44
885,3,11,4938317180821071739400380911880/4933348558958142085215210338097,1560383462633489764700328037022/1558813503656954128934912655043,0.001006643136725995,0.001006643136728018,99,53
885,3,16,790117558288192825985679441844/789320734393510432638338567517,789556011171662153829842876005/788759753590377919049183177439,0.001008996636306230,0.001008996636307936,144,61
886,3,9,1483133824648226080636977359410/1481641893542570691295566494847,782050174574725304285143156075/781263485631190468790442682112,0.001006437837732534,0.001006437837734289,81,44
886,3,11,1955929413591037381005432441968/1953961481339853113015157164175,1776010364701255920010650089632/1774223455597658592962557766305,0.001006643136725949,0.001006643136727815,99,53
886,3,16,362093595909595779142680477470/361734412765318129101743271387,710991884926297688899736042492/710286607882823114039413828513,0.000992454476629391,0.000992454476631245,144,61
887,3,9,987675223424156659236380468020/986692797804791558653628056299,1581954273958818803608201361092/1580380727948403099336881998165,0.000995179915682651,0.000995179915685381,81,44
887,3,11,2929597714497667554479084290405/2926679791869627193837169826453,878207074000529067566865183799/877332366773439527795762794307,0.000996511134021326,0.000996511134023213,99,53
887,3,16,822830909051486329297283459705/822002565723461085582569889486,176422886653590647153141384677/176245281851117467674644325856,0.001007206395973513,0.001007206395976688,144,61
888,3,9,544514889971333467841315134165/544021861814239770184256890752,1946041562867955543662636367/1944279529720577148437500000,0.000905854928643920,0.000905854928645869,81,44
888,3,11,36699090287678959638670143955/36665882627683318088682485792,34655994115723654820813983043/34624635178475031250000000000,0.000905272937313312,0.000905272937318813,99,53
888,3,16,6537634967730060984449143833/6531705244811834780653178972,23435197590039064257460422363/23413941550365851562500000000,0.000907425046510548,0.000907425046512108,144,61
889,3,9,1759901420399948482951249361492/1758131080037975658756656545533,440026206799236467813242082544/439583570555413980607659138821,0.001006437837732570,0.001006437837734128,81,44
889,3,11,1629956296413674216328293038580/1628331333506620975201671546237,879088559155664750492903072192/878212163694149360961605211147,0.000997433760513309,0.000997433760515086,99,53
889,3,16,2443711280904543227127399396350/2441252349106449892453927008711,730958117547848113786268232689/730222606699099159520191525583,0.001006735031011168,0.001006735031012651,144,61
890,3,9,11010742854882450026937542839/10999776996650700000000000000,4044591553061972074910032567741/4040563449040198593629054076360,0.000996419822249325,0.000996419822255044,81,44
890,3,11,8899909801899613316647156804505/8890955276541956595810224031816,8079030853691426858692834394731/8070902244721775262236772992976,0.001006643136725854,0.001006643136727810,99,52
890,3,16,1626141597614377623549715022635/1624501627159677642565485358599,2247458683580961519945602474467/2245192112302885146846113957502,0.001009012974010875,0.001009012974012598,144,61
891,3,9,1972006106889188790416552710285/1970020181309735904550896817692,3999455564095839266228812170563/3995427878237816709563134057860,0.001007565958352725,0.001007565958356357,81,44
891,3,11,4450004641361726877373258161155/4445527328632585376205190410294,899798961396670420040501261443/898893640690685943609779572248,0.001006643137774581,0.001006643137780127,99,52
891,3,16,8884613065668628324295861325655/8875674560601265511278076170842,448688124126348646278906029987/448236714364152735251861975418,0.001006572191864736,0.001006572191866565,144,61
892,3,9,2962947427763397963740443458325/2959966905467677661607163190073,4044541643419020463493985692333/4040473111378507651793845277592,0.001006437837732335,0.001006437837734907,81,44
892,3,11,21874391741115490592506052489/21852383114076735707940084678,555611166179235349680299496010/555052145426577836978301898119,0.001006643136620097,0.001006643136623163,99,52
892,3,16,196268283797300297125155232292/196070665475096061546059621451,4449931609429426170466249756967/4445451068806313373995504692740,0.001007385778460572,0.001007385778464468,144,61
893,3,9,628536221570415533159952043870/627903957155417382022853300001,3594138719517281809815437213717/3590523261987648341059502906184,0.001006437837746676,0.001006437837749483,81,44
893,3,11,1755748724195673588179877241517/1753982201071008878308317930222,2929862774396784487180248214799/2926914932104916278136815820280,0.001006643136725994,0.001006643136728220,99,52
893,3,16,1186185915232119688604022943969/1184997942098182841976681906618,1940270399805123287960515527101/1938327206012356788602307988956,0.001002008536503969,0.001002008536506020,144,61
894,3,9,1978618510854655211618562055295/1976628156071080659531540539463,7998822555086359247251126535435/7990776287123045148245795972544,0.001006437837732606,0.001006437837734499,81,44
894,3,11,4450004697597293394160384466210/4445527384816232250256314642261,3589159752378763167480780029123/3585548567239719491729851336728,0.001006643136726107,0.001006643136728753,99,52
894,3,16,3942975415862959294679972710375/3939039727123698874972041403878,1121904764493830454863314716646/1120784933025851131778796190359,0.000998650470711615,0.000998650470714154,144,61
895,3,9,988755867932555111735535826640/987761236022651747663762419287,4494944516056549285497480079513/4490422858695087678521528835696,0.001006449164413033,0.001006449164415426,81,44
895,3,11,246915859041047653042241949773/246667427947901213880178810455,1795635770296007212697659100551/1793829115352735029852739967348,0.001006643136725843,0.001006643136728826,99,52
895,3,16,658264727241189063437826767764/657602052578768934464717891493,8899879257494945370345857389717/8890919754974930960500055878584,0.001007206395973413,0.001007206395975748,144,61
896,3,9,131797102515450919515358265857/131664523651959191256766656360,988846464199771387448052900609/987851752344278493816654685784,0.001006437837732271,0.001006437837734666,81,44
896,3,11,977976032695232754327150985829/976992055174237756011475838211,3989969152376133210608459504759/3985954698213497336814280291464,0.001006643136726117,0.001006643136728661,99,52
896,3,16,309053749997577321717079516025/308742264536723915082124296303,2692133563852700507164050293617/2689420247920360960194771251280,0.001008376486475096,0.001008376486477656,144,61
897,3,9,1977953696779614236375661388627/1975964010753492079118455970421,7998822555086359247251126535435/7990776287123044248346097178072,0.001006437837732572,0.001006437837734612,81,44
897,3,11,9780754946334253160497217709685/9770914170401298774504947305524,597224198158849687149958307603/596623309009895224387373637384,0.001006643136726108,0.001006643136728740,99,52
897,3,16,78816472416871830925935312488/78737115088886430737613420729,188340243041192116714211264299/188150610366935227632751171641,0.001007369441123508,0.001007369441125928,144,61
898,3,9,2249975273479321500000000000000/2247759426608063692486363797983,23480325197296480809155530177/23457201029783168196739924580,0.000985316919864523,0.000985316919868350,81,44
898,3,11,4049117440357050000000000000000/4045127646656790148990803840251,445872506152515978039729572144/445433166137716083301769412085,0.000985834745674075,0.000985834745677734,99,52
898,3,16,2026756652839985250000000000000/2024734452122899665465858730771,3952269616058573235594310966684/3948326230728851779467831067095,0.000998250191163435,0.000998250191165354,144,61
899,3,9,297223271416612673806514069930/296924285150787139300272030597,8089083275531891558181800311909/8080946211462240998862850901328,0.001006437837732574,0.001006437837734678,81,44
899,3,11,444503080613423157104036016445/444100694918255008407359528661,2222698387689706099029505819399/2220686293567326488825227796628,0.000905658368221593,0.000905658368223876,99,52
899,3,16,39577322462633232843779055040/39537755312582682724118884003,1121952337311983052155729883380/1120830673345907515804226516589,0.001000243050050078,0.001000243050052309,144,61
900,3,9,1631763740648723897445778500490/1630120459047889906168086859803,891762508710989041687120998047/890864451666098480123774185248,0.001007565958354357,0.001007565958360021,81,44
900,3,11,9879841920262909431945972027980/9870808282356035879544725409699,2224933685697056278965033566171/2222899316580054382817477415552,0.000914768723474504,0.000914768723476816,99,52
900,3,16,9889719900413472436938174253300/9879762153721137330448688000247,991479978225016142090751896635/990481678316310514854738401694,0.001007385778462276,0.001007385778464355,144,61
901,3,9,3296589909452354312418992873590/3293307126422991893542052880351,1792529476184897965410305982077/1790744454236247397651650172536,0.000996307918937094,0.000996307918940610,81,44
901,3,11,4345184578163978445952787576255/4340812684038416473103401737798,2693349031786016013424034921051/2690639126925047116372046334696,0.001006653436048194,0.001006653436049935,99,52
901,3,16,5923233793072354013668640646455/5917264050372238178989145265276,4449787101047902964857630683163/4445302374462457553270601549096,0.001008360169458967,0.001008360169460864,144,61
902,3,9,8799507102001136887783864325395/8790655400191271195544368605806,299260331550907378255466968389/298959296142024807805880682440,0.001006437837732589,0.001006437837734803,81,44
902,3,11,4834707705727328774477056179895/4829843279419713610194741106743,28863847642316300936162327989/28834806370670384278122800676,0.001006653433950949,0.001006653433953493,99,52
902,3,16,1970411865880195768969269440885/1968443888792877676034323947234,2991356659953217687688132488021/2988368999622532311722476079496,0.000999263427577849,0.000999263427580857,144,61
903,3,9,232583122083196777298132477215/232349159385862689979988158761,249718858288091758960653715257/249467658213309294037697733466,0.001006437825068042,0.001006437825070931,81,44
903,3,11,591713074719798841706035799974/591117724427202225498781238085,317492091963630412579724324317/317172648270523350289206358026,0.001006653433949911,0.001006653433952941,99,52
903,3,16,1317261343042470094755986991830/1315936091497715291196349698069,4415648702638628932446431280551/4411206269635349400277812358248,0.001006572191864719,0.001006572191866407,144,61
904,3,9,5935855532563886515818658221605/5929884468213163770180175431912,734113130838392876888787134333/733374663279519688781064725508,0.001006437837732466,0.001006437837734712,81,44
904,3,11,651977279263934865554455412956/651321294327114270582281559921,1196387906299905364632613587295/1195184164282982443943258008488,0.001006653433845753,0.001006653433848346,99,52
904,3,16,978741791289049902870905775647/977794989327842483905388000532,1791885378793619740407396459373/1790151969015878125779664676640,0.000967834639750531,0.000967834639752863,144,61
905,3,9,5935855532563886515818658221605/5929884468213163770180175431912,561866805483875942697195266660/561301605937882609551907130799,0.001006437837732466,0.001006437837734832,81,44
905,3,11,1975766836631736271295697288011/1973778924897914654999870481393,448896342215675825652723842798/448444686539804687500376025513,0.001006653433949705,0.001006653433952575,99,52
905,3,16,1975296831689596645853440337995/1973320473443184750106717302942,370821692467804028110953450463/370450671516369459770759216460,0.001001038216026413,0.001001038216029150,144,61
906,3,9,1112348962425194706953580142645/1111230015524426732583495888477,3594138708279878817531671052221/3590523250807070408211982954656,0.001006437825068663,0.001006437825071386,81,44
906,3,11,1448429919321883975992208777985/1446972586007619854689488084816,168315281002152170607590276681/168145931099176169109300207246,0.001006653433950894,0.001006653433953093,99,52
906,3,16,309053749997577321717079516025/308742264536723915082124296303,798869711391097389386763776503/798064555976490876240593510152,0.001008376486475096,0.001008376486477177,144,61
907,3,9,8898802947889376263581121142530/8889851361255440977432203844653,1346671491916005007972871390461/1345316832576096158718380169180,0.001006437837732864,0.001006437837735349,81,44
907,3,11,8690579504638515132519595174055/8681835504764293941464687000466,2020034889434043412463599800721/2018002437534863840635255974174,0.001006653433950740,0.001006653433953017,99,52
907,3,16,822830909051486329297283459705/822002565723461085582569889486,892047067247029269617364984193/891149044058652716445075307776,0.001007206395973513,0.001007206395977102,144,61
908,3,9,8799507102001136887783864325395/8790655400191271195544368605806,734113130838392876888787134333/733374663279519688781064725508,0.001006437837732589,0.001006437837734712,81,44
908,3,11,435901893503363457366335698115/435467322512891073043814344284,7188467783489926467292629817073/7181301263657765912844109409736,0.000997444065073881,0.000997444065079680,99,52
908,3,16,1096914246204576380335199137820/1095810482010174999533987627817,941996582737766102562157797587/941048703627914145730487758911,0.001006751347695663,0.001006751347697524,144,61
909,3,9,1550065519923859375000000000/1548521863873424067729375159,2448191003706906747137340450336/2445752935891744496309020667125,0.000996361236227014,0.000996361236233780,81,44
909,3,11,889262838398493000000000000000/888378682541934825286547724773,550721369063863205710190652719/550173810453781796391877098445,0.000994751662864760,0.000994751662866758,99,52
909,3,16,377942508344852100000000000000/377565421448957119831359919877,873692574348685439639309945878/872820859700150383946490353799,0.000998234200694418,0.000998234200696390,144,61
910,3,9,196201296525282498946244203078/196005916965111992418829869315,2696364438977319080421145150373/2693679367535497187459405694912,0.000996307918935902,0.000996307918939085,81,44
910,3,11,9790585865339963579196210932815/9780834297086544432181522177053,1009893008163516687238124688329/1008887139798412751229126118680,0.000996511135059130,0.000996511135061348,99,53
910,3,16,1236195023401214122224547017955/1234960335732767433874722426429,131992929498733101496423762565/131861097514871672418920759328,0.000999279763310280,0.000999279763312544,144,61
911,3,9,657326529235311696050926226765/656666037092589934766061056787,494423187668775312024291274627/493926383392496326131904239368,0.001005321057783305,0.001005321057786552,81,44
911,3,11,65255816438256409601225982785/65190160170267667966967966847,4444894379429707075570795962793/4440422208326994793177350665688,0.001006643136722734,0.001006643136728185,99,53
911,3,16,9773219543233532774944440255550/9763448835664589203678431839913,4487737254895210994348797644469/4483250671106732199906071051028,0.001000243050050287,0.001000243050052137,144,61
912,3,9,1779602964727981502385127871206/1777830815151353936242464212835,673268634117888650407923380615/672598185288256379630267478522,0.000996307919063123,0.000996307919065930,81,44
912,3,11,9779536295146640577427907103430/9769696745343296150921194752579,786313754717315133393349847113/785522615636983442951737794492,0.001006643136726424,0.001006643136728629,99,53
912,3,16,1970398841520453658182982627775/1968411686226715157813202281454,493617294086967564322955682303/493119479026200027070881413452,0.001009012974010619,0.001009012974012676,144,61
913,3,9,1317971025154509195153582658570/1316645236519592242560976463121,8899618290632654941387610882813/8890665883819715940621358685112,0.001006437837732020,0.001006437837734549,81,44
913,3,11,8888974150564823741214541750090/8880030627966672195689479456101,329251435513311302265246749149/328920163579777058791026421728,0.001006643136726003,0.001006643136728187,99,53
913,3,16,9872228216663610033163016044910/9862294499833115877935111793531,8899719599096219466724525183933/8890764448098072151880042238216,0.001006735031011229,0.001006735031013195,144,61
914,3,9,494377933966277555867767913320/493880618011325928830766192897,4449808580682653531126194251125/4445332327493306986492609965936,0.001006449164412922,0.001006449164415183,81,44
914,3,11,3259920071413600401855825682145/3256640146378003279803964682598,8889667658448098416162460855459/8880723438076922586203690668008,0.001006643137774701,0.001006643137776792,99,53
914,3,16,4936114066963902232780159586635/4931139114338395832145911722761,1792129852089029831600614833079/1790323621318837673616471993216,0.001008376486474972,0.001008376486478350,144,61
915,3,9,988975747123117854494447230825/987980905217855902843883307924,1112452286344869396177493249300/1111333235493236134698741751911,0.001006437837732349,0.001006437837734554,81,44
915,3,11,1755746506282938845708731307440/1753979985389981530787772813651,22472722072248806269561189930/22450111443140174080312626033,0.001006643136621019,0.001006643136623297,99,53
915,3,16,822830909051486329297283459705/822002565723461085582569889486,1103899696488337393290306495851/1102788401399226954406516960746,0.001007206395973513,0.001007206395975706,144,61
916,3,9,494239135989407731644920222005/493741965249741124155188363166,2022270821709541696676746791137/2020236555689256975545868419448,0.001006437837746302,0.001006437837748907,81,44
916,3,11,1086627575459811027238721458885/1085534279640487378154449690299,672842942474301413423927706637/672165970535908002779874205398,0.001006643136724870,0.001006643136727861,99,53
916,3,16,1096914246204576380335199137820/1095810482010174999533987627817,7550569824863637907605078529961/7542972103666321486900532701152,0.001006751347695663,0.001006751347697463,144,61
917,3,9,2962947427763397963740443458325/2959966905467677661607163190073,734113130838392876888787134333/733374663279519763772706291714,0.001006437837732335,0.001006437837734610,81,44
917,3,11,365886492366228482935589047820/365521726733787373470594656769,597188187188361164713807498913/596592828432759153574814237664,0.000997433862942574,0.000997433862945416,99,53
917,3,16,1970398970439227924552174899615/1968411847174804945927761754266,111506078019639278524523121302/111393625503634930105998305823,0.001008996636306219,0.001008996636310229,144,61
918,3,9,4399858390569836480827172640185/4395432434203472787652001764284,597525823960683739092876137383/596924753882996721242097683472,0.001006437837732711,0.001006437837735068,81,44
918,3,11,981038429595517677391774171640/980051370884791777320420376863,808013966030269284814656989575/807200993572207795646083073808,0.001006643136724827,0.001006643136728228,99,53
918,3,16,4355707879749040364504099295730/4351387618755444660503598370143,5247944360815086185634019743203/5242739124388635878725074070584,0.000992354189494124,0.000992354189496594,144,61
919,3,9,446408997624292500000000000000/445964439408662687643345804881,1632089220813115870147990427752/1630463898125584052506666296105,0.000996350258664154,0.000996350258669335,81,44
919,3,11,222519929694465600000000000000/222298488637705961399318151527,67712957203030233844194656162/67645572547552502128072387581,0.000995647059233924,0.000995647059236014,99,53
919,3,16,1123209541044057375000000000000/1122090840499202469870864993479,889401466160779446045333157912/888515635095040703908296035835,0.000996481937669510,0.000996481937671681,144,61
920,3,9,981017179367083776630290861450/980029237644398039507283879999,1022304604399641160125282811742/1021275083823216282459010184697,0.001007565958352253,0.001007565958356810,81,44
920,3,11,9779648303107831599632773431580/9769808640598932490808395048659,374164151365492210820153648221/373787691102478083596843195124,0.001006643137774632,0.001006643137776973,99,53
920,3,16,4895211213523652009131093434755/4890274372985612806639452633408,493617294086967564322955682303/493119479026200027070881413452,0.001009012974010833,0.001009012974012676,144,61
921,3,9,1971960039636185977335486619810/1969998560759610599927740441119,101113680436657210169802686971/101013104185453592392603755681,0.000995179928202724,0.000995179928205983,81,44
921,3,11,69915376011624410033416460510/69845739263649809710326144927,634267196049481809710326144927/633635456546675741929474780620,0.000996511134017270,0.000996511134022433,99,53
921,3,16,5923224242911732479387722740265/5917264126202388200783295222108,4045318233137054905258384296319/4041247718868607413913411573236,0.001006735031011119,0.001006735031013253,144,61
922,3,9,489518097273576213747096063983/489026773377055451308642805826,336663351560844041654576377199/336325446280883304558694797795,0.001004192965585339,0.001004192965588146,81,44
922,3,11,984353739822378947542440776555/983363345456555598415607459727,4444894884982109440202596726967/4440422713370742023428695984768,0.001006643136725129,0.001006643136728261,99,53
922,3,16,1962685951511642621455834779755/1960706574699038213527135248489,493617294086967564322955682303/493119479026200027070881413452,0.001009012974009487,0.001009012974012676,144,61
923,3,9,8888067578961838891623717714920/8879216736663016792146364148109,3593881381058663760543635670595/3590302551682997725510206114576,0.000996307918951058,0.000996307918953263,81,44
923,3,11,9779536295146640577427907103430/9769696745343296150921194752579,539072034925391626428647943337/538529654798648635157809677864,0.001006643136726424,0.001006643136728457,99,53
923,3,16,1317261343042470094755986991830/1315936091497715291196349698069,4415648702638628932446431280551/4411206269635349400277812358248,0.001006572191864719,0.001006572191866407,144,61
924,3,9,2472444936205991533440612965875/2469957825841409195226255176586,1112452286344869396177493249300/1111333235493236134698741751911,0.001006437837732363,0.001006437837734554,81,44
924,3,11,4940535070827357672686161124525/4935564217464027323336751715578,3589162802060964113875867311377/3585551613853523484385587812256,0.001006643136725706,0.001006643136728738,99,53
924,3,16,2766258934382133806445974394040/2763492897579083542267575551379,2991345172438249723671888247799/2988354067471623255809514185112,0.001000419952938809,0.001000419952940540,144,61
925,3,9,4449401473937725656532101474625/4444925680620766374699934366533,4044541643419020463493985692333/4040473111378507651793845277592,0.001006437837732558,0.001006437837734907,81,44
925,3,11,438962136566173890421888209155/438520480676347382972174624193,1346706913104613829689803664471/1345351941933986783127827154912,0.001006643136726021,0.001006643136728208,99,53
925,3,16,790117558288192825985679441844/789320734393510432638338567517,418622258306545353000448353859/418200082878640661498901124360,0.001008996636306230,0.001008996636308554,144,61
926,3,9,1317971029300485193732661833060/1316645240661397673905646447901,734113130838392876888787134333/733374663279519688781064725508,0.001006437837732020,0.001006437837734712,81,44
926,3,11,98692360960988462217390172322/98593971940828075312471476609,2993343847123854036680064698593/2990359703617156354773799155408,0.000997423662046009,0.000997423662048580,99,53
926,3,16,2961564467416077649497449010290/2958608375963385902863443182043,1121904764493830454863314716646/1120784933025851131778796190359,0.000998650470711867,0.000998650470714154,144,61
927,3,9,493831966877024264175054655855/493335205721620824055586950719,8098208305632862741337796887299/8090062062407548929432418086576,0.001006437837731661,0.001006437837734525,81,44
927,3,11,9878946317522463469971347075345/9869006747654113306773358469448,52293414697981495446284033567/52240800377350526419040911020,0.001006643136621238,0.001006643136623296,99,53
927,3,16,822830909051486329297283459705/822002565723461085582569889486,892047067247029269617364984193/891149044058652266495225910540,0.001007206395973513,0.001007206395977607,144,61
928,3,9,985996401145685118876649771835/985004545101705546878770237764,4449808580682653531126194251125/4445332327493306986492609965936,0.001006449164412823,0.001006449164415183,81,44
928,3,11,98103842846397698957737206515/98005136975439210441348350238,2222693628638373311781850810597/2220457295135786298071456327274,0.001006643136722245,0.001006643136728198,99,53
928,3,16,309053749997577321717079516025/308742264536723915082124296303,291502065266075761023470871933/291208269590921921443963788616,0.001008376486475096,0.001008376486477772,144,61
929,3,9,446408997624292500000000000000/445964439408662687643345804881,1632089220813115870147990427752/1630463898125584052506666296105,0.000996350258664154,0.000996350258669335,81,44
929,3,11,1847221040591437500000000000/1845382775676113231849574953,488550070437310896333318692623/488063889068578487839794830787,0.000995647060258075,0.000995647060260228,99,53
929,3,16,656162820368837500000000000/655509187030519129573770553,7295027874412171070174620483/7287760968585340506999798338,0.000996641521257306,0.000996641521259458,144,61
930,3,9,9889768358988713456177962018505/9879808783361437386966988414827,111469060854295485269078555218/111356804985261107420017161405,0.001007565958354452,0.001007565958360970,81,44
930,3,11,439488337191623940681435973049/439046151871607015981603220117,2219934572079357795155805656989/2217701014562345327583384415878,0.001006643137774604,0.001006643137776776,99,53
930,3,16,9774615971767763969531689387300/9764820256409614371324838448331,8089033203975176122327675481891/8080926709866579755009734753800,0.001002661086473246,0.001002661086475344,144,61
931,3,9,8898802947903014407588813037795/8889851361381648568769825148708,199171915203436069427272368905/198971561892770149283133783016,0.001006437825068629,0.001006437825072199,81,44
931,3,11,137207587743348455231985924215/137069538161829245494226827281,889759697131600302853521196409/888864477298190207342681611464,0.001006643136726043,0.001006643136730351,99,53
931,3,16,3258233843521274612095686184195/3254955845987143872338556878109,2871897712108934041432637951281/2869008394131556700269234596528,0.001006572191864722,0.001006572191866487,144,61
932,3,9,9790476230418223246251216029135/9780737791537970717087125126062,1011149277705100815836621109326/1010143502785881940150551116835,0.000995179928343682,0.000995179928345765,81,44
932,3,11,9791802239197534476543281257450/9782049459427921961743264280343,894776014883635389046555447883/893884804746507460763770199904,0.000996511134021506,0.000996511134025296,99,53
932,3,16,196268283797300297125155232292/196070665475096061546059621451,4038007948428791225045359822421/4033942164898309486240854820164,0.001007385778460572,0.001007385778464506,144,61
933,3,9,3953822711049799807241092952500/3949858714461661341751812795567,8088905704801473116263753306933/8080795984928073810677015475960,0.001003076087482962,0.001003076087485820,81,44
933,3,11,987663794494465571826742109045/986670069761350366375756565043,1481629778019307974727500113315/1480139056010515026342130658376,0.001006643136726075,0.001006643136728182,99,53
933,3,16,21720119475188772713773116773/21699603930235444034396231457,5391212387256761080441738674881/5386120165724078728673213540832,0.000944987432944648,0.000944987432947052,144,61
934,3,9,391583914452307970770274244716/391193970586653215153968736265,102147650154298860156419730109/102045930323379537169262869488,0.000996307906402235,0.000996307906404701,81,44
934,3,11,9779536295146640577427907103430/9769696745343296150921194752579,3589116537188410823118843666527/3585505395529753711461085858560,0.001006643136726424,0.001006643136728730,99,53
934,3,16,9715314074124775786675231696750/9705616872442771584110514863319,1194751359624177751647171412307/1193558835655755128976624822936,0.000998634155548783,0.000998634155550772,144,61
935,3,9,5935855520125958520081420698135/5929884455787747476146165477572,2247467227588591940161761150863/2245206429398931988965229061676,0.001006437837732467,0.001006437837734832,81,44
935,3,11,329227760830415433855479958340/328899541628826537200217007407,179558974536478661834491322257/179379965624496346673255190528,0.000997433862943643,0.000997433862946056,99,53
935,3,16,822830909051486329297283459705/822002565723461085582569889486,3729709779527666376701459146745/3725955083177099276046806014092,0.001007206395973513,0.001007206395975856,144,61
936,3,9,2308962609076959841690014523945/2306639950742945835504393954318,8098208305632862741337796887299/8090062062407548929432418086576,0.001006437837732572,0.001006437837734525,81,44
936,3,11,1942996316677430172821270200870/1941041396888938226134075352247,505008090347326427623876468016/504499983203377290755675693565,0.001006643136726163,0.001006643136728351,99,53
936,3,16,309053749997577321717079516025/308742264536723915082124296303,2692133563852700507164050293617/2689420247920360960194771251280,0.001008376486475096,0.001008376486477656,144,61
937,3,9,254254684810099260595397914795/253998922004375334244803484632,124859430711192665795274907633/124733830672225038852442697024,0.001006437825068548,0.001006437825070547,81,44
937,3,11,9878835419570891230689342106360/9868895961280010470590497694963,223946473405873388956818594859/223721152653246291924240962484,0.001006643136724910,0.001006643136729174,99,53
937,3,16,150381177466358817006321550618/150230715482406359748802311873,298519670009907556890131061955/298220989932018860271812959944,0.001001038216027258,0.001001038216029989,144,61
938,3,9,2224700705939963831586677253430/2222462809312697402158385256021,734113130838392876888787134333/733374663279519763772706291714,0.001006437837732440,0.001006437837734610,81,44
938,3,11,981038429597683561030414146305/980051370885931244219503422876,185224681605460588172997405113/185038320266194374173985899811,0.001006643137769912,0.001006643137776682,99,53
938,3,16,9872228133927804465560319173270/9862278228676790674311893746959,898544683428165676606170881903/897639068774346368217730094328,0.001008376486475073,0.001008376486477312,144,61
939,3,9,1113805054474344000000000000000/1112695867179957836332861504777,490602162750992323577988961498/490113594591476672025092676035,0.000996350260049143,0.000996350260052783,81,44
939,3,11,2247512220123165000000000000000/2245275604790237659891416383179,4449958627787872378066391490728/4445530244436399747858227419395,0.000995647070306932,0.000995647070309140,99,53
939,3,16,6319541631778500000000000000/6313247459223543396648642763,1234384192918283692319432415143/1233154764019471632279693805665,0.000996481937669658,0.000996481937671698,144,61
940,3,9,245254263774449765121503790505/245007278375065119643488232464,1498313149631341900784091729823/1496804260587084280121038949184,0.001007565958351527,0.001007565958356357,81,44
940,3,11,8900009396440761070909033807595/8891054770868996951742760002546,1481611276581170907789679214759/1480120573185955883667095223048,0.001006643137669528,0.001006643137671960,99,53
940,3,16,2763160029731572514139042897185/2760377863206785570415660900942,2221314215501359795657162324603/2219077621896604193265883507836,0.001007385778462184,0.001007385778464253,144,61
941,3,9,8799507102001136887783864325395/8790655400191271195544368605806,4044541643419020463493985692333/4040473111378507651793845277592,0.001006437837732589,0.001006437837734907,81,44
941,3,11,8888953961575758404878990005550/8880010459290486757853593833123,111219962141464646574075909716/111108059662288399287940611603,0.001006643136726201,0.001006643136730087,99,53
941,3,16,5923233793072354013668640646455/5917264050372238178989145265276,4414851829299522541093914946741/4410402312295663853718577145616,0.001008360169458967,0.001008360169460957,144,61
942,3,9,1481529224114450091952747672295/1480038907127096348379177245631,1112452286344869396177493249300/1111333235493236134698741751911,0.001006437837731777,0.001006437837734554,81,44
942,3,11,1086750549467081236698283376200/1085657129919102746756130904701,223694960114284703332360193329/223469892418396336038050993397,0.001006643136725031,0.001006643136728102,99,53
942,3,16,196268283797300297125155232292/196070665475096061546059621451,2221314215501359795657162324603/2219077621896604193265883507836,0.001007385778460572,0.001007385778464253,144,61
943,3,9,9692290545502040705346966033890/9682649771651320752750935912697,3594108799974840898231569553135/3590533794668008589347843653696,0.000995179803248840,0.000995179803251441,81,44
943,3,11,4444487207085391512793143930005/4440060432130109736851002526679,2695906063931747180931566317169/2693220901642021242150919906776,0.000996511134021221,0.000996511134023705,99,53
943,3,16,526902796555106953297999026521/526380222045155398759432761858,2871581801546967288586551294811/2868733808591637926825695073304,0.000992277561872969,0.000992277561875005,144,61
944,3,9,8502338057680769244677144614850/8493823518425597677433514657741,345782783437839206473754182997/345436504442182052483089125600,0.001001936811360703,0.001001936811363198,81,44
944,3,11,123459360282497643736140642725/123336279128714223672713631177,13306213850855307044589054703/13292948399377926308377486851,0.000997433862942216,0.000997433862944498,99,53
944,3,16,309053749997577321717079516025/308742264536723915082124296303,1792129852089029831600614833079/1790323621318837673616471993216,0.001008376486475096,0.001008376486478350,144,61
945,3,9,1631599807297627921943392957595/1629974877069258766643947201818,561823413622518929718466115131/561263886804901070948448541626,0.000996408495931476,0.000996408495934071,81,44
945,3,11,4642359209760033689923209853010/4637688362056128262471015871259,488749588180316502505200249189/488257839311133145924205224640,0.001006643136726357,0.001006643136728865,99,53
945,3,16,1942689847428613581287782482110/1940733826426037900008938350997,3591124750136297163894591528527/3587508982316513761627612019184,0.001007369441123695,0.001007369441126044,144,61
946,3,9,6926809944200121455769774123530/6919842047542980121601064918603,2022270818882966147060502804055/2020236552865524703677610343688,0.001006437837746602,0.001006437837748939,81,44
946,3,11,328976928610207162179723780110/328645932868127330338981717377,7090176545443242068743588796879/7083042859026213504152605634160,0.001006643136725583,0.001006643136728333,99,53
946,3,16,309053749997577321717079516025/308742264536723915082124296303,2692133563852700507164050293617/2689420247920360510244921854044,0.001008376486475096,0.001008376486477824,144,61
947,3,9,2962958473528256259370493675960/2959977906594528666112188749637,1123734876258215840331962849458/1122604463178051399289312959825,0.001006449164412737,0.001006449164415354,81,44
947,3,11,1646491052920201242543088076650/1644834457941970415536005999111,1791570764839287386319327037573/1789768199846952907778141835192,0.001006643136726220,0.001006643136728924,99,53
947,3,16,822830909051486329297283459705/822002565723461085582569889486,892047067247029269617364984193/891149044058652266495225910540,0.001007206395973513,0.001007206395977607,144,61
948,3,9,657327255879758395559816034595/656666029655028789736199108346,4044592097012988033905555119799/4040523514219613831656533533304,0.001006437837731319,0.001006437837734772,81,44
948,3,11,3292944768746176676487720602035/3289631616355933457055823066308,297257267821478549189401396177/296958186392372246763243794904,0.001006643136726266,0.001006643136731205,99,53
948,3,16,274228561551144095083799784455/273952620502543777382939398581,5391273928466918616508830614083/5385848987415188099220981952968,0.001006751347695562,0.001006751347697659,144,61
949,3,9,446408997624292500000000000000/445964439408662687643345804881,1632089220813115870147990427752/1630463898125584052506666296105,0.000996350258664154,0.000996350258669335,81,44
949,3,11,311469917377932000000000000000/311159957633023886602410585299,4940022938769446263016637937854/4935106867699613962238388440975,0.000995646958020602,0.000995646958022882,99,53
949,3,16,1123202827446445125000000000000/1122089152095387251440758121949,985928540055693758593664581084/984950974574076373360445793895,0.000992009460270005,0.000992009460271987,144,61
950,3,9,2966267239272526036358926235920/2963280034534470193822578272847,1498313149631341900784091729823/1496804260587084280121038949184,0.001007565958354443,0.001007565958356357,81,44
950,3,11,9790693513919859806634548078750/9780842738419636088940747090651,4444889335079527263433585642139/4440417169047463896538091880492,0.001006643137774843,0.001006643137776878,99,53
950,3,16,971344922998985642946469909754/970366896645205381624484445465,495640350372160511821175010271/495141300741916768904813641608,0.001007385778462258,0.001007385778464183,144,61
951,3,9,1971981767625370015921786896575/1969998088951192990875207691896,7998822555086359247251126535435/7990776287123045148245795972544,0.001006437837732434,0.001006437837734499,81,44
951,3,11,4939417147980785201095268954620/4934447419395416290342851237903,222439924308577705887581819671/222216119349965893752894360360,0.001006643137774832,0.001006643137780919,99,53
951,3,16,1184644696253928474500557941556/1183462452804484734353169563601,2396658588025178321812023358343/2394266787407481525160373887632,0.000998471330263176,0.000998471330265127,144,61
952,3,9,494377933966277555867767913320/493880618011325928830766192897,224446093837550098312401618367/224220313891028564984378368530,0.001006449164412922,0.001006449164416067,81,44
952,3,11,1968695144000349965870192325790/1966714367680253702769681266109,3989969663009114852750246765627/3985955208333132867664489501668,0.001006643136620081,0.001006643136623180,99,53
952,3,16,981138135595658294168298089905/980188257129296034910725264753,597442005804326669754477182393/596863598671193683768003148016,0.000968608329700169,0.000968608329706184,144,61
953,3,9,3953924199849754276249680179110/3949946822754577168756525672929,2022270818882966147060502804055/2020236552865524703677610343688,0.001006437837745990,0.001006437837748939,81,44
953,3,11,3259842022896218360074110063430/3256562176391509027891346581551,2650304970511380605782264912807/2647638401569415987894673870852,0.001006643136726185,0.001006643136728578,99,53
953,3,16,9774685496291482144090968096220/9764849929720666958239287457143,385090999070000712494128379339/384703509553471481403443273856,0.001006735031010993,0.001006735031013268,144,61
954,3,9,2422818648823707279042166532840/2420381459107264273948378281753,7287664191636351276208189724897/7280333300307193217321763467016,0.001006437837732364,0.001006437837734526,81,44
954,3,11,164612418706782873544241863030/164449204530358404304894414671,4444881215848898020471013643893/4440474090112879242069260551704,0.000991997718866284,0.000991997718868461,99,53
954,3,16,1314348393388369334252261397425/1313023703378817220777678126176,2220918123931783249612836423679/2218679731078250603785898396022,0.001008376486474841,0.001008376486477237,144,61
955,3,9,1769779526236466077543434988996/1768028904731138826322447619157,5395453805571235441515811068379/5390116758033376250827874453976,0.000989664467351362,0.000989664467353583,81,44
955,3,11,4444492802171473091944421984975/4440066021643448728124004841758,246938638881458422757927672213/246692684346964504879804172894,0.000996511134010894,0.000996511134013059,99,53
955,3,16,9873912099771811892990114155180/9864034470052306717336897385007,598520367988867351787418656153/597921622272392102372007012444,0.001000877219840783,0.001000877219843409,144,61
956,3,9,593200988242592590288260304895/592610271717124908606995960886,674031498996678617220640611673/673360290497307201709805669706,0.000996307918936948,0.000996307918939102,81,44
956,3,11,740189089489593712072650687940/739444358125026022854606508827,2363027077718884984133384761279/2360649549591150093608110881936,0.001006643136726256,0.001006643136728548,99,53
956,3,16,274228561551144095083799784455/273952620502543777382939398581,5294141758647008523392245747829/5288814556330591407665290658256,0.001006751347695562,0.001006751347697772,144,61
957,3,9,493824571296225430649374521785/493327817580269594832874775946,4044592097012988033905555119799/4040523514219613831656533533304,0.001006437837732563,0.001006437837734772,81,44
957,3,11,1970920999681169189117321646860/1968937983845907491080356047217,336672867491818144492463928019/336334128583637957703147414378,0.001006643136724973,0.001006643136728237,99,53
957,3,16,1970398970439227924552174899615/1968411847174804945927761754266,223012156039278557049046242604/222787251007269747724534262337,0.001008996636306219,0.001008996636310734,144,61
958,3,9,8898913968354967492662829466110/8889962270042048080716857112201,8899618290632654941387610882813/8890665883819715940621358685112,0.001006437837732324,0.001006437837734549,81,44
958,3,11,543313857166784999847659190065/542767209187260075841166378571,297257267821478549189401396177/296958186392372546729810059728,0.001006643136725074,0.001006643136730195,99,53
958,3,16,274228561551144095083799784455/273952620502543777382939398581,5391273928466918616508830614083/5385848987415188099220981952968,0.001006751347695562,0.001006751347697659,144,61
959,3,9,446408997624292500000000000000/445964439408662687643345804881,257698620131349966246774548816/257441989912545867506857520015,0.000996350258664154,0.000996350258669226,81,44
959,3,11,2247514487486626500000000000000/2245277869922442571557910434643,8606302057308649813787726127/8597737482329819162645277340,0.000995647059121795,0.000995647059123791,99,53
959,3,16,4420502508666267000000000000000/4416135235290512091738106983017,4153510040158142677384925827112/4149406544282099354782871569195,0.000988446931485992,0.000988446931488056,144,61
960,3,9,593253447846179906600519810321/592656006898577085377794066998,111469060854295485269078555218/111356804985261107420017161405,0.001007565958354505,0.001007565958360970,81,44
960,3,11,4450004692008848782126710657865/4445527379228749887760155921993,185224681605460588172997405113/185038320266194374173985899811,0.001006643137774461,0.001006643137776682,99,53
960,3,16,4895211213523652009131093434755/4890274372985612806639452633408,493617294086967564322955682303/493119479026200027070881413452,0.001009012974010833,0.001009012974012676,144,61
961,3,9,219121420898994595013762969680/218900999748642804940101720111,444379030831115388843258378943/443932015944271567192877719048,0.001006437837732519,0.001006437837734714,81,44
961,3,11,8778732544966875402504690341980/8769899940487534719631459199079,37073320761393525986013532447/37036019934953506985036651448,0.001006643136725782,0.001006643136732049,99,53
961,3,16,8884612898173567596860049607445/8875672947967592407740483636504,3767986340054794555997670107987/3764194885025406396906929440776,0.001006735031011043,0.001006735031012914,144,61
962,3,9,254254684810099260595397914795/253998922004375334244803484632,124859430711192665795274907633/124733830672225038852442697024,0.001006437825068548,0.001006437825070547,81,44
962,3,11,1234852883895365141136206710645/1233610453162026682746416499843,1789559681027416524074137961987/1787759139460193590974499658016,0.001006643136726190,0.001006643136729312,99,53
962,3,16,369817744749892289189117744800/369447128720328994454244777939,447776575540913926724321817077/447327832399420780671772658040,0.001002661086473181,0.001002661086476536,144,61
963,3,9,4399858390569836480827172640185/4395432434203472787652001764284,3594179066551125928215529787185/3590563568435188929432418086576,0.001006437837732711,0.001006437837735356,81,44
963,3,11,1479334751214792664483260848545/1477859963346271023354289448073,8080230644901804427526883372641/8072175249650521453434955317864,0.000997423662044579,0.000997423662047556,99,53
963,3,16,9614440477646965913315180074000/9604767718203859609422588305829,8973934662187625983438169647331/8964906293719645853800266656352,0.001006572191864576,0.001006572191866495,144,61
964,3,9,8908752500539983024259619425175/8899790905337138129626531264071,2697870145849999205987571806153/2695156273155080584444219935984,0.001006437837732815,0.001006437837735134,81,44
964,3,11,8887857305732546853390240814820/8878914906833839256843597388099,498996758756015740948270977127/498494699833097150993743708432,0.001006643136620660,0.001006643136623312,99,53
964,3,16,1971519419936710882647286311535/1969535588883534578440261761174,7550569824863637907605078529961/7542972103666321486900532701152,0.001006751347695198,0.001006751347697463,144,61
965,3,9,5836548549793755336224089339270/5830677381543880266721210780917,124859430711192665795274907633/124733830672225038852442697024,0.001006437825068470,0.001006437825070547,81,44
965,3,11,493831330433560972244259328715/493334468637295330936802474118,1483470835664614912538221179155/1481978261300265345205911622488,0.001006643136726162,0.001006643136728569,99,53
965,3,16,790117558288192825985679441844/789320734393510432638338567517,4414801320406336487240966602297/4410349047266115611316804400188,0.001008996636306230,0.001008996636308605,144,61
966,3,9,3953746864822523055768546887225/3949839891942494356658110950342,1012274144529598343330985896444/1011273845885031571831988993277,0.000988658268329172,0.000988658268331849,81,44
966,3,11,1480430653306683139115415390995/1478956122492741562964630469498,4040582113876897028641016669461/4036557634364882388077447706252,0.000996511134010128,0.000996511134013228,99,53
966,3,16,274228561551144095083799784455/273952620502543777382939398581,7550569824863637907605078529961/7542972103666321486900532701152,0.001006751347695562,0.001006751347697463,144,61
967,3,9,592530424210235393596365268805/591940375440323530602148859646,499392989250197415165368926187/498895687834150689733690579756,0.000996307918936041,0.000996307918938849,81,44
967,3,11,328482908439138909208539832355/328152409748854998998838772329,2363027077718884984133384761279/2360649549591150093608110881936,0.001006643136725051,0.001006643136728548,99,53
967,3,16,8900663875094477449380082768595/8891775659131421458064953714137,895560682161224905240370947475/894666373954241468401787338332,0.000999100397144646,0.000999100397148072,144,61
968,3,9,131465450352524257195484510033/131333205110069785145692966830,124859430711192665795274907633/124733830672225038852442697024,0.001006437825067823,0.001006437825070547,81,44
968,3,11,32928146141325420409261666690/32895015926956255182513959811,891771793199281004721478218359/890874548922291724683349819272,0.001006643136726005,0.001006643136729545,99,53
968,3,16,8711437639541839933962216130000/8702712936222372737541048634083,4494917870696479459402514754943/4490416108015050161185668900000,0.001002024647887824,0.001002024647890126,144,61
969,3,9,1113805054474344000000000000000/1112695867179957836332861504777,490602162750992323577988961498/490113594591476672025092676035,0.000996350260049143,0.000996350260052783,81,44
969,3,11,2227659601717071000000000000000/2225442742773303714967317415729,1100335554398049119085728528421/1099240553746675809567216751250,0.000995647059243333,0.000995647059245683,99,53
969,3,16,4455269703185760000000000000000/4450831608373308300036298084331,1234403947584792462970808785049/1233174302216221373085676726555,0.000996641521257515,0.000996641521259609,144,61
970,3,9,2966267239272526036358926235920/2963280034534470193822578272847,511152302199820580062641405871/510637541911608197473236267003,0.001007565958354443,0.001007565958356700,81,44
970,3,11,4889880163470427641451228968845/4884960275860337610047953242012,374164151365492210820153648221/373787691102478158588484761330,0.001006643137774398,0.001006643137776772,99,53
970,3,16,4895211213523652009131093434755/4890274372985612806639452633408,493617294086967564322955682303/493119479026200027070881413452,0.001009012974010833,0.001009012974012676,144,61
971,3,9,394398557970662734716178322149/394001815555574012450477700450,4449808580682653531126194251125/4445332327493306986492609965936,0.001006449164411017,0.001006449164415183,81,44
971,3,11,731561044388309282934615643940/730824994016062602268401927117,1346690111897599664383570954105/1345335157631282192597788563084,0.001006643136726030,0.001006643136728523,99,53
971,3,16,9614440477646965913315180074000/9604767718203859609422588305829,448688124126348646278906029987/448236714364152660260220409212,0.001006572191864576,0.001006572191866732,144,61
972,3,9,4399858390569836480827172640185/4395432434203472787652001764284,7197412558780138989017320811711/7190172454415822163726293050416,0.001006437837732711,0.001006437837734663,81,44
972,3,11,365886492366228482935589047820/365521726733787373470594656769,374171759516535588693373172885/373798733998104253943600970924,0.000997433862942574,0.000997433862944645,99,53
972,3,16,196268283797300297125155232292/196070665475096061546059621451,4038007948428791225045359822421/4033942164898309486240854820164,0.001007385778460572,0.001007385778464506,144,61
973,3,9,1317971029300485193732661833060/1316645240661397673905646447901,8899618290632654941387610882813/8890665883819715940621358685112,0.001006437837732020,0.001006437837734549,81,44
973,3,11,591713075484393347688535130252/591117731277898978290306346353,4040069830151400363952863139253/4036004967861091622362794845652,0.001006643136726109,0.001006643136728535,99,53
973,3,16,2403565978693009309507402985485/2401143540046009658687332586403,539126815908337098517593888259/538583455898222924451703602528,0.001008360169459209,0.001008360169461138,144,61
974,3,9,4449401473937725656532101474625/4444925680620766374699934366533,734113130838392876888787134333/733374663279519763772706291714,0.001006437837732558,0.001006437837734610,81,44
974,3,11,9779637079337878156089592243025/9769797428131867990024296530262,748495136596336989337080606637/747742048213427550611704941096,0.001006643136726225,0.001006643136728531,99,53
974,3,16,2766258934382133806445974394040/2763492897579083542267575551379,2991345172438249723671888247799/2988354067471623255809514185112,0.001000419952938809,0.001000419952940540,144,61
975,3,9,989325902700869044949713899155/988330708563064306961528950974,4494944567333650748391721910291/4490422960782193232935105258416,0.001006437837732405,0.001006437837734920,81,44
975,3,11,1975324058555608853749721044945/1973336612639408579291581519272,561121101662180699031328543609/560556537160895379602523355014,0.001006643137774143,0.001006643137776889,99,53
975,3,16,1780075285996421035064275581880/1778297729262148277826743159343,634755718137926721735607916713/634121860508267400843404444568,0.000999084061456713,0.000999084061459033,144,61
976,3,9,628536221570415533159952043870/627903957155417382022853300001,2022270818882966147060502804055/2020236552865524703677610343688,0.001006437837746676,0.001006437837748939,81,44
976,3,11,878976673368273270801740147332/878092302730273497755144668575,7979938303620742597365409377523/7971909395297449570698727273248,0.001006643136621111,0.001006643136623259,99,53
976,3,16,309053749997577321717079516025/308742264536723915082124296303,2692133563852700507164050293617/2689420247920360510244921854044,0.001008376486475096,0.001008376486477824,144,61
977,3,9,1481403275398220011241306762395/1479941246947654486097583671727,1112379176390312762346446758100/1111281345684311444474520954537,0.000987408630316487,0.000987408630318802,81,44
977,3,11,3263531500697070317850857572820/3260280975081904707047309969973,149304561800418690599667586267/149155852249893188591162524590,0.000996511134010730,0.000996511134013074,99,53
977,3,16,78816472416871830925935312488/78737115088886430737613420729,4494917367802737799260048218137/4490391605346152165710342862280,0.001007369441123508,0.001007369441125775,144,61
978,3,9,281683624128769253374778757475/281403120260695086836823732597,4044188993981159490895337196161/4040161742984421395815309466496,0.000996307919062597,0.000996307919064968,81,44
978,3,11,9779536295146640577427907103430/9769696745343296150921194752579,891771906830901239964812414263/890874662439580391399068892160,0.001006643136726424,0.001006643136732499,99,53
978,3,16,309053749997577321717079516025/308742264536723915082124296303,898544683428165676606170881903/897639068774346518201013226740,0.001008376486475096,0.001008376486477145,144,61
979,3,9,446408997624292500000000000000/445964439408662687643345804881,1632089220813115870147990427752/1630463898125584052506666296105,0.000996350258664154,0.000996350258669335,81,44
979,3,11,296690252112678000000000000000/296395000343328093508378968431,21265131882533933966447080492/21243969853215199601190337449,0.000995647059230781,0.000995647059232993,99,53
979,3,16,449283816417622950000000000000/448836336199680897858973117099,1224084005381842361936432842407/1222864835321642370544987094945,0.000996481937669711,0.000996481937671729,144,61
980,3,9,2966267239272526036358926235920/2963280034534470193822578272847,99094835416080294198808131915/98995041116377928459251035272,0.001007565958354443,0.001007565958359526,81,44
980,3,11,8888964060607431590692001572630/8880020548151846284580826221199,8889667658448098416162460855459/8880723438076922586203690668008,0.001006643137774380,0.001006643137776792,99,53
980,3,16,3851459901887822436467928688835/3847581949581299898192510663444,3767601954163103501100573676831/3763808436624187452393619137636,0.001007385778461896,0.001007385778464498,144,61
981,3,9,219111544964284285866883687345/218891133748446945168131318106,7287664191636351276208189724897/7280333300307193217321763467016,0.001006437837731843,0.001006437837734526,81,44
981,3,11,488485535441704287473081527012/487998546337183017104094130587,74154368138958324190661675227/74080440935967866817002474784,0.000997433862943307,0.000997433862947984,99,53
981,3,16,4449461563647823537674576042080/4445005398108997860172029094587,8740452291107220745633518540287/8731698669632730923324742310200,0.001002008536503878,0.001002008536506008,144,61
982,3,9,2962947427763397963740443458325/2959966905467677661607163190073,4044541643419020463493985692333/4040473111378507651793845277592,0.001006437837732335,0.001006437837734907,81,44
982,3,11,1097648254981271551907001145195/1096543870852465765487080570293,223694960114284703332360193329/223469892418396223550588644088,0.001006643136726216,0.001006643136728606,99,53
982,3,16,196268283797300297125155232292/196070665475096061546059621451,2221314215501359795657162324603/2219077621896604193265883507836,0.001007385778460572,0.001007385778464253,144,61
983,3,9,628536221570415533159952043870/627903957155417382022853300001,3594138719517281809815437213717/3590523261987648341059502906184,0.001006437837746676,0.001006437837749483,81,44
983,3,11,4444482031337317005199436367200/4440010275113139469344578194863,2222693628638373311781850810597/2220457295135786298071456327274,0.001006643136725945,0.001006643136728198,99,53
983,3,16,320539812148694055934015049410/320219922063171268755171925317,1887641778493329152971314371411/1885757962920118912263942018900,0.000998471330263347,0.000998471330264966,144,61
984,3,9,1978618510854655211618562055295/1976628156071080989524850438984,4044592097012988033905555119799/4040523514219613831656533533304,0.001006437837732439,0.001006437837734772,81,44
984,3,11,4889824096352079061317866401075/4884904265158297441733586238971,3589159648800853247137661601631/3585548463766027783720680183552,0.001006643136725002,0.001006643136727447,99,53
984,3,16,1314348393388369334252261397425/1313023703378817220777678126176,2220918123931783249612836423679/2218679731078250603785898396022,0.001008376486474841,0.001008376486477237,144,61
985,3,9,494377933966277555867767913320/493880618011325928830766192897,4494944516056549285497480079513/4490422858695087678521528835696,0.001006449164412922,0.001006449164415426,81,44
985,3,11,4449999079603075944058491087005/4445521772474484729416908579824,1098697037799588417791442604531/1097591598451957760576721677457,0.001006643136726085,0.001006643136728400,99,53
985,3,16,9790584086633808262308498643810/9780726317455527220713887792757,3591124750136297163894591528527/3587508982316513761627612019184,0.001007369441123817,0.001007369441126044,144,61
986,3,9,1317971025154509195153582658570/1316645236519592242560976463121,8899618290632654941387610882813/8890665883819715940621358685112,0.001006437837732020,0.001006437837734549,81,44
986,3,11,5928186177835314788900341665160/5922221612504214863689472604699,18561107914726552587231027161/18542432903946832300969572264,0.001006643136725672,0.001006643136728229,99,53
986,3,16,309053749997577321717079516025/308742264536723915082124296303,2692133563852700507164050293617/2689420247920360510244921854044,0.001008376486475096,0.001008376486477824,144,61
987,3,9,3263490920759379141380701671655/3260208072282195893892487161138,7998822555086359247251126535435/7990776287123045148245795972544,0.001006437837732644,0.001006437837734499,81,44
987,3,11,9779760326940855282902457937690/9769920551720674230115976785461,1791560663853400989717444171725/1789758109022161930663199896296,0.001006643137774499,0.001006643137777443,99,53
987,3,16,394082150438666366491951260211/393687919912633621806024295812,249717656928953096121582920193/249467845251003408297021272746,0.001000877219839405,0.001000877219842853,144,61
988,3,9,4404897804265289037405077971790/4400555480128814780069171577531,1792473769256153064956288899261/1790706758429084617648307602152,0.000986280739498031,0.000986280739501685,81,44
988,3,11,282713999821781385620478541/282432412499002001553280995,4039074235619789020171047950383/4035051257977227514076056272348,0.000996511133903158,0.000996511133909120,99,53
988,3,16,274228561551144095083799784455/273952620502543777382939398581,829594968370491198590461864639/828760192794266310180919600317,0.001006751347695562,0.001006751347697666,144,61
989,3,9,148786703687793000000000000000/148640009515168781838725427959,4944932090915156587733119814138/4940056704178421241984764548505,0.000986422389161282,0.000986422389164404,81,44
989,3,11,1001206748113952625000000000000/1000210396659922273123116306427,978172807660048757883567064288/977199378444711146427815187885,0.000995646049040687,0.000995646049042983,99,53
989,3,16,1111829722048242000000000000000/1110720409363391946606384542989,2227442974656159919900799994002/2225220574321314042836302258805,0.000998234200694517,0.000998234200696699,144,61
990,3,9,3263527481297447794891557000980/3260240918095780142329483619127,176366608638457355420339754683/176188997140077654910859899195,0.001007565958354256,0.001007565958358597,81,43
990,3,11,1464998044294353080733483811790/1463550865063680123991452178791,790996437594984301341559810319/790215062069955924157742267142,0.000988325203548659,0.000988325203550635,99,52
990,3,16,2763160029731572514139042897185/2760377863206785570415660900942,878632261575233865534634072334/877747585610232321554194159557,0.001007385778462184,0.001007385778463840,144,61
991,3,9,657320085924547082354110388000/656666185340982229470805906647,1423442483767177769171864699059/1422026446298158312833790589052,0.000995292952208698,0.000995292952210717,81,43
991,3,11,65268520073644702287506817217/65204045416536652542335920848,790119338817714160429581254951/789338829724089571703356058418,0.000988325202527995,0.000988325202531637,99,52
991,3,16,3954703628012673614201244380035/3950757004932568679131383030153,253988361953698989543081479229/253734892559869792399692781549,0.000998455015139169,0.000998455015141148,144,61
992,3,9,8799535954032616593945005662265/8790881151148165403229190284153,125721861975947265954269411854/125598207962900011256472662127,0.000984036197787743,0.000984036197789312,81,43
992,3,11,131266868864420648282843782850/131138406209114063128078890597,395015322789627558229790250644/394628746057117180301621222429,0.000979116487146458,0.000979116487149019,99,52
992,3,16,1962685951511642621455834779755/1960706574699038213527135248489,1757235733633257861400023986406/1755463554205996855473156909641,0.001009012974009487,0.001009012974012262,144,61
993,3,9,9793795480826059143798721357370/9784272899008495577568855377259,1760106475782592013167672702129/1758395110872419677348105857220,0.000972780601615267,0.000972780601616831,81,43
993,3,11,586721574182853029716614851414/586152783811058567203525090437,531957503611814246227607699024/531441803628086533187477943455,0.000969908520051229,0.000969908520053082,99,52
993,3,16,5930935956896235349871341423030/5925005592655143372499299447837,1775107145909894999433798551908/1773332209876402900172279153887,0.001000403841551095,0.001000403841552826,144,61
994,3,9,4124453692564997615648831181925/4120489828279770748062935897592,444478365513764319535520519420/444051193323227601022763339097,0.000961526196170769,0.000961526196173076,81,43
994,3,11,4070221382204084609762777965550/4066312992924275044909304716611,1580293019968983839516567503295/1578775559438404094940696176011,0.000960701301123898,0.000960701301125731,99,52
994,3,16,1314348393388369334252261397425/1313023703378817220777678126176,1578795695215667146505019133626/1577204477167925213119788349753,0.001008376486474841,0.001008376486476824,144,61
995,3,9,49451590680037529144794426306/49404620497846651892022309921,1760107727221961876991912522494/1758435939126039094167134394559,0.000950272828905740,0.000950272828907424,81,43
995,3,11,1234737834964405319924115914810/1233563547160291663960534227951,9519946731092539331800563442/9510892859877456446336790457,0.000951494741454302,0.000951494741456377,99,52
995,3,16,822830909051486329297283459705/822002565723461085582569889486,1579144015201721491554765812114/1577554291973538805451580026255,0.001007206395973513,0.001007206395975427,144,61
996,3,9,6926360026179984427274609786450/6919859083198677850956324845547,1777957286158233255596031161140/1776288531011684982879381480179,0.000939020740267276,0.000939020740268970,81,43
996,3,11,103221055292122237818144964205/103123837036200355230924987537,790164722031076617054575611805/789420509176929620595361477659,0.000942289019304684,0.000942289019306585,99,52
996,3,16,274228561551144095083799784455/273952620502543777382939398581,789555576284603824697970490249/788761090136202087855929760427,0.001006751347695562,0.001006751347697021,144,61
997,3,9,8799608417739027276357538925330/8791448192429274288851527977561,395492476467646588397472237329/395125720634536087341614736807,0.000927769840768620,0.000927769840770311,81,43
997,3,11,9780461430957771454684116933125/9771339694779877552959129764391,1580347389046997248582400577855/1578873479860390967678307051728,0.000933084044896814,0.000933084044898558,99,52
997,3,16,1970398970439227924552174899615/1968411847174804945927761754266,176423194568477129724297415024/176245273934345889032600415429,0.001008996636306219,0.001008996636309816,144,61
998,3,9,131512991627572034370831584596/131392512546727672897119108027,1760109603718549065728711229966/1758497166919585286899853943209,0.000916520098400934,0.000916520098404258,81,43
998,3,11,325960165408835121144602044100/325659156459962627617905228831,176372277733541212265238790276/176209406194117061648620590213,0.000923879818111700,0.000923879818116350,99,52
998,3,16,8784206331827797634681629070395/8775810443894760588170332007748,591706031765352789430208202847/591140482944623079296856088493,0.000956250632336757,0.000956250632338241,144,61
999,3,9,54655565763600199346446102441/54611501429099928987701175120,309396101805116837664790800411/309146660908611781250000000000,0.000806543783430394,0.000806543783432948,81,43
999,3,11,274771253328710361210922421149/274544902895355795306295255536,51518877992793366065843957061/51476437889549828125000000000,0.000824117199542516,0.000824117199543719,99,52
999,3,16,219699553852226218607918325319/219526835948211610180151563872,307517582122563737071221365619/307275825636031812500000000000,0.000786464187616888,0.000786464187618313,144,61
