N	num_bits	den_bits	lambda_bits	cancellation_g	g_factorization	v2_num	v3_g	u_num_mod_17	u_num_mod_19	u_num_mod_29	u_num_mod_31	u_num_mod_43	u_num_mod_59	u_num_mod_101	u_num_mod_251	u_num_mod_1009	u_lcd_mod_17	u_lcd_mod_19	u_lcd_mod_29	u_lcd_mod_31	u_lcd_mod_43	u_lcd_mod_59	u_lcd_mod_101	u_lcd_mod_251	u_lcd_mod_1009	code1	code2	code3	code4
0	179	185	187	3	3	4	1	3	12	28	3	14	36	21	218	875	9	17	26	9	42	49	63	152	607	1	14	140	1405
1	278	311	313	3	3	5	1	11	15	12	19	31	58	0	87	902	16	7	7	26	7	56	0	10	688	4	41	415	4159
2	380	438	440	3	3	6	1	7	7	10	25	33	42	39	44	648	4	2	1	13	13	8	16	132	935	1	15	159	1592
3	478	562	563	3	3	7	1	5	16	6	28	1	33	34	104	86	15	10	18	22	3	40	1	61	258	5	59	592	5926
4	574	682	684	3	3	8	1	7	18	5	18	38	52	15	228	392	4	16	15	23	28	38	45	182	167	9	92	926	9265
5	674	807	808	3	3	9	1	1	11	3	7	30	32	58	125	908	3	14	9	21	4	37	73	124	706	2	26	265	2653
6	766	924	930	87	3*29	10	1	1	17	7	24	28	0	83	186	1001	2	16	0	11	28	0	50	118	313	6	65	653	6535
7	863	1046	1052	57	3*19	11	1	5	13	3	24	32	25	18	24	630	13	0	26	4	18	9	16	113	595	5	53	535	5358
8	964	1172	1173	3	3	12	1	9	5	22	25	27	52	42	72	397	10	15	8	13	38	38	25	216	182	3	35	358	3589
9	1054	1286	1288	3	3	13	1	14	9	6	25	2	30	93	121	941	8	8	18	13	6	31	77	112	805	5	58	589	5897
10	1153	1410	1412	3	3	14	1	3	1	0	12	31	45	1	124	399	9	3	0	5	7	17	3	121	188	8	89	897	8979
11	1254	1536	1537	3	3	15	1	5	5	24	2	17	2	14	76	26	15	15	14	6	8	6	42	228	78	9	97	979	9793
12	1351	1657	1659	3	3	16	1	16	16	17	30	36	31	56	77	848	14	10	22	28	22	34	67	231	526	7	79	793	7932
13	1447	1778	1780	3	3	17	1	15	6	18	29	2	18	32	73	248	11	18	25	25	6	54	96	219	744	9	93	932	9323
14	1539	1894	1896	3	3	18	1	14	17	25	11	7	17	84	0	163	8	13	17	2	21	51	50	0	489	3	32	323	3238
15	1640	2020	2022	3	3	19	1	8	10	1	15	19	27	64	70	67	7	11	3	14	14	22	91	210	201	2	23	238	2384
16	1736	2141	2143	3	3	20	1	7	1	15	12	14	48	95	247	41	4	3	16	5	42	26	83	239	123	3	38	384	3846
17	1833	2262	2264	3	3	21	1	12	12	14	25	23	28	39	130	369	2	17	13	13	26	25	16	139	98	8	84	846	8462
18	1927	2381	2382	3	3	22	1	11	7	24	16	27	38	98	117	117	16	2	14	17	38	55	92	100	351	4	46	462	4626
19	2015	2494	2495	3	3	23	1	5	7	12	13	4	23	72	189	59	15	2	7	8	12	10	14	65	177	6	62	626	6264
20	2122	2625	2626	3	3	24	1	16	11	6	22	27	37	6	57	496	14	14	18	4	38	52	18	171	479	2	26	264	2643
21	2218	2745	2747	3	3	25	1	2	11	11	8	30	12	67	241	674	6	14	4	24	4	36	100	221	4	6	64	643	6433
22	2312	2864	2866	3	3	26	1	7	2	16	22	34	7	1	109	188	4	6	19	4	16	21	3	76	564	4	43	433	4338
23	2410	2987	2989	3	3	27	1	8	6	14	10	25	1	19	37	333	7	18	13	30	32	3	57	111	999	3	33	338	3383
24	2504	3106	3107	3	3	28	1	10	15	2	27	7	54	88	124	1004	13	7	6	19	21	44	62	121	994	3	38	383	3832
25	2602	3229	3230	3	3	29	1	3	6	27	30	37	33	38	49	675	9	18	23	28	25	40	13	147	7	8	83	832	8327
26	2696	3347	3349	3	3	30	1	9	2	28	21	34	53	60	57	429	10	6	26	1	16	41	79	171	278	3	32	327	3279
27	2795	3470	3472	3	3	31	1	7	13	9	15	13	2	27	127	199	4	1	27	14	39	6	81	130	597	2	27	279	2795
28	2891	3591	3592	3	3	32	1	3	18	15	30	33	16	38	177	517	9	16	16	28	13	48	13	29	542	7	79	795	7950
29	2985	3709	3711	3	3	33	1	4	9	12	3	42	17	52	12	598	12	8	7	9	40	51	55	36	785	9	95	950	9502
30	3083	3832	3834	3	3	34	1	1	1	14	5	32	52	11	171	629	3	3	13	15	10	38	33	11	878	5	50	502	5028
31	3179	3953	3954	3	3	35	1	6	8	15	3	40	20	5	13	202	1	5	16	9	34	1	15	39	606	0	2	28	288
32	3275	4073	4075	3	3	36	1	2	5	26	30	1	39	20	44	286	6	15	20	28	3	58	60	132	858	2	28	288	2884
33	3371	4194	4196	3	3	37	1	16	14	4	22	32	21	32	119	209	14	4	12	4	10	4	96	106	627	8	88	884	8841
34	3463	4310	4312	3	3	38	1	6	10	12	9	33	47	81	35	483	1	11	7	27	13	23	41	105	440	8	84	841	8419
35	3561	4433	4435	3	3	39	1	11	6	11	9	20	16	19	217	653	16	18	4	27	17	48	57	149	950	4	41	419	4197
36	3659	4556	4558	3	3	40	1	12	12	21	9	20	27	66	3	1004	2	17	5	27	17	22	97	9	994	1	19	197	1971
37	3755	4677	4678	3	3	41	1	9	12	5	23	17	46	93	124	787	10	17	15	7	8	20	77	121	343	9	97	971	9716
38	3852	4797	4799	3	3	42	1	6	4	24	16	2	37	40	207	108	1	12	14	17	6	52	19	119	324	7	71	716	7169
39	3943	4913	4915	3	3	43	1	15	8	6	15	33	53	67	178	747	11	5	18	14	13	41	100	32	223	1	16	169	1693
40	4039	5034	5040	87	3*29	44	1	5	15	5	24	40	52	61	186	295	10	13	0	11	40	40	55	118	440	6	69	693	6939
41	4140	5159	5161	3	3	45	1	6	1	24	20	3	28	53	210	53	1	3	14	29	9	25	58	128	159	9	93	939	9399
42	4236	5280	5281	3	3	46	1	13	13	16	15	33	32	24	150	847	5	1	19	14	13	37	72	199	523	3	39	399	3993
43	4329	5398	5400	3	3	47	1	5	0	13	17	1	31	67	81	747	15	0	10	20	3	34	100	243	223	9	99	993	9937
44	4425	5518	5520	3	3	48	1	15	9	17	26	24	52	19	57	504	11	8	22	16	29	38	57	171	503	9	93	937	9375
45	4524	5641	5643	3	3	49	1	12	6	10	20	37	56	12	152	209	2	18	1	29	25	50	36	205	627	3	37	375	3751
46	4620	5762	5764	3	3	50	1	2	6	22	1	29	24	16	49	394	6	18	8	3	1	13	48	147	173	7	75	751	7510
47	4713	5880	5882	3	3	51	1	6	4	25	16	23	3	93	104	305	1	12	17	17	26	9	77	61	915	5	51	510	5105
48	4812	6003	6005	3	3	52	1	7	18	22	30	1	23	85	105	959	4	16	8	28	3	10	53	64	859	1	10	105	1058
49	4905	6121	6123	3	3	53	1	16	18	27	30	24	7	78	17	55	14	16	23	28	29	21	32	51	165	0	5	58	582
50	5004	6244	6246	3	3	54	1	1	15	24	1	4	47	2	225	714	3	7	14	3	12	23	6	173	124	5	58	582	5820
51	5097	6362	6364	3	3	55	1	1	14	12	1	33	4	83	140	793	3	4	7	3	13	12	47	169	361	8	82	820	8209
52	5196	6485	6487	3	3	56	1	4	15	12	4	9	33	46	10	246	12	7	7	12	27	40	37	30	738	2	20	209	2097
53	5291	6606	6607	3	3	57	1	11	2	13	2	4	26	47	119	989	16	6	10	6	12	19	40	106	949	0	9	97	974
54	5385	6724	6726	3	3	58	1	3	9	1	6	27	40	72	79	397	9	8	3	18	38	2	14	237	182	9	97	974	9749
55	5483	6847	6848	3	3	59	1	5	12	4	0	16	11	38	23	365	15	17	12	0	5	33	13	69	86	7	74	749	7494
56	5579	6967	6969	3	3	60	1	1	6	10	14	11	26	4	193	173	3	18	1	11	33	19	12	77	519	4	49	494	4944
57	5675	7088	7090	3	3	61	1	13	12	3	5	5	16	13	197	540	5	17	9	15	15	48	39	89	611	9	94	944	9445
58	5771	7208	7210	3	3	62	1	0	18	13	15	34	19	42	52	269	0	16	10	14	16	57	25	156	807	4	44	445	4459
59	5855	7316	7318	3	3	63	1	13	5	11	8	25	6	63	157	774	5	15	4	24	32	18	88	220	304	4	45	459	4592
60	5961	7447	7449	3	3	64	1	6	7	19	15	23	36	21	42	673	1	2	28	14	26	49	63	126	1	5	59	592	5923
61	6059	7570	7572	3	3	65	1	7	14	13	4	29	49	54	65	135	4	4	10	12	1	29	61	195	405	9	92	923	9230
62	6155	7691	7692	3	3	66	1	14	11	18	3	2	41	63	68	555	8	14	25	9	6	5	88	204	656	2	23	230	2307
63	6251	7811	7813	3	3	67	1	15	18	10	24	41	53	96	36	276	11	16	1	10	37	41	86	108	828	3	30	307	3078
64	6338	7923	7929	57	3*19	68	1	7	15	28	14	21	56	30	189	380	8	0	1	23	36	6	94	231	471	0	7	78	781
65	6443	8052	8054	3	3	69	1	11	5	15	30	29	40	48	202	344	16	15	16	28	1	2	43	104	23	7	78	781	7816
66	6539	8173	8174	3	3	70	1	1	4	0	17	14	23	0	208	631	3	12	0	20	42	10	0	122	884	8	81	816	8164
67	6635	8293	8295	3	3	71	1	9	6	14	13	20	0	20	231	750	10	18	13	8	17	0	60	191	232	1	16	164	1640
68	6728	8411	8413	3	3	72	1	4	1	23	2	20	3	20	233	898	12	3	11	6	17	9	60	197	676	6	64	640	6406
69	6824	8532	8533	3	3	73	1	11	7	25	7	37	44	17	94	71	16	2	17	21	25	14	51	31	213	4	40	406	4062
70	6923	8655	8656	3	3	74	1	7	6	11	21	12	3	3	208	978	4	18	4	1	36	9	9	122	916	0	6	62	628
71	7019	8775	8777	3	3	75	1	5	7	5	23	5	56	71	111	773	15	2	15	7	15	50	11	82	301	6	62	628	6286
72	7110	8891	8892	3	3	76	1	15	8	9	28	42	4	3	213	534	11	5	27	22	40	12	9	137	593	2	28	286	2862
73	7210	9016	9018	3	3	77	1	1	1	16	10	8	15	30	243	837	3	3	19	30	24	45	90	227	493	8	86	862	8620
74	7299	9129	9136	87	3*29	78	1	7	1	8	27	9	37	42	69	436	14	11	0	24	9	33	18	230	599	6	62	620	6208
75	7402	9257	9259	3	3	79	1	10	16	11	22	28	15	17	55	835	13	10	4	4	41	45	51	165	487	2	20	208	2089
76	7494	9373	9377	15	3*5	80	1	16	4	24	30	10	41	56	198	350	2	3	12	16	21	25	32	209	205	0	8	89	899
77	7594	9498	9500	3	3	81	1	16	11	11	4	35	28	86	92	6	14	14	4	12	19	25	56	25	18	8	89	899	8998
78	7690	9618	9620	3	3	82	1	7	11	26	30	8	4	95	13	692	4	14	20	28	24	12	83	39	58	9	99	998	9986
79	7784	9737	9738	3	3	83	1	1	2	9	8	32	4	0	176	856	3	6	27	24	10	12	0	26	550	9	98	986	9862
80	7882	9859	9861	3	3	84	1	16	6	18	11	5	1	9	78	466	14	18	25	2	15	3	27	234	389	8	86	862	8628
81	7978	9980	9981	3	3	85	1	15	18	13	26	39	15	49	141	408	11	16	10	16	31	45	46	172	215	6	62	628	6280
82	8074	10100	10102	3	3	86	1	10	6	20	2	22	1	58	113	639	13	18	2	6	23	3	73	88	908	2	28	280	2803
83	8170	10221	10222	3	3	87	1	8	10	20	27	6	6	13	170	317	7	11	2	19	18	18	39	8	951	8	80	803	8034
84	8261	10337	10338	3	3	88	1	3	18	11	15	10	23	84	57	184	9	16	4	14	30	10	50	171	552	0	3	34	348
85	8359	10459	10461	3	3	89	1	16	15	1	14	5	26	58	93	204	14	7	3	11	15	19	73	28	612	3	34	348	3482
86	8457	10582	10584	3	3	90	1	4	7	13	9	27	11	61	163	609	12	2	10	27	38	33	82	238	818	4	48	482	4825
87	8553	10703	10704	3	3	91	1	8	1	17	13	18	50	30	122	703	7	3	22	8	11	32	90	115	91	8	82	825	8253
88	8649	10823	10825	3	3	92	1	16	8	19	22	5	44	57	134	841	14	5	28	4	15	14	70	151	505	2	25	253	2534
89	8740	10939	10941	3	3	93	1	13	4	26	13	17	47	72	147	11	5	12	20	8	8	23	14	190	33	5	53	534	5342
90	8841	11064	11066	3	3	94	1	1	14	26	27	24	6	89	192	657	3	4	20	19	29	18	65	74	962	3	34	342	3421
91	8937	11185	11186	3	3	95	1	8	3	24	9	26	55	69	40	118	7	9	14	27	35	47	5	120	354	4	42	421	4211
92	9033	11305	11307	3	3	96	1	16	11	9	2	41	35	39	98	213	14	14	27	6	37	46	16	43	639	2	21	211	2117
93	9124	11421	11422	3	3	97	1	11	2	1	15	41	18	36	50	13	16	6	3	14	37	54	7	150	39	1	11	117	1170
94	9216	11538	11545	201	3*67	98	1	8	1	25	29	2	39	93	9	808	10	11	8	1	15	51	8	52	968	1	17	170	1706
95	9320	11666	11668	3	3	99	1	7	4	20	4	38	48	40	49	918	4	12	2	12	28	26	19	147	736	7	70	706	7067
96	9416	11787	11788	3	3	100	1	3	10	12	12	30	6	34	134	395	9	11	7	5	4	18	1	151	176	0	6	67	679
97	9510	11905	11907	3	3	101	1	4	11	11	17	11	50	24	198	418	12	14	4	20	33	32	72	92	245	6	67	679	6798
98	9608	12028	12029	3	3	102	1	1	1	4	21	38	42	83	231	248	3	3	12	1	28	8	47	191	744	7	79	798	7982
99	9694	12138	12140	3	3	103	1	8	3	5	10	11	19	66	60	54	7	9	15	30	33	57	97	180	162	9	98	982	9821
100	9800	12269	12270	3	3	104	1	2	0	5	11	31	57	19	226	953	6	0	15	2	7	53	57	176	841	8	82	821	8214
101	9894	12387	12388	3	3	105	1	10	9	14	30	26	12	25	144	891	13	8	13	28	35	36	75	181	655	2	21	214	2148
102	9992	12510	12511	3	3	106	1	14	6	12	10	18	58	74	154	483	8	18	7	30	11	56	20	211	440	1	14	148	1480
103	10088	12630	12632	3	3	107	1	4	6	11	14	30	36	66	69	38	12	18	4	11	4	49	97	207	114	4	48	480	4808
104	10181	12748	12750	3	3	108	1	16	4	16	0	26	19	4	105	116	14	12	19	0	35	57	12	64	348	8	80	808	8086
105	10279	12871	12873	3	3	109	1	9	18	3	12	40	29	86	244	722	10	16	9	5	34	28	56	230	148	0	8	86	865
106	10375	12991	12993	3	3	110	1	6	14	22	23	18	6	85	233	629	1	4	8	7	11	18	53	197	878	8	86	865	8651
107	10471	13112	13113	3	3	111	1	1	15	7	9	3	12	7	91	913	3	7	21	27	9	36	21	22	721	6	65	651	6513
108	10562	13227	13234	87	3*29	112	1	5	7	8	26	0	11	68	4	525	10	1	0	30	0	13	58	97	270	5	51	513	5132
109	10658	13348	13350	3	3	113	1	5	12	25	22	30	42	8	236	142	15	17	17	4	4	8	24	206	426	1	13	132	1328
110	10757	13471	13472	3	3	114	1	6	8	23	12	20	0	98	189	362	1	5	11	5	17	0	92	65	77	3	32	328	3282
111	10855	13594	13595	3	3	115	1	8	7	19	12	42	55	77	183	431	7	2	28	5	40	47	29	47	284	2	28	282	2823
112	10951	13714	13716	3	3	116	1	7	12	16	14	31	43	89	237	761	4	17	19	11	7	11	65	209	265	8	82	823	8230
113	11047	13834	13836	3	3	117	1	12	6	19	27	16	19	44	101	72	2	18	28	19	5	57	31	52	216	2	23	230	2306
114	11135	13948	13950	3	3	118	1	6	8	14	11	37	11	36	58	58	1	5	13	2	25	33	7	174	174	3	30	306	3066
115	11238	14075	14077	3	3	119	1	13	18	21	5	29	9	25	209	690	5	16	5	15	1	27	75	125	52	0	6	66	664
116	11334	14196	14197	3	3	120	1	7	7	8	26	10	22	9	42	874	4	2	24	16	30	7	27	126	604	6	66	664	6647
117	11430	14316	14318	3	3	121	1	12	16	17	27	27	0	80	246	607	2	10	22	19	38	0	38	236	812	6	64	647	6470
118	11524	14434	14436	3	3	122	1	7	18	21	27	1	33	58	184	808	4	16	5	19	3	40	73	50	406	4	47	470	4709
119	11620	14555	14556	3	3	123	1	1	6	14	5	34	33	79	65	392	3	18	13	15	16	40	35	195	167	7	70	709	7093
120	11718	14678	14679	3	3	124	1	4	18	15	15	38	5	21	246	873	12	16	16	14	28	15	63	236	601	0	9	93	938
121	11809	14794	14800	57	3*19	125	1	14	15	13	11	27	43	77	131	588	16	0	16	7	34	32	46	188	219	9	93	938	9384
122	11901	14910	14918	177	3*59	126	1	11	10	25	2	19	43	27	0	773	9	3	17	13	9	0	32	0	606	3	38	384	3844
123	12005	15039	15040	3	3	127	1	5	4	9	29	22	49	84	46	502	15	12	27	25	23	29	50	138	497	8	84	844	8446
124	12099	15157	15159	3	3	128	1	7	5	5	13	36	21	37	6	295	4	15	15	8	22	4	10	18	885	4	44	446	4460
125	12197	15280	15281	3	3	129	1	13	5	13	19	39	31	88	90	416	5	15	10	26	31	34	62	19	239	4	46	460	4609
126	12291	15398	15399	3	3	130	1	0	7	26	27	17	26	15	246	314	0	2	20	19	8	19	45	236	942	6	60	609	6095
127	12389	15521	15522	3	3	131	1	2	6	12	7	32	26	64	194	533	6	18	7	21	10	19	91	80	590	0	9	95	955
128	12485	15641	15643	3	3	132	1	13	7	9	4	39	27	42	32	558	5	2	27	12	31	22	25	96	665	9	95	955	9550
129	12578	15759	15761	3	3	133	1	15	2	27	26	16	7	59	242	966	11	6	23	16	5	21	76	224	880	5	55	550	5505
130	12677	15882	15883	3	3	134	1	14	1	16	25	7	18	35	127	50	8	3	19	13	21	54	4	130	150	5	50	505	5058
131	12772	16002	16004	3	3	135	1	15	12	21	25	3	42	22	32	690	11	17	5	13	9	8	66	96	52	0	5	58	582
132	12868	16123	16124	3	3	136	1	10	16	21	5	16	3	69	236	64	13	10	5	15	5	9	5	206	192	5	58	582	5822
133	12964	16243	16245	3	3	137	1	11	5	28	15	27	57	10	243	410	16	15	26	14	38	53	30	227	221	8	82	822	8223
134	13053	16357	16358	3	3	138	1	3	1	23	6	26	47	96	69	943	9	3	11	18	35	23	86	207	811	2	22	223	2231
135	13151	16479	16481	3	3	139	1	16	5	22	24	10	47	43	144	226	14	15	8	10	30	23	28	181	678	2	23	231	2317
136	13252	16604	16606	3	3	140	1	3	10	4	18	6	47	66	42	572	9	11	12	23	18	23	97	126	707	3	31	317	3172
137	13348	16725	16726	3	3	141	1	4	6	6	25	34	47	10	10	384	12	18	18	13	16	23	30	30	143	1	17	172	1725
138	13444	16845	16847	3	3	142	1	7	18	5	15	35	27	49	196	82	4	16	15	14	19	22	46	86	246	7	72	725	7253
139	13527	16953	16955	3	3	143	1	7	7	0	5	10	32	65	34	580	4	2	0	15	30	37	94	102	731	2	25	253	2535
140	13635	17086	17088	3	3	144	1	1	10	24	9	42	31	57	40	717	3	11	14	27	40	34	70	120	133	5	53	535	5359
141	13731	17207	17208	3	3	145	1	1	13	13	7	9	42	75	1	336	3	1	10	21	27	8	23	3	1008	3	35	359	3594
142	13822	17322	17329	87	3*29	146	1	1	17	10	24	34	5	67	203	526	2	16	0	11	34	22	72	91	357	5	59	594	5940
143	13921	17445	17447	3	3	147	1	2	9	21	29	8	16	19	199	976	6	8	5	25	24	48	57	95	910	9	94	940	9408
144	14016	17565	17567	3	3	148	1	12	4	20	3	1	9	81	160	789	2	12	2	9	3	27	41	229	349	4	40	408	4081
145	14115	17688	17690	3	3	149	1	16	8	20	10	18	56	42	125	516	14	5	2	30	11	50	25	124	539	0	8	81	812
146	14211	17809	17810	3	3	150	1	7	5	3	9	10	9	13	92	590	4	15	9	27	30	27	39	25	761	8	81	812	8128
147	14304	17927	17928	3	3	151	1	1	18	17	0	17	42	75	147	778	3	16	22	0	8	8	23	190	316	1	12	128	1284
148	14402	18049	18051	3	3	152	1	16	3	3	1	41	21	59	136	499	14	9	9	3	37	4	76	157	488	2	28	284	2848
149	14496	18168	18169	3	3	153	1	3	6	7	20	22	22	60	206	536	9	18	21	29	23	7	79	116	599	8	84	848	8481
150	14594	18290	18292	3	3	154	1	10	12	4	0	29	28	70	203	103	13	17	12	0	1	25	8	107	309	4	48	481	4811
151	14688	18408	18410	3	3	155	1	5	10	15	3	19	51	71	224	401	15	11	16	9	14	35	11	170	194	8	81	811	8111
152	14786	18531	18533	3	3	156	1	7	4	9	15	16	33	71	129	317	4	12	27	14	5	40	11	136	951	1	11	111	1117
153	14882	18652	18653	3	3	157	1	12	10	17	16	13	47	49	123	460	2	11	22	17	39	23	46	118	371	1	11	117	1174
154	14975	18770	18771	3	3	158	1	11	11	23	29	26	21	21	236	142	16	14	11	25	35	4	63	206	426	1	17	174	1745
155	15073	18892	18894	3	3	159	1	8	1	20	3	41	57	80	121	273	7	3	2	9	37	53	38	112	819	7	74	745	7450
156	15169	19013	19014	3	3	160	1	16	13	2	2	35	26	74	29	33	14	1	6	6	19	19	20	87	99	4	45	450	4502
157	15265	19133	19135	3	3	161	1	2	0	8	25	24	45	29	119	936	6	0	24	13	29	17	87	106	790	5	50	502	5028
158	15361	19254	19255	3	3	162	1	1	7	22	28	24	12	27	161	772	3	2	8	22	29	36	81	232	298	0	2	28	284
159	15452	19369	19371	3	3	163	1	1	1	12	16	27	2	83	179	280	3	3	7	17	38	6	47	35	840	2	28	284	2841
160	15550	19492	19494	3	3	164	1	10	5	25	20	27	18	41	112	269	13	15	17	29	38	54	22	85	807	8	84	841	8410
161	15649	19615	19616	3	3	165	1	3	1	5	14	18	53	58	199	529	9	3	15	11	11	41	73	95	578	4	41	410	4102
162	15744	19735	19737	3	3	166	1	11	18	7	22	19	7	63	210	304	16	16	21	4	14	21	88	128	912	1	10	102	1027
163	15840	19856	19857	3	3	167	1	7	14	17	25	6	28	33	226	821	4	4	22	13	18	25	99	176	445	0	2	27	270
164	15931	19972	19973	3	3	168	1	11	12	20	1	15	14	40	172	508	16	17	2	3	2	42	19	14	515	2	27	270	2701
165	16032	20097	20098	3	3	169	1	3	13	4	21	42	9	4	151	22	9	1	12	1	40	27	12	202	66	7	70	701	7019
166	16128	20217	20219	3	3	170	1	1	15	22	2	1	30	97	27	836	3	7	8	6	3	31	89	81	490	0	1	19	193
167	16224	20337	20339	3	3	171	1	6	2	5	30	27	3	72	117	640	1	6	15	28	38	9	14	100	911	1	19	193	1938
168	16317	20455	20457	3	3	172	1	14	9	5	12	15	29	65	116	305	8	8	15	5	2	28	94	97	915	9	93	938	9385
169	16413	20576	20577	3	3	173	1	10	10	27	24	0	10	51	87	613	13	11	23	10	0	30	52	10	830	3	38	385	3852
170	16511	20699	20700	3	3	174	1	14	6	15	15	23	13	95	208	992	8	18	16	14	26	39	83	122	958	8	85	852	8521
171	16607	20819	20821	3	3	175	1	4	12	18	12	27	23	7	33	116	12	17	25	5	38	10	21	99	348	5	52	521	5211
172	16701	20937	20939	3	3	176	1	16	15	27	5	3	20	23	11	738	14	7	23	15	9	1	69	33	196	2	21	211	2110
173	16799	21060	21061	3	3	177	1	9	7	6	18	29	1	2	45	319	10	2	18	23	1	3	6	135	957	1	11	110	1105
174	16892	21178	21180	3	3	178	1	8	7	23	7	21	31	39	93	471	7	2	11	21	20	34	16	28	404	1	10	105	1055
175	16991	21301	21302	3	3	179	1	1	14	21	22	6	24	24	184	170	3	4	5	4	18	13	72	50	510	0	5	55	555
176	17077	21411	21420	489	3*163	180	1	8	4	28	25	26	52	53	49	241	2	18	4	11	29	58	61	116	805	5	55	555	5559
177	17182	21541	21543	3	3	181	1	6	18	1	17	22	2	54	61	867	1	16	3	20	23	6	61	183	583	5	55	559	5596
178	17266	21650	21656	57	3*19	182	1	15	17	27	11	1	12	23	248	68	5	0	2	7	14	35	99	80	849	5	59	596	5964
179	17372	21780	21782	3	3	183	1	5	1	13	27	19	5	9	176	778	15	3	10	19	14	15	27	26	316	9	96	964	9644
180	17470	21903	21904	3	3	184	1	7	4	21	30	34	42	67	140	711	4	12	5	28	16	8	100	169	115	6	64	644	6446
181	17566	22023	22025	3	3	185	1	12	6	11	12	31	44	35	199	179	2	18	4	5	7	14	4	95	537	4	44	446	4462
182	17662	22144	22145	3	3	186	1	2	5	27	15	21	25	70	46	417	6	15	23	14	20	16	8	138	242	4	46	462	4622
183	17757	22264	22266	3	3	187	1	13	16	0	30	33	29	59	107	747	5	10	0	28	13	28	76	70	223	6	62	622	6229
184	17849	22380	22381	3	3	188	1	3	1	16	13	34	56	27	45	104	9	3	19	8	16	50	81	135	312	2	22	229	2294
185	17947	22502	22504	3	3	189	1	16	9	13	1	39	24	10	250	195	14	8	10	3	31	13	30	248	585	2	29	294	2948
186	18045	22625	22627	3	3	190	1	1	10	17	3	7	32	64	194	415	3	11	22	9	21	37	91	80	236	9	94	948	9489
187	18141	22746	22747	3	3	191	1	5	1	2	30	20	53	95	190	987	15	3	6	28	17	41	83	68	943	4	48	489	4895
188	18237	22866	22868	3	3	192	1	4	12	4	22	5	33	10	104	363	12	17	12	4	15	40	30	61	80	8	89	895	8954
189	18328	22982	22983	3	3	193	1	12	9	7	9	37	1	86	191	238	2	8	21	27	25	3	56	71	714	9	95	954	9549
190	18428	23107	23108	3	3	194	1	15	5	25	14	37	21	26	55	527	11	15	17	11	25	4	78	165	572	5	54	549	5493
191	18524	23227	23229	3	3	195	1	5	11	12	9	25	38	61	28	792	15	14	7	27	32	55	82	84	358	4	49	493	4930
192	18620	23348	23349	3	3	196	1	1	11	1	23	31	29	9	66	432	3	14	3	7	7	28	27	198	287	9	93	930	9303
193	18714	23466	23467	3	3	197	1	6	2	14	28	27	46	77	102	995	1	6	13	22	38	20	29	55	967	3	30	303	3038
194	18810	23586	23588	3	3	198	1	0	5	10	13	25	1	41	144	114	0	15	1	8	32	3	22	181	342	0	3	38	381
195	18908	23709	23710	3	3	199	1	2	18	8	14	9	9	12	185	851	6	16	24	11	27	27	36	53	535	3	38	381	3819
196	19004	23829	23831	3	3	200	1	13	6	19	20	33	8	30	165	223	5	18	28	29	13	24	90	244	669	8	81	819	8196
197	19095	23945	23947	3	3	201	1	3	8	23	13	14	1	8	179	116	9	5	11	8	42	3	24	35	348	1	19	196	1964
198	19195	24070	24072	3	3	202	1	14	13	11	23	40	19	76	163	495	8	1	4	7	34	57	26	238	476	9	96	964	9644
199	19289	24188	24190	3	3	203	1	3	15	4	26	25	40	53	46	508	9	7	12	16	32	2	58	138	515	6	64	644	6442
200	19387	24311	24312	3	3	204	1	10	7	8	20	21	39	80	44	852	13	2	24	29	20	58	38	132	538	4	44	442	4428
201	19478	24427	24430	15	3*5	205	1	12	16	25	5	20	35	52	183	833	10	12	27	13	42	53	73	235	387	4	42	428	4288
202	19579	24552	24553	3	3	206	1	1	8	16	18	13	25	48	57	327	3	5	19	23	39	16	43	171	981	2	28	288	2881
203	19675	24672	24674	3	3	207	1	9	5	28	30	24	8	100	116	820	10	15	26	28	29	24	98	97	442	8	88	881	8810
204	19768	24790	24792	3	3	208	1	4	18	12	30	34	29	85	190	990	12	16	7	28	16	28	53	68	952	8	81	810	8109
205	19866	24913	24914	3	3	209	1	4	3	10	1	14	38	69	215	515	12	9	1	3	42	55	5	143	536	1	10	109	1097
206	19962	25033	25035	3	3	210	1	7	11	6	5	20	27	17	3	616	4	14	18	15	17	22	51	9	839	0	9	97	975
207	20058	25154	25155	3	3	211	1	5	12	25	4	39	50	67	26	509	15	17	17	12	31	32	100	78	518	9	97	975	9756
208	20154	25274	25276	3	3	212	1	1	12	3	2	28	53	69	232	735	3	17	9	6	41	41	5	194	187	7	75	756	7566
209	20240	25385	25391	87	3*29	213	1	14	14	24	18	3	2	24	232	268	11	2	0	16	3	56	68	104	109	5	56	566	5665
210	20343	25512	25514	3	3	214	1	16	2	23	0	15	26	51	61	640	14	6	11	0	2	19	52	183	911	6	66	665	6659
211	20441	25635	25637	3	3	215	1	10	17	22	14	2	39	16	6	468	13	13	8	11	6	58	48	18	395	6	65	659	6593
212	20531	25749	25757	219	3*73	216	1	12	6	21	23	12	34	22	240	550	10	3	17	15	5	12	71	101	379	5	59	593	5933
213	20633	25876	25878	3	3	217	1	16	13	0	15	32	49	16	162	628	14	1	0	14	10	29	48	235	875	9	93	933	9334
214	20724	25992	25993	3	3	218	1	3	0	23	21	21	47	82	221	222	9	0	11	1	20	23	44	161	666	3	33	334	3344
215	20825	26117	26118	3	3	219	1	5	7	17	13	32	0	76	194	755	15	2	22	8	10	0	26	80	247	3	34	344	3446
216	20921	26237	26239	3	3	220	1	16	6	18	4	28	24	81	55	83	14	18	25	12	41	13	41	165	249	4	44	446	4461
217	21016	26358	26359	3	3	221	1	15	6	16	3	20	36	21	18	367	11	18	19	9	17	49	63	54	92	4	46	461	4612
218	21100	26465	26467	3	3	222	1	14	17	1	28	29	42	95	51	924	8	13	3	22	1	8	83	153	754	6	61	612	6128
219	21206	26596	26598	3	3	223	1	5	15	3	28	9	33	50	58	903	15	7	9	22	27	40	49	174	691	1	12	128	1284
220	21304	26719	26720	3	3	224	1	7	14	14	30	25	26	59	227	649	4	4	13	28	32	19	76	179	938	2	28	284	2847
221	21400	26839	26841	3	3	225	1	12	15	4	17	40	42	46	219	485	2	7	12	20	34	8	37	155	446	8	84	847	8475
222	21493	26957	26959	3	3	226	1	11	14	26	15	23	15	83	217	668	16	4	20	14	26	45	47	149	995	4	47	475	4756
223	21592	27080	27082	3	3	227	1	8	15	6	10	19	3	21	12	214	7	7	18	30	14	9	63	36	642	7	75	756	7564
224	21685	27198	27200	3	3	228	1	10	8	8	7	41	21	64	247	814	13	5	24	21	37	4	91	239	424	5	56	564	5648
225	21783	27321	27322	3	3	229	1	2	7	22	21	24	35	11	150	299	6	2	8	1	29	46	33	199	897	6	64	648	6482
226	21877	27439	27440	3	3	230	1	7	10	26	17	6	18	82	195	423	4	11	20	20	18	54	44	83	260	4	48	482	4823
227	21975	27562	27563	3	3	231	1	8	6	10	18	42	4	41	235	754	7	18	1	23	40	12	22	203	244	8	82	823	8233
228	22071	27682	27684	3	3	232	1	16	12	27	10	33	28	9	55	396	14	17	23	30	13	25	27	165	179	2	23	233	2337
229	22164	27800	27802	3	3	233	1	4	15	28	8	30	24	40	224	700	12	7	26	24	4	13	19	170	82	3	33	337	3378
230	22262	27923	27924	3	3	234	1	11	7	9	22	21	13	8	168	695	16	2	27	4	20	39	24	2	67	3	37	378	3786
231	22358	28043	28045	3	3	235	1	7	16	15	6	6	15	24	183	98	4	10	16	18	18	45	72	47	294	7	78	786	7867
232	22454	28164	28165	3	3	236	1	3	14	2	4	7	55	80	213	809	9	4	6	12	21	47	38	137	409	8	86	867	8678
233	22550	28284	28286	3	3	237	1	3	11	14	30	33	9	95	201	931	9	14	13	28	13	27	83	101	775	6	67	678	6783
234	22641	28400	28401	3	3	238	1	15	3	18	14	36	0	98	57	231	11	9	25	11	22	0	92	171	693	7	78	783	7831
235	22735	28518	28524	57	3*19	239	1	4	11	25	21	28	5	57	112	270	7	0	4	19	5	49	17	109	255	8	83	831	8316
236	22838	28645	28647	3	3	240	1	2	5	4	26	35	49	35	123	160	6	15	12	16	19	29	4	118	480	3	31	316	3165
237	22933	28766	28767	3	3	241	1	16	4	10	2	25	25	98	244	786	14	12	1	6	32	16	92	230	340	1	16	165	1652
238	23029	28886	28887	3	3	242	1	14	6	26	27	41	56	64	142	211	8	18	20	19	37	50	91	175	633	6	65	652	6527
239	23118	28999	29001	3	3	243	1	12	16	12	3	27	2	47	79	545	2	10	7	9	38	6	40	237	626	5	52	527	5271
240	23221	29127	29128	3	3	244	1	12	16	5	8	10	27	0	26	829	2	10	15	24	30	22	0	78	469	2	27	271	2712
241	23317	29247	29249	3	3	245	1	9	6	24	9	19	48	65	240	335	10	18	14	27	14	26	94	218	1005	7	71	712	7120
242	23413	29367	29369	3	3	246	1	6	7	5	13	39	51	35	13	491	1	2	15	8	31	35	4	39	464	1	12	120	1201
243	23501	29481	29487	87	3*29	247	1	2	4	26	4	22	33	48	115	351	4	6	0	7	22	39	35	216	267	2	20	201	2019
244	23602	29606	29608	3	3	248	1	12	4	28	3	24	10	29	189	334	2	12	26	9	29	30	87	65	1002	0	1	19	190
245	23700	29729	29730	3	3	249	1	6	12	16	27	35	31	59	19	827	1	17	19	19	19	34	76	57	463	1	19	190	1909
246	23796	29849	29851	3	3	250	1	13	16	7	9	8	37	41	157	865	5	10	21	27	24	52	22	220	577	9	90	909	9091
247	23890	29967	29969	3	3	251	1	5	1	17	19	41	54	12	6	568	15	3	22	26	37	44	36	18	695	0	9	91	914
248	23988	30090	30091	3	3	252	1	7	11	10	3	29	0	92	124	375	4	14	1	9	1	0	74	121	116	9	91	914	9145
249	24081	30208	30209	3	3	253	1	16	6	16	21	1	4	65	235	583	14	18	19	1	3	12	94	203	740	1	14	145	1456
250	24179	30331	30332	3	3	254	1	2	10	9	4	17	4	34	8	538	6	11	27	12	8	12	1	24	605	4	45	456	4564
251	24273	30449	30450	3	3	255	1	6	5	16	21	16	57	90	173	256	1	15	19	1	5	53	68	17	768	5	56	564	5648
252	24371	30571	30573	3	3	256	1	7	18	19	23	35	25	0	10	957	4	16	28	7	19	16	0	30	853	6	64	648	6485
253	24467	30692	30693	3	3	257	1	12	6	24	21	22	8	7	101	617	2	18	14	1	23	24	21	52	842	4	48	485	4856
254	24560	30810	30811	3	3	258	1	7	2	12	3	14	12	94	72	470	4	6	7	9	42	36	80	216	401	8	85	856	8566
255	24659	30933	30934	3	3	259	1	5	13	12	11	12	50	11	188	478	15	1	7	2	36	32	33	62	425	5	56	566	5669
256	24754	31053	31055	3	3	260	1	4	18	13	26	0	52	79	130	519	12	16	10	16	0	38	35	139	548	6	66	669	6692
257	24850	31173	31175	3	3	261	1	11	7	5	10	37	54	26	215	49	16	2	15	30	25	44	78	143	147	6	69	692	6923
258	24938	31286	31287	3	3	262	1	15	7	13	26	34	14	16	70	329	11	2	10	16	16	42	48	210	987	9	92	923	9234
259	25030	31403	31404	3	3	263	1	4	3	11	0	4	18	20	95	630	12	9	4	0	12	54	60	34	881	2	23	234	2346
260	25129	31525	31527	3	3	264	1	4	7	2	21	8	37	85	161	617	12	2	6	1	24	52	53	232	842	3	34	346	3460
261	25234	31655	31657	3	3	265	1	13	14	13	23	11	37	17	159	392	5	4	10	7	33	52	51	226	167	4	46	460	4603
262	25330	31775	31777	3	3	266	1	0	3	11	9	38	45	17	63	449	0	9	4	27	28	17	51	189	338	6	60	603	6034
263	25425	31896	31897	3	3	267	1	2	11	8	10	0	56	85	230	662	6	14	24	30	0	50	53	188	977	0	3	34	348
264	25517	32011	32013	3	3	268	1	8	2	4	22	31	22	47	55	708	7	6	12	4	7	7	40	165	106	3	34	348	3486
265	25617	32136	32138	3	3	269	1	7	12	18	29	39	28	83	64	907	4	17	25	25	31	25	47	192	703	4	48	486	4861
266	25713	32257	32258	3	3	270	1	14	4	10	12	40	51	85	158	168	8	12	1	5	34	35	53	223	504	8	86	861	8610
267	25809	32377	32379	3	3	271	1	15	10	18	14	34	38	6	87	88	11	11	25	11	16	55	18	10	264	6	61	610	6104
268	25902	32495	32497	3	3	272	1	2	11	3	24	31	23	14	105	222	6	14	9	10	7	10	42	64	666	1	10	104	1045
269	25992	32609	32617	249	3*83	273	1	4	6	0	19	38	10	83	243	46	10	12	0	19	2	12	63	16	355	0	4	45	454
270	26096	32738	32740	3	3	274	1	1	13	14	5	41	30	74	166	913	3	1	13	15	37	31	20	247	721	4	45	454	4543
271	26192	32859	32860	3	3	275	1	9	0	28	26	33	10	90	172	594	10	0	26	16	13	30	68	14	773	5	54	543	5432
272	26286	32977	32978	3	3	276	1	4	9	25	24	13	3	90	5	398	12	8	17	10	39	9	68	15	185	4	43	432	4326
273	26384	33100	33101	3	3	277	1	4	6	11	11	29	4	93	226	184	12	18	4	2	1	12	77	176	552	3	32	326	3266
274	26477	33218	33219	3	3	278	1	15	5	1	5	15	13	14	149	65	11	15	3	15	2	39	42	196	195	2	26	266	2664
275	26576	33340	33342	3	3	279	1	5	1	22	15	8	28	12	223	608	15	3	8	14	24	25	36	167	815	6	66	664	6648
276	26669	33458	33460	3	3	280	1	7	15	9	17	22	19	55	33	649	4	7	27	20	23	57	64	99	938	6	64	648	6482
277	26762	33576	33583	87	3*29	281	1	10	9	15	15	8	57	19	152	295	3	4	0	3	8	3	37	172	440	4	48	482	4821
278	26863	33702	33703	3	3	282	1	12	15	11	29	37	46	8	34	198	2	7	4	25	25	20	24	102	594	8	82	821	8213
279	26957	33820	33821	3	3	283	1	2	14	4	13	14	49	86	209	347	6	4	12	8	42	29	56	125	32	2	21	213	2133
280	27055	33942	33944	3	3	284	1	9	15	11	19	29	54	86	96	950	10	7	4	26	1	44	56	37	832	1	13	133	1339
281	27151	34063	34064	3	3	285	1	16	2	26	11	5	53	96	193	133	14	6	20	2	15	41	86	77	399	3	33	339	3393
282	27246	34183	34185	3	3	286	1	7	7	16	7	36	20	45	174	349	4	2	19	21	22	1	34	20	38	3	39	393	3936
283	27342	34303	34305	3	3	287	1	5	12	18	4	19	40	19	145	674	15	17	25	12	14	2	57	184	4	9	93	936	9360
284	27433	34419	34421	3	3	288	1	2	1	4	30	27	17	80	135	628	6	3	12	28	38	51	38	154	875	3	36	360	3607
285	27532	34542	34544	3	3	289	1	3	10	4	5	38	34	1	123	573	9	11	12	15	28	43	3	118	710	6	60	607	6072
286	27630	34665	34666	3	3	290	1	10	18	20	25	14	19	52	56	237	13	16	2	13	42	57	55	168	711	0	7	72	726
287	27726	34785	34787	3	3	291	1	8	7	14	5	2	51	71	106	59	7	2	13	15	6	35	11	67	177	7	72	726	7260
288	27821	34905	34907	3	3	292	1	7	16	5	15	1	23	57	49	557	4	10	15	14	3	10	70	147	662	2	26	260	2602
289	27913	35021	35023	3	3	293	1	10	15	4	30	21	37	43	128	643	13	7	12	28	20	52	28	133	920	6	60	602	6024
290	28013	35146	35148	3	3	294	1	4	11	17	11	3	46	21	15	63	12	14	22	2	9	20	63	45	189	0	2	24	249
291	28109	35267	35268	3	3	295	1	8	18	19	18	2	51	37	242	947	7	16	28	23	6	35	10	224	823	2	24	249	2491
292	28201	35383	35389	57	3*19	296	1	8	18	22	16	19	36	34	103	427	14	0	7	13	8	46	19	98	123	4	49	491	4914
293	28298	35505	35507	3	3	297	1	14	1	11	3	39	12	99	133	1001	8	3	4	9	31	36	95	148	985	9	91	914	9141
294	28394	35625	35627	3	3	298	1	7	16	28	23	17	15	32	44	1007	4	10	26	7	8	45	96	132	1003	1	14	141	1412
295	28492	35748	35750	3	3	299	1	8	6	9	9	24	23	20	205	71	7	18	27	27	29	10	60	113	213	4	41	412	4127
296	28588	35868	35870	3	3	300	1	16	5	25	7	42	13	30	172	11	14	15	17	21	40	39	90	14	33	1	12	127	1273
297	28682	35987	35988	3	3	301	1	4	7	22	9	17	36	0	187	527	12	2	8	27	8	49	0	59	572	2	27	273	2737
298	28772	36101	36103	3	3	302	1	11	4	7	8	13	3	53	56	86	16	12	21	24	39	9	58	168	258	7	73	737	7372
299	28873	36227	36229	3	3	303	1	15	9	14	3	18	17	59	207	104	11	8	13	9	11	51	76	119	312	3	37	372	3724
300	28972	36350	36352	3	3	304	1	3	10	26	10	2	41	87	75	949	9	11	20	30	6	5	59	225	829	7	72	724	7245
301	29065	36468	36470	3	3	305	1	4	4	24	8	20	28	88	97	3	12	12	14	24	17	25	62	40	9	2	24	245	2458
302	29163	36591	36592	3	3	306	1	1	12	1	0	26	20	71	215	3	3	17	3	0	35	1	11	143	9	4	45	458	4587
303	29259	36711	36713	3	3	307	1	6	16	5	1	33	33	46	141	414	1	10	15	3	13	40	37	172	233	5	58	587	5870
304	29353	36829	36831	3	3	308	1	14	1	14	20	26	19	83	74	624	8	3	13	29	35	57	47	222	863	8	87	870	8700
305	29451	36952	36954	3	3	309	1	16	11	12	0	18	1	27	231	604	14	14	7	0	11	3	81	191	803	7	70	700	7006
306	29547	37072	37074	3	3	310	1	14	11	11	15	30	39	2	152	416	8	14	4	14	4	58	6	205	239	0	0	6	66
307	29642	37193	37194	3	3	311	1	4	10	22	15	38	33	45	198	813	12	11	8	14	28	40	34	92	421	0	6	66	660
308	29738	37313	37315	3	3	312	1	12	6	3	16	6	46	74	23	412	2	18	9	17	18	20	20	69	227	6	66	660	6606
309	29829	37429	37430	3	3	313	1	16	3	9	12	20	29	13	19	454	14	9	27	5	17	28	39	57	353	6	60	606	6063
310	29928	37552	37553	3	3	314	1	8	5	13	13	7	24	91	204	460	7	15	10	8	21	13	71	110	371	0	6	63	631
311	30021	37669	37676	87	3*29	315	1	10	1	28	30	3	2	16	100	556	3	11	0	6	3	56	79	166	949	6	63	631	6315
312	30122	37795	37796	3	3	316	1	9	13	16	25	17	4	30	242	37	10	1	19	13	8	12	90	224	111	3	31	315	3155
313	30217	37915	37917	3	3	317	1	6	18	28	28	36	3	19	227	9	1	16	26	22	22	9	57	179	27	1	15	155	1558
314	30309	38031	38032	3	3	318	1	8	17	17	16	19	9	15	107	354	7	13	22	17	14	27	45	70	53	5	55	558	5588
315	30409	38156	38157	3	3	319	1	8	1	16	7	3	22	56	180	237	7	3	19	21	9	7	67	38	711	5	58	588	5881
316	30505	38276	38278	3	3	320	1	7	8	19	14	19	27	5	211	698	4	5	28	11	14	22	15	131	76	8	88	881	8817
317	30601	38397	38398	3	3	321	1	12	5	10	22	14	35	50	192	529	2	15	1	4	42	46	49	74	578	8	81	817	8174
318	30694	38515	38516	3	3	322	1	14	18	10	5	39	36	68	237	279	8	16	1	15	31	49	2	209	837	1	17	174	1748
319	30790	38635	38637	3	3	323	1	6	12	19	5	27	48	37	178	241	1	17	28	15	38	26	10	32	723	7	74	748	7488
320	30888	38758	38759	3	3	324	1	7	11	17	21	7	49	33	52	74	4	14	22	1	21	29	99	156	222	4	48	488	4881
321	30984	38878	38880	3	3	325	1	12	12	18	2	27	57	52	65	1002	2	17	25	6	38	53	55	195	988	8	88	881	8815
322	31075	38994	38995	3	3	326	1	15	2	26	26	27	31	3	127	753	11	6	20	16	38	34	9	130	241	8	81	815	8152
323	31176	39119	39120	3	3	327	1	5	4	15	29	41	49	43	113	969	15	12	16	25	37	29	28	88	889	1	15	152	1520
324	31269	39237	39239	3	3	328	1	11	2	3	24	5	40	44	97	3	16	6	9	10	15	2	31	40	9	5	52	520	5209
325	31367	39360	39361	3	3	329	1	11	17	9	15	35	45	17	184	174	16	13	27	14	19	17	51	50	522	2	20	209	2092
326	31459	39475	39479	15	3*5	330	1	4	16	5	29	29	50	90	56	912	9	12	17	1	5	42	37	87	563	0	9	92	920
327	31559	39600	39602	3	3	331	1	5	13	25	25	41	55	9	17	347	15	1	17	13	37	47	27	51	32	9	92	920	9209
328	31655	39721	39722	3	3	332	1	1	0	13	18	13	53	49	63	668	3	0	10	23	39	41	46	189	995	2	20	209	2096
329	31748	39839	39840	3	3	333	1	6	9	26	7	41	50	85	118	391	1	8	20	21	37	32	53	103	164	0	9	96	962
330	31847	39962	39963	3	3	334	1	0	6	12	22	38	51	53	213	893	0	18	7	4	28	35	58	137	661	9	96	962	9628
331	31942	40082	40084	3	3	335	1	2	6	9	8	32	7	8	105	479	6	18	27	24	10	21	24	64	428	6	62	628	6282
332	32038	40202	40204	3	3	336	1	13	1	19	17	40	57	42	196	610	5	3	28	20	34	53	25	86	821	2	28	282	2829
333	32134	40323	40324	3	3	337	1	7	18	16	10	1	1	94	22	532	4	16	19	30	3	3	80	66	587	8	82	829	8292
334	32225	40438	40440	3	3	338	1	6	15	2	24	3	49	31	32	403	1	7	6	10	9	29	93	96	200	2	29	292	2925
335	32324	40561	40563	3	3	339	1	3	3	10	6	36	31	5	41	32	9	9	1	18	22	34	15	123	96	9	92	925	9254
336	32422	40684	40685	3	3	340	1	10	13	28	12	14	38	58	160	959	13	1	26	5	42	55	73	229	859	2	25	254	2540
337	32518	40804	40806	3	3	341	1	11	15	4	15	20	17	21	174	144	16	7	12	14	17	51	63	20	432	5	54	540	5409
338	32605	40917	40918	3	3	342	1	1	14	4	7	24	32	92	132	585	3	4	12	21	29	37	74	145	746	4	40	409	4091
339	32705	41040	41042	3	3	343	1	16	17	28	13	19	14	44	10	105	14	13	26	8	14	42	31	30	315	0	9	91	917
340	32805	41165	41167	3	3	344	1	3	12	6	5	8	39	32	50	712	9	17	18	15	24	58	96	150	118	9	91	917	9171
341	32901	41286	41287	3	3	345	1	4	6	5	3	42	1	16	161	918	12	18	15	9	40	3	48	232	736	1	17	171	1715
342	32997	41406	41408	3	3	346	1	7	12	0	30	3	43	56	236	967	4	17	0	28	9	11	67	206	883	7	71	715	7153
343	33088	41522	41523	3	3	347	1	7	3	23	17	34	26	63	191	17	4	9	11	20	16	19	88	71	51	1	15	153	1536
344	33186	41645	41646	3	3	348	1	7	9	20	14	1	31	20	4	606	4	8	2	11	3	34	60	12	809	5	53	536	5364
345	33279	41762	41769	87	3*29	349	1	10	13	26	24	16	13	93	43	988	3	10	0	11	16	10	11	227	191	3	36	364	3643
346	33380	41888	41889	3	3	350	1	12	14	18	9	37	49	91	158	532	2	4	25	27	25	29	71	223	587	6	64	643	6436
347	33474	42006	42007	3	3	351	1	2	6	20	17	23	47	79	3	1006	6	18	2	20	26	23	35	9	1000	4	43	436	4367
348	33572	42128	42130	3	3	352	1	9	18	20	16	29	49	72	88	942	10	16	2	17	1	29	14	13	808	3	36	367	3678
349	33661	42242	42248	57	3*19	353	1	5	0	4	17	24	13	6	90	578	13	0	25	8	35	33	39	110	658	6	67	678	6789
350	33763	42369	42371	3	3	354	1	7	5	27	14	34	28	45	25	207	4	15	23	11	16	25	34	75	621	7	78	789	7892
351	33857	42487	42489	3	3	355	1	1	16	18	4	18	45	33	8	454	3	10	25	12	11	17	99	24	353	8	89	892	8925
352	33955	42610	42612	3	3	356	1	16	6	6	15	36	10	54	10	586	14	18	18	14	22	30	61	30	749	9	92	925	9259
353	34051	42730	42732	3	3	357	1	15	5	4	23	9	20	21	173	465	11	15	12	7	27	1	63	17	386	2	25	259	2590
354	34144	42848	42850	3	3	358	1	2	7	15	26	18	41	38	2	173	6	2	16	16	11	5	13	6	519	5	59	590	5903
355	34243	42971	42973	3	3	359	1	8	6	9	20	6	45	60	38	247	7	18	27	29	18	17	79	114	741	9	90	903	9036
356	34338	43091	43093	3	3	360	1	7	7	17	1	16	52	19	140	269	4	2	22	3	5	38	57	169	807	0	3	36	360
357	34434	43212	43213	3	3	361	1	12	10	28	18	11	7	83	69	568	2	11	26	23	33	21	47	207	695	3	36	360	3600
358	34530	43332	43334	3	3	362	1	4	1	20	30	5	3	12	147	893	12	3	2	28	15	9	36	190	661	6	60	600	6001
359	34621	43448	43450	3	3	363	1	1	2	14	6	22	33	24	102	630	3	6	13	18	23	40	72	55	881	0	0	1	11
360	34719	43571	43572	3	3	364	1	10	7	19	25	33	40	59	111	255	13	2	28	13	13	2	76	82	765	0	1	11	113
361	34818	43693	43695	3	3	365	1	2	5	22	5	29	38	48	114	887	6	15	8	15	1	55	43	91	643	1	11	113	1133
362	34913	43814	43815	3	3	366	1	1	11	10	4	29	42	95	76	910	3	14	1	12	1	8	83	228	712	1	13	133	1330
363	35009	43934	43936	3	3	367	1	8	11	9	2	2	54	57	47	684	7	14	27	6	6	44	70	141	34	3	33	330	3305
364	35096	44045	44047	3	3	368	1	13	14	13	6	13	24	71	155	54	5	4	10	18	39	13	11	214	162	3	30	305	3053
365	35201	44175	44176	3	3	369	1	3	6	7	0	42	3	8	101	974	9	18	21	0	40	9	24	52	904	0	5	53	530
366	35297	44295	44297	3	3	370	1	11	18	17	14	29	35	95	197	976	16	16	22	11	1	46	83	89	910	5	53	530	5305
367	35393	44416	44417	3	3	371	1	7	6	7	5	14	38	18	135	934	4	18	21	15	42	55	54	154	784	3	30	305	3054
368	35486	44534	44535	3	3	372	1	4	2	24	3	4	36	27	96	997	12	6	14	9	12	49	81	37	973	0	5	54	548
369	35582	44654	44656	3	3	373	1	4	14	16	12	20	58	48	197	171	12	4	19	5	17	56	43	89	513	5	54	548	5488
370	35680	44777	44778	3	3	374	1	1	18	5	13	13	23	65	139	291	3	16	15	8	39	10	94	166	873	4	48	488	4882
371	35776	44897	44899	3	3	375	1	6	7	25	4	12	1	34	96	486	1	2	17	12	36	3	1	37	449	8	88	882	8820
372	35869	45015	45017	3	3	376	1	14	4	27	13	1	36	31	73	478	8	12	23	8	3	49	93	219	425	8	82	820	8204
373	35968	45138	45139	3	3	377	1	16	8	15	24	18	15	81	131	227	14	5	16	10	11	45	41	142	681	2	20	204	2046
374	36061	45256	45258	3	3	378	1	13	1	21	28	36	11	96	115	164	5	3	5	22	22	33	86	94	492	0	4	46	466
375	36159	45379	45380	3	3	379	1	4	14	19	30	15	51	68	105	907	12	4	28	28	2	35	2	64	703	4	46	466	4665
376	36253	45497	45498	3	3	380	1	16	12	7	22	40	32	77	97	888	14	17	21	4	34	37	29	40	646	6	66	665	6652
377	36351	45619	45621	3	3	381	1	9	11	28	13	35	58	17	104	238	10	14	26	8	19	56	51	61	714	6	65	652	6521
378	36439	45732	45733	3	3	382	1	6	8	3	23	14	1	28	247	917	1	5	9	7	42	3	84	239	733	5	52	521	5213
379	36540	45858	45859	3	3	383	1	7	10	11	7	36	28	54	40	112	4	11	4	21	22	25	61	120	336	2	21	213	2138
380	36638	45981	45982	3	3	384	1	9	4	1	21	31	4	11	211	658	10	12	3	1	7	12	33	131	965	1	13	138	1384
381	36725	46092	46103	1527	3*509	385	1	11	7	16	28	30	49	76	2	841	1	11	14	7	15	11	3	42	759	3	38	384	3841
382	36830	46221	46223	3	3	386	1	13	17	7	18	39	36	55	22	611	5	13	21	23	31	49	64	66	824	8	84	841	8414
383	36926	46342	46343	3	3	387	1	8	1	21	10	22	5	54	182	502	7	3	5	30	23	15	61	44	497	4	41	414	4146
384	37015	46455	46457	3	3	388	1	4	15	27	9	20	53	99	135	351	12	7	23	27	17	41	95	154	44	1	14	146	1469
385	37113	46578	46579	3	3	389	1	10	0	15	17	10	20	17	115	734	13	0	16	20	30	1	51	94	184	4	46	469	4695
386	37213	46703	46704	3	3	390	1	2	7	0	6	25	41	31	172	547	6	2	0	18	32	5	93	14	632	6	69	695	6951
387	37309	46823	46825	3	3	391	1	13	6	23	4	27	49	66	216	836	5	18	11	12	38	29	97	146	490	9	95	951	9519
388	37405	46944	46945	3	3	392	1	7	6	7	30	18	38	42	118	100	4	18	21	28	11	55	25	103	300	5	51	519	5194
389	37496	47059	47061	3	3	393	1	10	16	3	14	26	45	47	36	89	13	10	9	11	35	17	40	108	267	1	19	194	1941
390	37597	47184	47186	3	3	394	1	1	18	2	11	38	19	4	243	574	3	16	6	2	28	57	12	227	713	9	94	941	9415
391	37693	47305	47306	3	3	395	1	5	14	4	26	24	49	14	34	269	15	4	12	16	29	29	42	102	807	4	41	415	4151
392	37788	47425	47427	3	3	396	1	4	15	1	2	26	25	10	15	733	12	7	3	6	35	16	30	45	181	1	15	151	1511
393	37882	47543	47545	3	3	397	1	9	14	5	24	34	45	8	165	68	10	4	15	10	16	17	24	244	204	5	51	511	5116
394	37978	47664	47665	3	3	398	1	3	3	14	13	33	33	76	246	673	9	9	13	8	13	40	26	236	1	1	11	116	1160
395	38076	47786	47788	3	3	399	1	5	2	1	8	25	58	13	242	593	15	6	3	24	32	56	39	224	770	1	16	160	1609
396	38172	47907	47908	3	3	400	1	1	7	12	9	38	49	39	149	367	3	2	7	27	28	29	16	196	92	6	60	609	6094
397	38265	48025	48026	3	3	401	1	6	10	10	15	6	49	63	22	489	1	11	1	14	18	29	88	66	458	0	9	94	943
398	38363	48147	48149	3	3	402	1	0	6	8	22	12	36	16	19	923	0	18	24	4	36	49	48	57	751	9	94	943	9433
399	38457	48265	48267	3	3	403	1	14	10	27	3	42	16	80	52	472	8	11	23	9	40	48	38	156	407	4	43	433	4330
400	38555	48388	48390	3	3	404	1	13	18	24	27	30	1	35	244	579	5	16	14	19	4	3	4	230	728	3	33	330	3305
401	38649	48506	48508	3	3	405	1	15	9	8	8	32	47	94	163	670	11	8	24	24	10	23	80	238	1001	3	30	305	3057
402	38747	48629	48630	3	3	406	1	14	16	20	2	1	40	44	2	520	8	10	2	6	3	2	31	6	551	0	5	57	572
403	38843	48749	48751	3	3	407	1	15	14	8	3	18	28	75	16	448	11	4	24	9	11	25	23	48	335	5	57	572	5727
404	38936	48867	48869	3	3	408	1	2	6	9	21	6	26	30	231	878	6	18	27	1	18	19	90	191	616	7	72	727	7270
405	39034	48990	48992	3	3	409	1	11	18	16	4	1	57	50	42	565	16	16	19	12	3	53	49	126	686	2	27	270	2703
406	39126	49106	49112	57	3*19	410	1	9	1	3	30	27	32	74	180	120	3	0	26	5	34	54	77	220	786	7	70	703	7036
407	39220	49225	49232	177	3*59	411	1	16	12	2	13	28	40	34	65	777	10	15	6	7	11	0	59	210	305	0	3	36	365
408	39322	49351	49353	3	3	412	1	3	4	10	21	3	16	4	115	762	9	12	1	1	9	48	12	94	268	3	36	365	3657
409	39413	49467	49468	3	3	413	1	9	1	13	13	0	34	90	144	460	10	3	10	8	0	43	68	181	371	6	65	657	6575
410	39511	49590	49591	3	3	414	1	15	1	5	27	21	25	37	240	233	11	3	15	19	20	16	10	218	699	5	57	575	5759
411	39609	49712	49714	3	3	415	1	5	16	3	26	14	14	46	42	872	15	10	9	16	42	42	37	126	598	7	75	759	7595
412	39700	49828	49834	87	3*29	416	1	10	12	4	26	40	51	81	121	643	3	18	0	30	40	12	78	236	446	5	59	595	5959
413	39801	49953	49955	3	3	417	1	1	7	28	14	31	13	68	170	370	3	2	26	11	7	39	2	8	101	9	95	959	9591
414	39892	50069	50070	3	3	418	1	10	8	9	0	23	37	26	38	13	13	5	27	0	26	52	78	114	39	5	59	591	5919
415	39993	50194	50195	3	3	419	1	10	1	25	12	24	26	92	209	355	13	3	17	5	29	19	74	125	56	9	91	919	9195
416	40088	50314	50316	3	3	420	1	9	12	0	23	29	4	48	21	941	10	17	0	7	1	12	43	63	805	1	19	195	1953
417	40176	50427	50428	3	3	421	1	16	17	20	30	4	12	69	75	225	14	13	2	28	12	36	5	225	675	9	95	953	9530
418	40278	50553	50554	3	3	422	1	15	1	15	2	14	48	94	68	436	11	3	16	6	42	26	80	204	299	5	53	530	5309
419	40374	50673	50675	3	3	423	1	1	6	21	17	1	57	89	228	317	3	18	5	20	3	53	65	182	951	3	30	309	3092
420	40472	50796	50797	3	3	424	1	16	11	16	29	41	17	17	3	354	14	14	19	25	37	51	51	9	53	0	9	92	921
421	40568	50916	50918	3	3	425	1	15	10	1	12	38	1	56	152	546	11	11	3	5	28	3	67	205	629	9	92	921	9218
422	40661	51034	51036	3	3	426	1	2	5	3	9	8	8	99	14	58	6	15	9	27	24	24	95	42	174	2	21	218	2186
423	40759	51157	51158	3	3	427	1	8	18	14	27	15	54	52	206	246	7	16	13	19	2	44	55	116	738	1	18	186	1861
424	40853	51275	51276	3	3	428	1	15	5	24	27	13	55	79	94	541	11	15	14	19	39	47	35	31	614	8	86	861	8611
425	40951	51398	51399	3	3	429	1	12	10	14	5	8	49	59	2	221	2	11	13	15	24	29	76	6	663	6	61	611	6117
426	41044	51516	51517	3	3	430	1	11	14	7	30	25	40	38	101	99	16	4	21	28	32	2	13	52	297	1	11	117	1173
427	41142	51638	51640	3	3	431	1	8	18	11	27	42	43	69	150	948	7	16	4	19	40	11	5	199	826	1	17	173	1738
428	41238	51759	51760	3	3	432	1	16	7	22	11	32	14	17	217	824	14	2	8	2	10	42	51	149	454	7	73	738	7381
429	41332	51877	51878	3	3	433	1	14	4	26	5	25	16	80	94	47	8	12	20	15	32	48	38	31	141	3	38	381	3819
430	41430	51999	52001	3	3	434	1	1	8	10	15	37	20	37	9	300	3	5	1	14	25	1	10	27	900	8	81	819	8193
431	41520	52114	52121	219	3*73	435	1	5	11	25	19	16	9	70	126	942	7	15	23	7	21	24	79	235	462	1	19	193	1932
432	41622	52240	52242	3	3	436	1	16	14	24	1	3	34	30	84	753	14	4	14	3	9	43	90	1	241	9	93	932	9326
433	41717	52361	52362	3	3	437	1	3	3	9	29	16	15	57	135	501	9	9	27	25	5	45	70	154	494	3	32	326	3261
434	41809	52476	52478	3	3	438	1	12	5	18	15	20	29	81	83	324	2	15	25	14	17	28	41	249	972	2	26	261	2611
435	41907	52599	52601	3	3	439	1	15	10	12	10	5	13	66	209	578	11	11	7	30	15	39	97	125	725	6	61	611	6117
436	42005	52722	52723	3	3	440	1	3	12	14	11	35	27	32	99	279	9	17	13	2	19	22	96	46	837	1	11	117	1179
437	42101	52842	52844	3	3	441	1	3	4	15	7	6	40	21	227	655	9	12	16	21	18	2	63	179	956	1	17	179	1793
438	42197	52962	52964	3	3	442	1	1	10	26	4	34	18	98	200	559	3	11	20	12	16	54	92	98	668	7	79	793	7931
439	42288	53078	53080	3	3	443	1	5	6	28	30	10	25	49	204	199	15	18	26	28	30	16	46	110	597	9	93	931	9310
440	42388	53203	53205	3	3	444	1	2	1	10	25	23	37	24	232	943	6	3	1	13	26	52	72	194	811	3	31	310	3105
441	42484	53323	53325	3	3	445	1	16	13	26	25	42	40	11	150	276	14	1	20	13	40	2	33	199	828	1	10	105	1051
442	42580	53444	53445	3	3	446	1	14	0	21	5	9	19	38	240	548	8	0	5	15	27	57	13	218	635	0	5	51	511
443	42673	53562	53564	3	3	447	1	11	9	1	3	8	27	47	20	837	16	8	3	9	24	22	40	60	493	5	51	511	5118
444	42769	53682	53684	3	3	448	1	16	5	28	26	8	32	76	193	152	14	15	26	16	24	37	26	77	456	1	11	118	1185
445	42867	53805	53807	3	3	449	1	9	6	5	11	5	46	61	101	832	10	18	15	2	15	20	82	52	478	1	18	185	1854
446	42958	53921	53927	87	3*29	450	1	9	2	23	22	11	53	51	58	429	1	3	0	23	11	9	94	26	999	8	85	854	8548
447	43054	54041	54043	3	3	451	1	15	3	23	1	9	52	23	191	122	11	9	11	3	27	38	69	71	366	5	54	548	5480
448	43155	54166	54168	3	3	452	1	9	14	16	15	42	20	35	55	54	10	4	19	14	40	1	4	165	162	4	48	480	4807
449	43248	54284	54286	3	3	453	1	8	3	13	23	34	12	81	163	666	7	9	10	7	16	36	41	238	989	8	80	807	8074
450	43347	54407	54408	3	3	454	1	13	13	27	9	24	13	41	61	701	5	1	23	27	29	39	22	183	85	0	7	74	744
451	43438	54523	54527	15	3*5	455	1	1	12	12	4	39	16	7	209	468	15	9	6	29	26	4	4	123	966	7	74	744	7446
452	43538	54648	54649	3	3	456	1	7	2	22	14	9	32	22	183	222	4	6	8	11	27	37	66	47	666	4	44	446	4462
453	43634	54768	54770	3	3	457	1	12	7	9	21	16	2	40	135	193	2	2	27	1	5	6	19	154	579	4	46	462	4623
454	43728	54886	54888	3	3	458	1	14	10	16	3	37	17	63	239	4	8	11	19	9	25	51	88	215	12	6	62	623	6237
455	43826	55009	55010	3	3	459	1	13	6	19	10	1	31	19	91	975	5	18	28	30	3	34	57	22	907	2	23	237	2379
456	43922	55129	55131	3	3	460	1	7	12	24	9	41	35	6	154	819	4	17	14	27	37	46	18	211	439	3	37	379	3799
457	44009	55242	55243	3	3	461	1	12	12	21	0	14	38	61	66	333	2	17	5	0	42	55	82	198	999	7	79	799	7996
458	44113	55370	55371	3	3	462	1	1	7	12	1	24	42	28	44	618	3	2	7	3	29	8	84	132	845	9	99	996	9962
459	44204	55486	55487	3	3	463	1	7	9	4	4	13	30	46	226	516	4	8	12	12	39	31	37	176	539	9	96	962	9627
460	44303	55608	55610	3	3	464	1	11	18	1	0	6	49	64	133	122	16	16	3	0	18	29	91	148	366	6	62	627	6274
461	44401	55731	55733	3	3	465	1	11	11	4	15	6	19	18	55	806	16	14	12	14	18	57	54	165	400	2	27	274	2749
462	44497	55851	55853	3	3	466	1	15	18	10	15	18	48	100	65	562	11	16	1	14	11	26	98	195	677	7	74	749	7495
463	44588	55967	55973	57	3*19	467	1	11	2	20	9	1	14	45	60	407	15	0	9	17	14	31	40	157	1001	4	49	495	4956
464	44684	56087	56089	3	3	468	1	15	4	4	12	14	10	72	30	216	11	12	12	5	42	30	14	90	648	9	95	956	9567
465	44784	56212	56214	3	3	469	1	13	4	11	3	31	30	13	186	340	5	12	4	9	7	31	39	56	11	5	56	567	5673
466	44880	56333	56334	3	3	470	1	0	6	8	2	42	34	6	21	122	0	18	24	6	40	43	18	63	366	6	67	673	6735
467	44976	56453	56455	3	3	471	1	2	5	13	25	1	32	62	67	339	6	15	10	13	3	37	85	201	8	7	73	735	7351
468	45065	56567	56568	3	3	472	1	5	17	2	28	4	19	44	50	41	15	13	6	22	12	57	31	150	123	3	35	351	3518
469	45165	56692	56693	3	3	473	1	15	5	2	18	15	38	38	183	595	11	15	6	23	2	55	13	47	776	5	51	518	5188
470	45263	56814	56816	3	3	474	1	14	7	18	7	0	47	35	62	173	8	2	25	21	0	23	4	186	519	1	18	188	1885
471	45359	56935	56936	3	3	475	1	15	10	15	14	23	31	21	100	110	11	11	16	11	26	34	63	49	330	8	88	885	8857
472	45452	57053	57054	3	3	476	1	2	4	0	23	14	40	87	76	821	6	12	0	7	42	2	59	228	445	8	85	857	8575
473	45551	57175	57177	3	3	477	1	11	12	14	25	15	11	50	93	119	16	17	13	13	2	33	49	28	357	5	57	575	5752
474	45644	57294	57295	3	3	478	1	7	7	23	5	23	19	89	186	757	4	2	11	15	26	57	65	56	253	7	75	752	7527
475	45735	57409	57418	381	3*127	479	1	16	15	14	7	12	49	24	130	563	10	15	27	1	14	25	54	83	595	5	52	527	5272
476	45836	57534	57536	3	3	480	1	4	6	8	19	27	44	97	173	547	12	18	24	26	38	14	89	17	632	2	27	272	2724
477	45934	57657	57659	3	3	481	1	4	11	5	30	34	8	85	223	215	12	14	15	28	16	24	53	167	645	7	72	724	7248
478	46030	57777	57779	3	3	482	1	7	10	22	29	22	46	65	170	872	4	11	8	25	23	20	94	8	598	2	24	248	2489
479	46123	57895	57897	3	3	483	1	1	5	9	24	31	53	25	223	465	3	15	27	10	7	41	75	167	386	4	48	489	4891
480	46217	58013	58020	87	3*29	484	1	10	17	19	8	27	6	46	78	110	3	16	0	14	27	50	63	9	489	8	89	891	8912
481	46317	58138	58140	3	3	485	1	1	6	11	12	34	4	24	13	324	3	18	4	5	16	12	72	39	972	9	91	912	9122
482	46413	58259	58260	3	3	486	1	12	10	20	25	31	44	7	131	708	2	11	2	13	7	14	21	142	106	1	12	122	1227
483	46509	58379	58381	3	3	487	1	10	13	11	18	21	14	48	224	517	13	1	4	23	20	42	43	170	542	2	22	227	2279
484	46600	58495	58496	3	3	488	1	16	3	8	20	34	29	98	247	636	14	9	24	29	16	28	92	239	899	2	27	279	2793
485	46698	58618	58619	3	3	489	1	10	9	9	23	41	6	91	0	818	13	8	27	7	37	18	71	0	436	7	79	793	7938
486	46796	58740	58742	3	3	490	1	7	1	18	8	23	54	35	135	175	4	3	25	24	26	44	4	154	525	9	93	938	9381
487	46892	58861	58862	3	3	491	1	5	8	13	17	7	39	30	223	705	15	5	10	20	21	58	90	167	97	3	38	381	3818
488	46988	58981	58983	3	3	492	1	16	5	20	10	20	2	1	66	230	14	15	2	30	17	6	3	198	690	8	81	818	8183
489	47077	59094	59096	3	3	493	1	11	3	28	11	31	50	34	140	524	16	9	26	2	7	32	1	169	563	1	18	183	1830
490	47180	59222	59223	3	3	494	1	10	3	14	30	22	58	41	68	234	13	9	13	28	23	56	22	204	702	8	83	830	8301
491	47276	59342	59344	3	3	495	1	8	11	5	12	37	53	61	120	785	7	14	15	5	25	41	82	109	337	3	30	301	3011
492	47371	59463	59464	3	3	496	1	7	12	13	15	25	22	100	231	660	4	17	10	14	32	7	98	191	971	0	1	11	119
493	47465	59581	59582	3	3	497	1	16	10	15	6	32	30	73	65	577	14	11	16	18	10	31	17	195	722	1	11	119	1194
494	47561	59701	59703	3	3	498	1	11	16	27	3	27	33	30	94	921	16	10	23	9	38	40	90	31	745	1	19	194	1949
495	47659	59824	59825	3	3	499	1	8	10	12	5	39	2	5	51	170	7	11	7	15	31	6	15	153	510	9	94	949	9491
496	47755	59944	59946	3	3	500	1	16	17	26	3	9	24	11	241	871	14	13	20	9	27	13	33	221	595	4	49	491	4912
497	47840	60054	60056	3	3	501	1	14	9	4	20	25	55	62	71	652	8	8	12	29	32	47	85	213	947	9	91	912	9129
498	47946	60185	60186	3	3	502	1	1	13	9	22	6	6	95	84	427	3	1	27	4	18	18	83	1	272	1	12	129	1298
499	48040	60303	60304	3	3	503	1	5	0	5	14	8	7	48	25	36	15	0	15	11	24	21	43	75	108	2	29	298	2983
500	48138	60426	60427	3	3	504	1	16	7	23	14	39	18	23	247	491	14	2	11	11	31	54	69	239	464	9	98	983	9833
501	48232	60544	60545	3	3	505	1	4	5	4	8	30	11	22	234	966	12	15	12	24	4	33	66	200	880	8	83	833	8336
502	48330	60666	60668	3	3	506	1	11	6	12	23	27	6	87	38	34	16	18	7	7	38	18	59	114	102	3	33	336	3367
503	48425	60787	60788	3	3	507	1	7	1	26	16	13	18	53	213	140	4	3	20	17	39	54	58	137	420	3	36	367	3673
504	48519	60905	60906	3	3	508	1	4	15	24	13	22	24	40	68	89	12	7	14	8	23	13	19	204	267	6	67	673	6733
505	48617	61027	61029	3	3	509	1	3	14	1	14	41	5	66	246	510	9	4	3	11	37	15	97	236	521	7	73	733	7336
506	48713	61148	61149	3	3	510	1	1	15	5	20	14	56	96	210	769	3	7	15	29	42	50	86	128	289	3	33	336	3362
507	48809	61268	61270	3	3	511	1	6	13	12	15	20	33	56	115	205	1	1	7	14	17	40	67	94	615	3	36	362	3624
508	48905	61388	61390	3	3	512	1	2	15	12	23	39	28	20	218	649	6	7	7	7	31	25	60	152	938	6	62	624	6244
509	48993	61502	61503	3	3	513	1	14	14	27	6	36	15	54	92	463	8	4	23	18	22	45	61	25	380	2	24	244	2440
510	49092	61625	61626	3	3	514	1	6	17	9	7	1	15	34	66	733	1	13	27	21	3	45	1	198	181	4	44	440	4406
511	49192	61750	61751	3	3	515	1	4	12	3	1	32	27	53	91	552	12	17	9	3	10	22	58	22	647	4	40	406	4065
512	49288	61870	61872	3	3	516	1	12	6	22	18	2	49	91	25	600	2	18	8	23	6	29	71	75	791	0	6	65	656
513	49384	61990	61992	3	3	517	1	9	12	7	30	16	51	18	92	679	10	17	21	28	5	35	54	25	19	6	65	656	6566
514	49470	62101	62108	87	3*29	518	1	16	6	17	28	9	48	80	13	756	15	9	0	18	9	46	92	127	187	5	56	566	5664
515	49575	62231	62233	3	3	519	1	1	7	16	1	9	48	17	19	153	3	2	19	3	27	26	51	57	459	6	66	664	6643
516	49671	62351	62353	3	3	520	1	9	16	28	5	32	50	65	146	184	10	10	26	15	10	32	94	187	552	6	64	643	6430
517	49767	62472	62473	3	3	521	1	6	14	19	4	28	30	90	36	207	1	4	28	12	41	31	68	108	621	4	43	430	4308
518	49861	62590	62591	3	3	522	1	6	6	9	19	4	55	98	30	66	1	18	27	26	12	47	92	90	198	3	30	308	3086
519	49956	62710	62712	3	3	523	1	5	15	27	6	40	47	35	182	774	15	7	23	18	34	23	4	44	304	0	8	86	860
520	50050	62829	62835	57	3*19	524	1	12	3	28	0	25	37	49	40	443	4	0	1	0	6	44	66	21	26	8	86	860	8602
521	50150	62953	62955	3	3	525	1	12	5	21	14	25	19	17	55	928	2	15	5	11	32	57	51	165	766	6	60	602	6021
522	50244	63071	63073	3	3	526	1	14	16	19	1	8	7	18	177	139	8	10	28	3	24	21	54	29	417	0	2	21	213
523	50342	63194	63196	3	3	527	1	13	6	17	15	29	17	73	230	898	5	18	22	14	1	51	17	188	676	2	21	213	2139
524	50436	63312	63314	3	3	528	1	15	1	21	12	21	10	63	123	144	11	3	5	5	20	30	88	118	432	1	13	139	1394
525	50534	63435	63436	3	3	529	1	12	16	12	13	33	45	63	83	48	2	10	7	8	13	17	88	249	144	3	39	394	3949
526	50627	63553	63554	3	3	530	1	7	5	3	7	22	13	86	92	770	4	15	9	21	23	39	56	25	292	9	94	949	9494
527	50725	63676	63677	3	3	531	1	5	7	15	3	30	33	58	74	375	15	2	16	9	4	40	73	222	116	4	49	494	4946
528	50821	63796	63797	3	3	532	1	4	10	9	24	42	0	13	63	61	12	11	27	10	40	0	39	189	183	9	94	946	9463
529	50915	63914	63916	3	3	533	1	9	4	25	28	41	42	56	137	961	10	12	17	22	37	8	67	160	865	4	46	463	4639
530	51013	64037	64038	3	3	534	1	15	12	25	30	21	25	20	244	202	11	17	17	28	20	16	60	230	606	6	63	639	6395
531	51109	64157	64159	3	3	535	1	5	16	13	17	21	56	41	44	693	15	10	10	20	20	50	22	132	61	3	39	395	3952
532	51204	64277	64279	3	3	536	1	1	5	14	13	6	33	26	169	376	3	15	13	8	18	40	78	5	119	9	95	952	9522
533	51300	64398	64399	3	3	537	1	13	11	12	10	7	12	57	176	709	5	14	7	30	21	36	70	26	109	5	52	522	5224
534	51391	64513	64515	3	3	538	1	0	5	5	20	34	47	86	177	936	0	15	15	29	16	23	56	29	790	2	22	224	2247
535	51490	64636	64638	3	3	539	1	14	2	27	29	8	45	56	103	641	8	6	23	25	24	17	67	58	914	2	24	247	2473
536	51588	64759	64760	3	3	540	1	13	6	16	23	37	31	44	234	346	5	18	19	7	25	34	31	200	29	4	47	473	4737
537	51676	64871	64873	3	3	541	1	7	12	3	29	14	27	47	145	430	4	17	9	25	42	22	40	184	281	7	73	737	7371
538	51779	65000	65001	3	3	542	1	14	6	21	10	25	8	16	186	331	8	18	5	30	32	24	48	56	993	3	37	371	3719
539	51871	65115	65117	3	3	543	1	4	8	22	14	24	52	14	15	458	12	5	8	11	29	38	42	45	365	7	71	719	7190
540	51971	65240	65242	3	3	544	1	10	13	4	22	21	22	78	233	323	13	1	12	4	20	7	32	197	969	1	19	190	1907
541	52067	65361	65362	3	3	545	1	11	18	28	6	10	44	4	26	962	16	16	26	18	30	14	12	78	868	9	90	907	9070
542	52163	65481	65483	3	3	546	1	1	7	4	4	19	31	7	209	245	3	2	12	12	14	34	21	125	735	0	7	70	702
543	52256	65599	65601	3	3	547	1	12	4	7	6	25	29	78	157	408	2	12	21	18	32	28	32	220	215	7	70	702	7021
544	52352	65720	65721	3	3	548	1	4	13	1	8	36	42	74	161	271	12	1	3	24	22	8	20	232	813	0	2	21	217
545	52450	65842	65844	3	3	549	1	4	5	0	11	34	28	76	105	922	12	15	0	2	16	25	26	64	748	2	21	217	2179
546	52546	65963	65964	3	3	550	1	7	14	24	26	35	12	93	209	620	4	4	14	16	19	36	77	125	851	1	17	179	1798
547	52640	66081	66082	3	3	551	1	1	12	20	19	36	44	10	17	496	3	17	2	26	22	14	30	51	479	7	79	798	7986
548	52733	66198	66205	87	3*29	552	1	10	3	13	2	13	39	7	187	1006	3	14	0	19	13	30	3	205	748	9	98	986	9860
549	52831	66321	66323	3	3	553	1	7	10	21	13	23	2	100	210	548	4	11	5	8	26	6	98	128	635	8	86	860	8609
550	52929	66444	66446	3	3	554	1	12	12	13	8	5	25	13	39	261	2	17	10	24	15	16	39	117	783	6	60	609	6094
551	53023	66562	66564	3	3	555	1	2	16	4	8	12	22	2	50	870	6	10	12	24	36	7	6	150	592	0	9	94	943
552	53121	66685	66686	3	3	556	1	9	10	3	13	37	38	23	207	307	10	11	9	8	25	55	69	119	921	9	94	943	9437
553	53217	66805	66807	3	3	557	1	16	17	27	22	35	13	14	62	861	14	13	23	4	19	39	42	186	565	4	43	437	4370
554	53310	66923	66925	3	3	558	1	15	4	18	3	13	47	49	127	776	11	12	25	9	39	23	46	130	310	3	37	370	3702
555	53408	67046	67047	3	3	559	1	5	13	6	27	27	45	70	178	356	15	1	18	19	38	17	8	32	59	7	70	702	7027
556	53504	67166	67168	3	3	560	1	16	0	4	9	12	35	16	5	16	14	0	12	27	36	46	48	15	48	0	2	27	277
557	53600	67287	67288	3	3	561	1	15	7	17	2	0	0	21	196	537	11	2	22	6	0	0	63	86	602	2	27	277	2770
558	53696	67407	67409	3	3	562	1	10	6	9	3	37	0	84	145	965	13	18	27	9	25	0	50	184	877	7	77	770	7705
559	53787	67523	67524	3	3	563	1	1	1	3	29	12	23	35	175	839	3	3	9	25	36	10	4	23	499	7	70	705	7053
560	53885	67645	67647	3	3	564	1	15	4	23	7	6	31	90	189	11	11	12	11	21	18	34	68	65	33	0	5	53	539
561	53983	67768	67770	3	3	565	1	12	18	20	12	12	14	70	240	693	2	16	2	5	36	42	8	218	61	5	53	539	5392
562	54079	67888	67890	3	3	566	1	4	14	2	23	11	49	57	136	526	12	4	6	7	33	29	70	157	569	3	39	392	3921
563	54175	68009	68010	3	3	567	1	8	15	8	21	38	17	51	169	121	7	7	24	1	28	51	52	5	363	9	92	921	9217
564	54266	68125	68126	3	3	568	1	2	18	9	13	0	20	41	230	127	6	16	27	8	0	1	22	188	381	2	21	217	2171
565	54367	68250	68251	3	3	569	1	2	15	10	11	1	34	23	91	120	6	7	1	2	3	43	69	22	360	1	17	171	1717
566	54463	68370	68372	3	3	570	1	1	2	9	26	39	26	93	203	20	3	6	27	16	31	19	77	107	60	7	71	717	7176
567	54558	68490	68492	3	3	571	1	8	7	5	10	40	17	0	219	587	7	2	15	30	34	51	0	155	752	1	17	176	1762
568	54652	68608	68610	3	3	572	1	10	10	13	9	24	10	48	234	79	13	11	10	27	29	30	43	200	237	7	76	762	7629
569	54748	68729	68730	3	3	573	1	4	5	15	0	31	6	47	100	876	12	15	16	0	7	18	40	49	610	6	62	629	6293
570	54846	68851	68853	3	3	574	1	11	12	7	12	32	55	94	175	95	16	17	21	5	10	47	80	23	285	2	29	293	2931
571	54942	68972	68973	3	3	575	1	7	18	4	23	41	23	47	76	884	4	16	12	7	37	10	40	228	634	9	93	931	9317
572	55028	69083	69087	15	3*5	576	1	12	6	5	8	22	8	6	84	39	10	14	17	27	29	2	90	5	585	3	31	317	3176
573	55133	69213	69214	3	3	577	1	3	16	5	10	22	7	32	103	92	9	10	15	30	23	21	96	58	276	1	17	176	1767
574	55227	69331	69332	3	3	578	1	7	18	5	17	23	25	79	53	891	4	16	15	20	26	16	35	159	655	7	76	767	7675
575	55325	69453	69455	3	3	579	1	6	11	19	29	32	18	32	29	487	1	14	28	25	10	54	96	87	452	6	67	675	6752
576	55414	69567	69573	75	3*5^2	580	1	6	12	21	12	41	41	64	44	724	8	7	9	1	22	7	53	37	823	7	75	752	7523
577	55504	69682	69688	57	3*19	581	1	8	9	13	3	34	18	39	201	890	14	0	16	16	3	23	1	162	280	5	52	523	5238
578	55612	69814	69816	3	3	582	1	14	5	19	27	17	42	100	73	832	8	15	28	19	8	8	98	219	478	2	23	238	2384
579	55706	69932	69934	3	3	583	1	11	16	7	27	16	29	81	76	504	16	10	21	19	5	28	41	228	503	3	38	384	3846
580	55804	70055	70057	3	3	584	1	12	6	28	5	27	15	17	121	539	2	18	26	15	38	45	51	112	608	8	84	846	8467
581	55900	70176	70177	3	3	585	1	9	5	21	26	29	12	55	207	258	10	15	5	16	1	36	64	119	774	4	46	467	4674
582	55996	70296	70297	3	3	586	1	6	16	26	27	5	28	9	114	780	1	10	20	19	15	25	27	91	322	6	67	674	6748
583	56092	70416	70418	3	3	587	1	1	6	1	11	36	44	18	130	83	3	18	3	2	22	14	54	139	249	7	74	748	7481
584	56183	70532	70534	3	3	588	1	16	17	23	1	30	45	100	148	877	14	13	11	3	4	17	98	193	613	4	48	481	4818
585	56281	70655	70656	3	3	589	1	8	2	13	3	6	28	7	224	90	7	6	10	9	18	25	21	170	270	8	81	818	8184
586	56379	70777	70779	3	3	590	1	13	1	21	23	18	43	93	147	310	5	3	5	7	11	11	77	190	930	1	18	184	1846
587	56475	70898	70899	3	3	591	1	8	12	11	1	14	3	11	201	794	7	17	4	3	42	9	33	101	364	8	84	846	8467
588	56571	71018	71020	3	3	592	1	7	16	27	29	2	5	76	115	487	4	10	23	25	6	15	26	94	452	4	46	467	4676
589	56662	71134	71135	3	3	593	1	10	4	0	15	31	19	82	119	442	13	12	0	14	7	57	44	106	317	6	67	676	6766
590	56762	71259	71260	3	3	594	1	2	11	23	19	9	57	1	237	729	6	14	11	26	27	53	3	209	169	7	76	766	7669
591	56858	71379	71381	3	3	595	1	13	11	7	11	3	33	97	204	403	5	14	21	2	9	40	89	110	200	6	66	669	6694
592	56954	71500	71501	3	3	596	1	7	10	17	7	2	33	62	223	813	4	11	22	21	6	40	85	167	421	6	69	694	6940
593	57045	71615	71617	3	3	597	1	10	1	14	20	11	48	84	29	956	13	3	13	29	33	26	50	87	850	9	94	940	9405
594	57143	71738	71740	3	3	598	1	7	15	24	26	39	29	12	1	214	4	7	14	16	31	28	36	3	642	4	40	405	4051
595	57241	71861	71862	3	3	599	1	5	6	1	25	42	35	83	238	806	15	18	3	13	40	46	47	212	400	0	5	51	513
596	57337	71981	71983	3	3	600	1	4	10	25	25	24	40	42	224	474	12	11	17	13	29	2	25	170	413	5	51	513	5132
597	57431	72099	72101	3	3	601	1	9	14	14	1	17	1	29	32	497	10	4	13	3	8	3	87	96	482	1	13	132	1320
598	57529	72222	72223	3	3	602	1	15	18	1	15	42	42	88	148	855	11	16	3	14	40	8	62	193	547	3	32	320	3200
599	57622	72340	72341	3	3	603	1	1	9	14	26	28	46	56	178	200	3	8	13	16	41	20	67	32	600	2	20	200	2000
600	57721	72463	72464	3	3	604	1	1	1	21	11	4	19	87	53	206	3	3	5	2	12	57	59	159	618	0	0	0	5
601	57814	72581	72582	3	3	605	1	6	13	19	16	9	10	78	174	752	1	1	28	17	27	30	32	20	238	0	0	5	56
602	57912	72703	72705	3	3	606	1	0	5	19	25	14	47	19	206	57	0	15	28	13	42	23	57	116	171	0	5	56	568
603	58008	72824	72825	3	3	607	1	2	14	24	15	26	51	7	72	324	6	4	14	14	35	35	21	216	972	5	56	568	5681
604	58102	72942	72943	3	3	608	1	6	12	8	23	41	24	60	158	394	1	17	24	7	37	13	79	223	173	6	68	681	6812
605	58200	73064	73066	3	3	609	1	7	11	20	9	1	11	10	151	501	4	14	2	27	3	33	30	202	494	8	81	812	8127
606	58296	73185	73186	3	3	610	1	14	12	8	7	18	22	60	234	392	8	17	24	21	11	7	79	200	167	1	12	127	1271
607	58391	73305	73307	3	3	611	1	15	12	16	14	30	31	19	162	812	11	17	19	11	4	34	57	235	418	2	27	271	2714
608	58487	73425	73427	3	3	612	1	10	4	16	21	38	9	21	155	700	13	12	19	1	28	27	63	214	82	7	71	714	7145
609	58578	73541	73543	3	3	613	1	12	8	22	13	14	33	89	174	97	2	5	8	8	42	40	65	20	291	1	14	145	1452
610	58677	73664	73665	3	3	614	1	7	11	12	2	14	54	41	97	715	4	14	7	6	42	44	22	40	127	4	45	452	4526
611	58775	73787	73788	3	3	615	1	9	1	10	9	35	47	12	93	225	10	3	1	27	19	23	36	28	675	5	52	526	5263
612	58871	73907	73909	3	3	616	1	3	13	6	0	1	41	52	155	618	9	1	18	0	3	5	55	214	845	2	26	263	2635
613	58966	74027	74029	3	3	617	1	4	0	25	1	17	54	90	173	622	12	0	17	3	8	44	68	17	857	6	63	635	6356
614	59055	74141	74142	3	3	618	1	4	11	10	7	34	56	18	117	134	12	14	1	21	16	50	54	100	402	3	35	356	3560
615	59153	74263	74270	87	3*29	619	1	16	12	17	0	6	13	1	8	619	15	18	0	0	6	10	87	194	376	5	56	560	5608
616	59254	74388	74390	3	3	620	1	1	6	28	15	3	15	63	30	120	3	18	26	14	9	45	88	90	360	6	60	608	6082
617	59342	74501	74502	3	3	621	1	1	7	28	19	42	39	83	187	11	3	2	26	26	40	58	47	59	33	0	8	82	827
618	59443	74627	74628	3	3	622	1	16	15	5	28	20	38	61	92	631	14	7	15	22	17	55	82	25	884	8	82	827	8277
619	59539	74747	74749	3	3	623	1	2	18	0	29	39	13	94	201	610	6	16	0	25	31	39	80	101	821	2	27	277	2778
620	59637	74870	74871	3	3	624	1	9	15	24	3	6	37	14	84	53	10	7	14	9	18	52	42	1	159	7	77	778	7785
621	59733	74990	74992	3	3	625	1	16	13	17	2	7	4	96	198	660	14	1	22	6	21	12	86	92	971	7	78	785	7857
622	59826	75108	75110	3	3	626	1	15	3	21	5	14	35	38	76	706	11	9	5	15	42	46	13	228	100	8	85	857	8577
623	59925	75231	75233	3	3	627	1	5	2	16	28	30	27	13	86	665	15	6	19	22	4	22	39	7	986	5	57	577	5771
624	60018	75349	75351	3	3	628	1	10	9	6	18	34	37	90	8	351	13	8	18	23	16	52	68	24	44	7	77	771	7713
625	60116	75472	75473	3	3	629	1	15	12	15	7	25	18	100	218	519	11	17	16	21	32	54	98	152	548	7	71	713	7134
626	60210	75590	75591	3	3	630	1	2	5	26	9	7	48	83	101	407	6	15	20	27	21	26	47	52	212	1	13	134	1342
627	60308	75712	75714	3	3	631	1	8	12	4	22	37	25	4	36	909	7	17	12	4	25	16	12	108	709	3	34	342	3427
628	60404	75833	75834	3	3	632	1	7	18	14	25	41	28	96	101	847	4	16	13	13	37	25	86	52	523	4	42	427	4275
629	60497	75951	75952	3	3	633	1	16	9	7	5	37	35	10	143	875	14	8	21	15	25	46	30	178	607	2	27	275	2757
630	60595	76074	76075	3	3	634	1	4	16	11	21	33	28	95	91	791	12	10	4	1	13	25	83	22	355	7	75	757	7577
631	60691	76194	76196	3	3	635	1	8	14	22	2	38	7	42	40	976	7	4	8	6	28	21	25	120	910	5	57	577	5778
632	60787	76314	76316	3	3	636	1	16	11	14	30	32	45	22	106	713	14	14	13	28	10	17	66	67	121	7	77	778	7789
633	60883	76435	76436	3	3	637	1	2	18	10	29	40	13	18	234	76	6	16	1	25	34	39	54	200	228	7	78	789	7896
634	60967	76544	76550	57	3*19	638	1	10	16	20	21	13	40	42	26	995	9	0	9	19	10	38	71	227	211	8	89	896	8960
635	61070	76671	76672	3	3	639	1	1	4	23	13	3	47	17	211	845	3	12	11	8	9	23	51	131	517	9	96	960	9609
636	61170	76796	76797	3	3	640	1	16	4	9	12	8	3	28	94	714	14	12	27	5	24	9	84	31	124	6	60	609	6091
637	61266	76916	76918	3	3	641	1	3	6	15	25	14	34	28	152	124	9	18	16	13	42	43	84	205	372	0	9	91	917
638	61362	77036	77038	3	3	642	1	11	5	2	18	20	51	71	182	895	16	15	6	23	17	35	11	44	667	9	91	917	9173
639	61453	77152	77154	3	3	643	1	3	9	11	20	11	2	86	183	21	9	8	4	29	33	6	56	47	63	1	17	173	1736
640	61554	77277	77279	3	3	644	1	3	6	15	22	2	1	57	216	707	9	18	16	4	6	3	70	146	103	7	73	736	7363
641	61649	77398	77399	3	3	645	1	3	7	26	8	8	57	39	51	896	9	2	20	24	24	53	16	153	670	3	36	363	3637
642	61745	77518	77520	3	3	646	1	1	10	4	17	42	34	93	123	315	3	11	12	20	40	43	77	118	945	6	63	637	6371
643	61839	77636	77638	3	3	647	1	8	4	2	2	35	1	72	103	850	7	12	6	6	19	3	14	58	532	3	37	371	3717
644	61935	77756	77758	3	3	648	1	14	10	11	27	41	47	24	4	706	8	11	4	19	37	23	72	12	100	7	71	717	7178
645	62033	77879	77881	3	3	649	1	16	16	21	30	5	11	53	181	855	14	10	5	28	15	33	58	41	547	1	17	178	1787
646	62129	77999	78001	3	3	650	1	14	5	5	12	34	30	97	96	911	8	15	15	5	16	31	89	37	715	7	78	787	7872
647	62222	78117	78119	3	3	651	1	11	6	28	3	16	56	66	5	999	16	18	26	9	5	50	97	15	979	8	87	872	8721
648	62320	78240	78242	3	3	652	1	12	11	5	30	29	4	44	197	292	2	14	15	28	1	12	31	89	876	7	72	721	7214
649	62409	78353	78360	87	3*29	653	1	1	4	18	14	26	11	80	56	153	2	6	0	9	26	13	92	103	194	2	21	214	2146
650	62506	78475	78482	219	3*73	654	1	8	17	19	23	33	40	97	61	696	1	18	14	15	3	28	33	56	65	1	14	146	1468
651	62605	78599	78601	3	3	655	1	7	15	9	13	24	13	62	161	662	4	7	27	8	29	39	85	232	977	4	46	468	4684
652	62703	78722	78723	3	3	656	1	9	6	7	30	4	40	17	203	965	10	18	21	28	12	2	51	107	877	6	68	684	6844
653	62799	78842	78844	3	3	657	1	6	10	27	22	36	36	68	163	244	1	11	23	4	22	49	2	238	732	8	84	844	8440
654	62893	78960	78962	3	3	658	1	6	14	2	14	19	56	43	45	357	1	4	6	11	14	50	28	135	62	4	44	440	4409
655	62991	79083	79084	3	3	659	1	8	18	22	14	4	42	94	72	888	7	16	8	11	12	8	80	216	646	4	40	409	4090
656	63079	79195	79197	3	3	660	1	7	11	22	30	11	43	22	30	163	4	14	8	28	33	11	66	90	489	0	9	90	901
657	63183	79323	79325	3	3	661	1	12	1	22	23	16	12	1	34	775	2	3	8	7	5	36	3	102	307	9	90	901	9012
658	63278	79444	79445	3	3	662	1	2	8	19	16	11	54	96	164	567	6	5	28	17	33	44	86	241	692	0	1	12	122
659	63370	79560	79561	3	3	663	1	8	4	23	15	26	12	70	131	862	7	12	11	14	35	36	8	142	568	1	12	122	1224
660	63468	79682	79684	3	3	664	1	15	18	12	9	24	27	37	189	662	11	16	7	27	29	22	10	65	977	2	22	224	2249
661	63566	79805	79807	3	3	665	1	12	3	12	20	36	36	24	81	227	2	9	7	29	22	49	72	243	681	2	24	249	2495
662	63662	79925	79927	3	3	666	1	1	11	13	15	29	32	76	26	987	3	14	10	14	1	37	26	78	943	4	49	495	4953
663	63758	80046	80047	3	3	667	1	5	12	5	23	29	31	97	237	688	15	17	15	7	1	34	89	209	46	9	95	953	9534
664	63842	80155	80163	237	3*79	668	1	7	7	11	20	28	5	8	90	672	10	6	26	28	14	5	78	246	851	5	53	534	5343
665	63949	80286	80288	3	3	669	1	11	4	10	20	41	3	75	70	365	16	12	1	29	37	9	23	210	86	3	34	343	3430
666	64045	80407	80408	3	3	670	1	15	10	3	1	42	40	93	106	405	11	11	9	3	40	2	77	67	206	4	43	430	4301
667	64141	80527	80529	3	3	671	1	5	17	13	18	29	56	62	201	184	15	13	10	23	1	50	85	101	552	3	30	301	3014
668	64234	80645	80647	3	3	672	1	7	4	8	6	20	40	37	107	712	4	12	24	18	17	2	10	70	118	0	1	14	146
669	64330	80766	80767	3	3	673	1	6	14	19	30	4	5	25	181	888	1	4	28	28	12	15	75	41	646	1	14	146	1465
670	64428	80888	80890	3	3	674	1	0	0	13	1	14	34	28	20	619	0	0	10	3	42	43	84	60	848	4	46	465	4654
671	64524	81009	81010	3	3	675	1	2	7	18	5	13	0	30	48	544	6	2	25	15	39	0	90	144	623	6	65	654	6549
672	64618	81127	81128	3	3	676	1	6	5	2	7	11	19	37	153	611	1	15	6	21	33	57	10	208	824	5	54	549	5495
673	64716	81249	81251	3	3	677	1	7	6	18	2	5	50	85	236	584	4	18	25	6	15	32	53	206	743	4	49	495	4958
674	64809	81367	81369	3	3	678	1	13	4	3	6	38	34	1	201	175	5	12	9	18	28	43	3	101	525	9	95	958	9585
675	64907	81490	81492	3	3	679	1	15	18	0	0	8	32	60	235	855	11	16	0	0	24	37	79	203	547	5	58	585	5853
676	65001	81608	81610	3	3	680	1	2	18	26	9	3	57	29	34	868	6	16	20	27	9	53	87	102	586	8	85	853	8537
677	65099	81731	81732	3	3	681	1	11	15	28	5	28	4	62	48	177	16	7	26	15	41	12	85	144	531	5	53	537	5371
678	65195	81851	81853	3	3	682	1	1	13	9	15	35	5	6	167	498	3	1	27	14	19	15	18	250	485	3	37	371	3710
679	65288	81969	81971	3	3	683	1	12	3	8	12	7	22	33	88	839	2	9	24	5	21	7	99	13	499	7	71	710	7105
680	65387	82092	82093	3	3	684	1	3	2	5	13	8	15	16	191	748	9	6	15	8	24	45	48	71	226	1	10	105	1050
681	65482	82212	82214	3	3	685	1	4	7	22	4	31	52	86	24	858	12	2	8	12	7	38	56	72	556	0	5	50	507
682	65578	82333	82334	3	3	686	1	7	12	16	3	5	45	8	207	833	4	17	19	9	15	17	24	119	481	5	50	507	5079
683	65661	82440	82455	24621	3*29*283	687	1	3	13	5	28	15	57	22	158	107	15	18	0	10	31	23	100	120	957	0	7	79	792
684	65765	82569	82570	3	3	688	1	15	2	19	18	37	57	43	202	843	11	6	28	23	25	53	28	104	511	7	79	792	7922
685	65863	82691	82693	3	3	689	1	7	15	4	6	27	46	19	113	233	4	7	12	18	38	20	57	88	699	9	92	922	9227
686	65961	82814	82816	3	3	690	1	12	7	11	17	35	21	81	240	169	2	2	4	20	19	4	41	218	507	2	22	227	2279
687	66057	82934	82936	3	3	691	1	10	16	26	13	25	1	89	128	820	13	10	20	8	32	3	65	133	442	2	27	279	2796
688	66153	83055	83056	3	3	692	1	9	14	16	10	27	29	49	237	854	10	4	19	30	38	28	46	209	544	7	79	796	7968
689	66244	83171	83172	3	3	693	1	2	5	10	20	42	43	22	17	594	6	15	1	29	40	11	66	51	773	9	96	968	9689
690	66345	83296	83297	3	3	694	1	7	18	13	21	5	3	60	172	244	4	16	10	1	15	9	79	14	732	6	68	689	6892
691	66436	83412	83418	57	3*19	695	1	11	6	27	11	2	51	12	235	239	15	0	2	7	28	16	78	92	506	8	89	892	8925
692	66531	83530	83538	177	3*59	696	1	2	12	20	25	23	41	7	84	115	14	15	2	23	29	0	27	59	175	9	92	925	9258
693	66630	83654	83656	3	3	697	1	3	16	26	2	31	29	74	135	396	9	10	20	6	7	28	20	154	179	2	25	258	2589
694	66726	83775	83776	3	3	698	1	2	5	1	8	34	45	15	164	290	6	15	3	24	16	17	45	241	870	5	58	589	5892
695	66824	83897	83899	3	3	699	1	8	5	13	22	36	58	51	157	662	7	15	10	4	22	56	52	220	977	8	89	892	8923
696	66912	84010	84011	3	3	700	1	7	17	19	20	10	50	44	129	759	4	13	28	29	30	32	31	136	259	9	92	923	9235
697	67011	84133	84135	3	3	701	1	10	1	17	20	17	29	28	84	745	13	3	22	29	8	28	84	1	217	2	23	235	2354
698	67111	84258	84260	3	3	702	1	4	7	12	30	30	36	6	207	954	12	2	7	28	4	49	18	119	844	3	35	354	3542
699	67205	84377	84378	3	3	703	1	5	2	11	8	11	8	60	126	165	15	6	4	24	33	24	79	127	495	5	54	542	5420
700	67303	84499	84501	3	3	704	1	16	1	24	11	38	50	76	236	147	14	3	14	2	28	32	26	206	441	4	42	420	4201
701	67394	84615	84619	15	3*5	705	1	13	2	5	6	27	18	25	51	885	8	11	17	28	18	34	72	12	158	2	20	201	2019
702	67495	84740	84742	3	3	706	1	1	16	25	2	31	1	11	138	350	3	10	17	6	7	3	33	163	41	0	1	19	199
703	67590	84860	84862	3	3	707	1	8	5	23	27	1	45	7	212	1003	7	15	11	19	3	17	21	134	991	1	19	199	1995
704	67684	84978	84980	3	3	708	1	10	6	4	13	38	14	2	146	941	13	18	12	8	28	42	6	187	805	9	99	995	9956
705	67782	85101	85103	3	3	709	1	3	11	12	8	30	42	91	100	455	9	14	7	24	4	8	71	49	356	9	95	956	9561
706	67878	85221	85223	3	3	710	1	11	10	26	9	1	10	21	169	876	16	11	20	27	3	30	63	5	610	5	56	561	5611
707	67974	85342	85343	3	3	711	1	7	6	4	13	40	18	6	221	759	4	18	12	8	34	54	18	161	259	6	61	611	6112
708	68070	85462	85464	3	3	712	1	3	18	1	22	18	15	13	67	76	9	16	3	4	11	45	39	201	228	1	11	112	1121
709	68161	85578	85579	3	3	713	1	11	1	6	13	7	9	48	152	261	16	3	18	8	21	27	43	205	783	1	12	121	1212
710	68259	85701	85702	3	3	714	1	7	2	14	24	0	58	65	241	212	4	6	13	10	0	56	94	221	636	2	21	212	2129
711	68357	85823	85825	3	3	715	1	6	13	12	9	19	37	9	151	540	1	1	7	27	14	52	27	202	611	1	12	129	1290
712	68453	85944	85945	3	3	716	1	2	18	11	2	14	44	61	117	37	6	16	4	6	42	14	82	100	111	2	29	290	2902
713	68549	86064	86066	3	3	717	1	16	7	22	3	42	26	7	170	481	14	2	8	9	40	19	21	8	434	9	90	902	9021
714	68640	86180	86181	3	3	718	1	6	16	21	29	15	9	8	250	38	1	10	5	25	2	27	24	248	114	0	2	21	219
715	68740	86305	86306	3	3	719	1	4	8	22	4	16	34	66	156	737	12	5	8	12	5	43	97	217	193	2	21	219	2196
716	68836	86425	86427	3	3	720	1	12	5	7	12	24	48	92	243	490	2	15	21	5	29	26	74	227	461	1	19	196	1960
717	68927	86541	86547	87	3*29	721	1	5	9	10	4	1	12	100	250	445	10	4	0	7	1	41	14	164	373	9	96	960	9608
718	69023	86661	86663	3	3	722	1	5	10	25	12	9	57	61	196	172	15	11	17	5	27	53	82	86	516	6	60	608	6086
719	69121	86784	86785	3	3	723	1	7	6	23	3	14	0	56	33	330	4	18	11	9	42	0	67	99	990	0	8	86	864
720	69219	86907	86908	3	3	724	1	9	12	19	11	5	35	73	144	656	10	17	28	2	15	46	17	181	959	8	86	864	8640
721	69315	87027	87028	3	3	725	1	6	12	16	26	41	5	34	12	795	1	17	19	16	37	15	1	36	367	6	64	640	6403
722	69409	87145	87147	3	3	726	1	6	16	27	2	42	4	87	91	158	1	10	23	6	40	12	59	22	474	4	40	403	4034
723	69507	87268	87269	3	3	727	1	8	10	10	14	40	41	58	134	951	7	11	1	11	34	5	73	151	835	0	3	34	344
724	69600	87386	87387	3	3	728	1	15	11	10	0	3	17	89	185	302	11	14	1	0	9	51	65	53	906	3	34	344	3441
725	69699	87508	87510	3	3	729	1	12	1	8	12	22	35	96	157	579	2	3	24	5	23	46	86	220	728	4	44	441	4418
726	69792	87626	87628	3	3	730	1	14	14	15	17	36	28	71	166	414	8	4	16	20	22	25	11	247	233	4	41	418	4181
727	69890	87749	87751	3	3	731	1	13	0	18	9	39	21	37	69	853	5	0	25	27	31	4	10	207	541	1	18	181	1815
728	69986	87869	87871	3	3	732	1	7	7	12	10	42	40	20	73	847	4	2	7	30	40	2	60	219	523	8	81	815	8159
729	70080	87988	87989	3	3	733	1	16	5	3	17	15	3	6	249	334	14	15	9	20	2	9	18	245	1002	1	15	159	1598
730	70178	88110	88112	3	3	734	1	1	6	15	29	39	14	23	200	212	3	18	16	25	31	42	69	98	636	5	59	598	5981
731	70273	88231	88232	3	3	735	1	5	1	9	12	37	23	93	79	407	15	3	27	5	25	10	77	237	212	9	98	981	9813
732	70369	88351	88353	3	3	736	1	4	18	9	14	7	5	1	175	809	12	16	27	11	21	15	3	23	409	8	81	813	8136
733	70465	88471	88473	3	3	737	1	11	14	25	27	3	17	96	71	259	16	4	17	19	9	51	86	213	777	1	13	136	1362
734	70556	88587	88589	3	3	738	1	4	12	4	24	23	32	90	224	830	12	17	12	10	26	37	68	170	472	3	36	362	3629
735	70654	88710	88711	3	3	739	1	1	14	26	1	14	9	86	245	792	3	4	20	3	42	27	56	233	358	6	62	629	6297
736	70745	88824	88826	3	3	740	1	1	10	10	4	10	34	85	247	736	3	11	1	12	30	43	53	239	190	2	29	297	2977
737	70848	88953	88954	3	3	741	1	13	2	9	27	35	6	98	213	413	5	6	27	19	19	18	92	137	230	9	97	977	9774
738	70944	89073	89075	3	3	742	1	0	7	19	11	6	42	26	48	515	0	2	28	2	18	8	78	144	536	7	77	774	7747
739	71033	89187	89188	3	3	743	1	6	8	5	25	13	6	53	45	184	1	5	15	13	39	18	58	135	552	7	74	747	7477
740	71136	89314	89315	3	3	744	1	13	6	21	15	35	43	53	153	404	5	18	5	14	19	11	58	208	203	4	47	477	4771
741	71232	89434	89436	3	3	745	1	7	12	21	23	23	16	99	103	779	4	17	5	7	26	48	95	58	319	7	77	771	7713
742	71328	89555	89556	3	3	746	1	14	18	28	1	42	18	61	177	283	8	16	26	3	40	54	82	29	849	7	71	713	7130
743	71421	89673	89674	3	3	747	1	3	9	24	12	19	27	68	196	852	9	8	14	5	14	22	2	86	538	1	13	130	1309
744	71517	89793	89795	3	3	748	1	2	7	23	13	8	49	29	159	95	6	2	11	8	24	29	87	226	285	3	30	309	3099
745	71615	89916	89917	3	3	749	1	11	14	4	19	40	7	89	132	709	16	4	12	26	34	21	65	145	109	0	9	99	996
746	71711	90036	90038	3	3	750	1	1	11	6	11	5	21	16	176	752	3	14	18	2	15	4	48	26	238	9	99	996	9960
747	71804	90154	90156	3	3	751	1	12	15	1	20	38	57	19	136	413	2	7	3	29	28	53	57	157	230	9	96	960	9605
748	71898	90273	90278	57	3*19	752	1	10	7	0	10	39	54	42	131	125	9	0	0	12	30	10	71	188	62	6	60	605	6051
749	71996	90395	90396	3	3	753	1	11	1	28	26	17	39	70	2	699	16	3	26	16	8	58	8	6	79	0	5	51	518
750	72094	90518	90519	3	3	754	1	7	4	13	25	41	38	92	15	0	4	12	10	13	37	55	74	45	0	5	51	518	5187
751	72183	90631	90637	87	3*29	755	1	10	10	0	13	23	46	32	233	658	3	15	0	15	23	49	57	191	742	1	18	187	1870
752	72286	90758	90760	3	3	756	1	1	5	18	5	29	0	85	5	455	3	15	25	15	1	0	53	15	356	8	87	870	8707
753	72382	90879	90880	3	3	757	1	1	16	13	15	9	25	92	79	518	3	10	10	14	27	16	74	237	545	7	70	707	7072
754	72475	90997	90998	3	3	758	1	16	5	4	26	29	29	26	72	643	14	15	12	16	1	28	78	216	920	0	7	72	721
755	72573	91119	91121	3	3	759	1	10	7	3	11	13	51	88	115	211	13	2	9	2	39	35	62	94	633	7	72	721	7211
756	72669	91240	91241	3	3	760	1	9	10	27	18	1	32	93	123	47	10	11	23	23	3	37	77	118	141	2	21	211	2113
757	72765	91360	91362	3	3	761	1	16	1	3	25	41	13	60	51	582	14	3	9	13	37	39	79	153	737	1	11	113	1134
758	72861	91480	91482	3	3	762	1	7	12	6	15	35	19	37	210	120	4	17	18	14	19	57	10	128	360	1	13	134	1349
759	72950	91594	91595	3	3	763	1	15	17	23	22	37	37	47	19	400	11	13	11	4	25	52	40	57	191	3	34	349	3499
760	73048	91717	91718	3	3	764	1	2	4	3	14	13	30	83	112	918	6	12	9	11	39	31	47	85	736	4	49	499	4999
761	73148	91842	91843	3	3	765	1	15	11	9	7	30	52	77	163	785	11	14	27	21	4	38	29	238	337	9	99	999	9999
762	73244	91962	91963	3	3	766	1	10	11	17	14	6	5	95	171	627	13	14	22	11	18	15	83	11	872	9	99	999	9999
763	73340	92082	92084	3	3	767	1	8	10	28	21	18	49	100	9	283	7	11	26	1	11	29	98	27	849	9	99	999	9999
764	73431	92198	92200	3	3	768	1	3	1	24	13	30	8	78	178	80	9	3	14	8	4	24	32	32	240	9	99	999	9998
765	73531	92323	92325	3	3	769	1	12	18	2	10	6	33	61	78	100	2	16	6	30	18	40	82	234	300	9	99	998	9983
766	73627	92443	92445	3	3	770	1	4	6	8	9	31	13	22	62	966	12	18	24	27	7	39	66	186	880	9	98	983	9837
767	73723	92564	92565	3	3	771	1	8	10	22	0	42	37	0	183	319	7	11	8	0	40	52	0	47	957	8	83	837	8372
768	73817	92682	92683	3	3	772	1	10	14	2	25	26	22	2	215	343	13	4	6	13	35	7	6	143	20	3	37	372	3729
769	73912	92802	92804	3	3	773	1	14	15	25	20	14	52	50	2	270	8	7	17	29	42	38	49	6	810	7	72	729	7297
770	74011	92925	92926	3	3	774	1	1	7	5	0	32	57	84	27	18	3	2	15	0	10	53	50	81	54	2	29	297	2978
771	74106	93045	93047	3	3	775	1	8	1	7	15	0	58	74	143	317	7	3	21	14	0	56	20	178	951	9	97	978	9780
772	74200	93163	93165	3	3	776	1	10	13	15	3	39	15	30	25	663	13	1	16	9	31	45	90	75	980	7	78	780	7804
773	74298	93286	93287	3	3	777	1	3	5	7	16	27	54	100	40	274	9	15	21	17	38	44	98	120	822	8	80	804	8049
774	74392	93404	93406	3	3	778	1	9	18	24	29	3	44	49	242	67	10	16	14	25	9	14	46	224	201	0	4	49	499
775	74490	93527	93528	3	3	779	1	7	3	22	3	29	38	18	98	181	4	9	8	9	1	55	54	43	543	4	49	499	4995
776	74575	93637	93638	3	3	780	1	4	4	25	22	17	5	2	219	797	12	12	17	4	8	15	6	155	373	9	99	995	9951
777	74681	93767	93769	3	3	781	1	3	12	25	25	6	14	98	12	806	9	17	17	13	18	42	92	36	400	9	95	951	9510
778	74777	93888	93889	3	3	782	1	1	12	19	28	34	13	12	17	47	3	17	28	22	16	39	36	51	141	5	51	510	5105
779	74871	94006	94007	3	3	783	1	8	16	3	18	13	29	66	152	427	7	10	9	23	39	28	97	205	272	1	10	105	1059
780	74969	94128	94130	3	3	784	1	2	10	18	7	26	12	37	49	831	6	11	25	21	35	36	10	147	475	0	5	59	597
781	75065	94249	94250	3	3	785	1	16	17	19	14	9	12	52	71	123	14	13	28	11	27	36	55	213	369	5	59	597	5973
782	75160	94369	94371	3	3	786	1	14	1	6	22	34	52	13	40	598	8	3	18	4	16	38	39	120	785	9	97	973	9731
783	75256	94490	94491	3	3	787	1	4	13	28	25	31	2	82	71	402	12	1	26	13	7	6	44	213	197	7	73	731	7317
784	75347	94605	94607	3	3	788	1	10	0	2	1	6	18	21	56	111	13	0	6	3	18	54	63	168	333	3	31	317	3173
785	75446	94728	94730	3	3	789	1	12	9	11	29	41	13	3	227	824	2	8	4	25	37	39	9	179	454	1	17	173	1732
786	75544	94851	94852	3	3	790	1	6	6	1	2	33	2	65	171	530	1	18	3	6	13	6	94	11	581	7	73	732	7328
787	75640	94971	94973	3	3	791	1	1	6	24	30	23	20	89	199	88	3	18	14	28	26	1	65	95	264	3	32	328	3281
788	75735	95091	95093	3	3	792	1	9	1	7	29	7	58	11	82	520	10	3	21	25	21	56	33	246	551	2	28	281	2816
789	75827	95207	95209	3	3	793	1	5	3	2	11	18	41	80	114	450	15	9	6	2	11	5	38	91	341	8	81	816	8160
790	75927	95332	95334	3	3	794	1	13	14	11	15	5	25	22	4	134	5	4	4	14	15	16	66	12	402	1	16	160	1609
791	76023	95452	95454	3	3	795	1	8	15	27	12	22	57	7	127	301	7	7	23	5	23	53	21	130	903	6	60	609	6096
792	76119	95573	95574	3	3	796	1	7	13	0	25	37	5	0	94	585	4	1	0	13	25	15	0	31	746	0	9	96	963
793	76212	95691	95692	3	3	797	1	16	3	22	16	5	23	36	121	777	14	9	8	17	15	10	7	112	313	9	96	963	9631
794	76308	95811	95813	3	3	798	1	14	8	13	7	32	26	11	82	868	8	5	10	21	10	19	33	246	586	6	63	631	6318
795	76406	95934	95935	3	3	799	1	13	7	17	22	6	27	23	72	938	5	2	22	4	18	22	69	216	796	3	31	318	3185
796	76502	96054	96056	3	3	800	1	7	12	2	8	39	43	90	160	326	4	17	6	24	31	11	68	229	978	1	18	185	1859
797	76595	96172	96174	3	3	801	1	16	5	24	22	19	21	26	38	828	14	15	14	4	14	4	78	114	466	8	85	859	8595
798	76694	96295	96297	3	3	802	1	1	12	1	10	33	15	79	223	758	3	17	3	30	13	45	35	167	256	5	59	595	5950
799	76787	96413	96415	3	3	803	1	1	15	5	27	27	53	20	210	648	3	7	15	19	38	41	60	128	935	9	95	950	9502
800	76885	96536	96537	3	3	804	1	4	7	12	30	40	7	76	104	644	12	2	7	28	34	21	26	61	923	5	50	502	5024
801	76979	96654	96655	3	3	805	1	9	7	6	21	25	30	2	109	768	10	2	18	1	32	31	6	76	286	0	2	24	244
802	77077	96776	96778	3	3	806	1	15	14	12	15	21	45	89	179	300	11	4	7	14	20	17	65	35	900	2	24	244	2445
803	77173	96897	96898	3	3	807	1	5	11	21	30	27	16	70	127	505	15	14	5	28	38	48	8	130	506	4	44	445	4459
804	77266	97015	97016	3	3	808	1	7	15	19	3	37	54	54	134	448	4	7	28	9	25	44	61	151	335	4	45	459	4594
805	77360	97133	97139	57	3*19	809	1	15	8	1	28	42	50	29	74	413	5	0	28	15	29	18	37	202	334	5	59	594	5945
806	77460	97258	97260	3	3	810	1	0	5	24	3	41	2	10	242	464	0	15	14	9	37	6	30	224	383	9	94	945	9455
807	77556	97378	97380	3	3	811	1	2	4	11	30	14	56	51	224	208	6	12	4	28	42	50	52	170	624	4	45	455	4553
808	77652	97499	97500	3	3	812	1	13	6	20	22	20	40	21	77	2	5	18	2	4	17	2	63	231	6	5	55	553	5534
809	77743	97614	97616	3	3	813	1	3	4	27	9	5	0	75	67	261	9	12	23	27	15	0	23	201	783	5	53	534	5346
810	77841	97737	97739	3	3	814	1	13	7	9	9	40	6	43	176	879	5	2	27	27	34	18	28	26	619	3	34	346	3469
811	77939	97860	97861	3	3	815	1	15	6	16	9	25	38	69	203	1007	11	18	19	27	32	55	5	107	1003	4	46	469	4690
812	78035	97980	97982	3	3	816	1	10	7	28	23	32	16	76	208	883	13	2	26	7	10	48	26	122	631	6	69	690	6908
813	78131	98100	98102	3	3	817	1	11	10	2	16	2	2	73	114	3	16	11	6	17	6	6	17	91	9	9	90	908	9083
814	78222	98216	98218	3	3	818	1	15	16	12	15	23	0	1	8	189	11	10	7	14	26	0	3	24	567	0	8	83	830
815	78323	98341	98343	3	3	819	1	9	12	6	14	32	38	18	245	646	10	17	18	11	10	55	54	233	929	8	83	830	8302
816	78410	98454	98455	3	3	820	1	3	17	16	15	38	34	51	13	987	9	13	19	14	28	43	52	39	943	3	30	302	3026
817	78514	98582	98584	3	3	821	1	4	5	3	15	32	54	69	244	287	12	15	9	14	10	44	5	230	861	0	2	26	264
818	78603	98695	98702	87	3*29	822	1	14	12	6	7	34	35	40	43	669	11	18	0	20	34	36	46	227	690	2	26	264	2642
819	78703	98820	98822	3	3	823	1	1	6	23	26	4	14	64	61	521	3	18	11	16	12	42	91	183	554	6	64	642	6425
820	78802	98943	98945	3	3	824	1	1	10	22	20	28	21	87	163	440	3	11	8	29	41	4	59	238	311	4	42	425	4252
821	78897	99063	99065	3	3	825	1	1	6	25	1	2	15	100	65	829	3	18	17	3	6	45	98	195	469	2	25	252	2522
822	78989	99179	99181	3	3	826	1	10	3	0	28	1	3	4	13	828	13	9	0	22	3	9	12	39	466	5	52	522	5223
823	79089	99304	99306	3	3	827	1	10	6	24	30	40	40	92	236	683	13	18	14	28	34	2	74	206	31	2	22	223	2230
824	79183	99422	99424	3	3	828	1	12	2	15	30	23	12	100	11	717	2	6	16	28	26	36	98	33	133	2	23	230	2308
825	79281	99545	99546	3	3	829	1	16	13	18	1	19	57	90	105	1	14	1	25	3	14	53	68	64	3	3	30	308	3082
826	79372	99661	99664	15	3*5	830	1	3	3	25	25	34	34	47	61	147	11	7	27	3	37	38	99	162	187	0	8	82	825
827	79472	99786	99787	3	3	831	1	5	7	1	4	24	40	59	140	620	15	2	3	12	29	2	76	169	851	8	82	825	8253
828	79568	99906	99908	3	3	832	1	16	1	15	2	30	21	2	65	338	14	3	16	6	4	4	6	195	5	2	25	253	2533
829	79662	100024	100026	3	3	833	1	3	13	26	6	17	44	51	140	409	9	1	20	18	8	14	52	169	218	5	53	533	5334
830	79760	100147	100148	3	3	834	1	10	5	4	0	33	41	77	87	358	13	15	12	0	13	5	29	10	65	3	33	334	3344
831	79850	100261	100269	201	3*67	835	1	9	9	8	9	17	6	97	63	357	7	4	13	11	20	26	4	113	118	3	34	344	3446
832	79951	100387	100389	3	3	836	1	7	3	6	5	21	11	99	0	483	4	9	18	15	20	33	95	0	440	4	44	446	4468
833	80047	100508	100509	3	3	837	1	12	11	11	15	6	43	98	95	905	2	14	4	14	18	11	92	34	697	4	46	468	4685
834	80138	100623	100625	3	3	838	1	9	2	9	21	2	20	78	126	373	10	6	27	1	6	1	32	127	110	6	68	685	6850
835	80237	100746	100748	3	3	839	1	5	10	26	15	41	29	94	117	928	15	11	20	14	37	28	80	100	766	8	85	850	8503
836	80328	100862	100870	249	3*83	840	1	9	6	12	12	1	8	64	44	587	14	12	1	12	34	45	79	163	867	5	50	503	5035
837	80431	100989	100991	3	3	841	1	2	10	27	3	37	12	100	127	659	6	11	23	9	25	36	98	130	968	0	3	35	352
838	80526	101110	101111	3	3	842	1	1	17	24	24	35	33	44	52	4	3	13	14	10	19	40	31	156	12	3	35	352	3526
839	80618	101225	101227	3	3	843	1	1	16	5	18	1	23	3	20	564	3	10	15	23	3	10	9	60	683	5	52	526	5261
840	80718	101350	101352	3	3	844	1	16	13	15	30	41	52	76	198	871	14	1	16	28	37	38	26	92	595	2	26	261	2619
841	80814	101471	101472	3	3	845	1	3	0	2	17	21	3	90	154	473	9	0	6	20	20	9	68	211	410	6	61	619	6193
842	80910	101591	101593	3	3	846	1	11	7	14	13	10	26	61	79	629	16	2	13	8	30	19	82	237	878	1	19	193	1931
843	81001	101707	101708	3	3	847	1	3	1	18	19	30	36	14	210	296	9	3	25	26	4	49	42	128	888	9	93	931	9311
844	81099	101829	101831	3	3	848	1	4	5	11	7	25	23	28	65	293	12	15	4	21	32	10	84	195	879	3	31	311	3118
845	81197	101952	101954	3	3	849	1	3	1	4	21	8	43	44	190	528	9	3	12	1	24	11	31	68	575	1	11	118	1188
846	81293	102072	102074	3	3	850	1	1	18	10	23	34	5	86	197	979	3	16	1	7	16	15	56	89	919	1	18	188	1881
847	81386	102191	102192	3	3	851	1	8	18	11	16	7	35	55	224	88	7	16	4	17	21	46	64	170	264	8	88	881	8817
848	81485	102313	102315	3	3	852	1	2	15	21	10	8	19	56	197	253	6	7	5	30	24	57	67	89	759	8	81	817	8171
849	81578	102431	102433	3	3	853	1	10	14	1	8	41	32	86	178	401	13	4	3	24	37	37	56	32	194	1	17	171	1710
850	81676	102554	102556	3	3	854	1	14	15	24	22	29	22	8	116	638	8	7	14	4	1	7	24	97	905	7	71	710	7101
851	81770	102672	102674	3	3	855	1	11	8	1	26	1	48	32	121	791	16	5	3	16	3	26	96	112	355	1	10	101	1010
852	81863	102790	102796	87	3*29	856	1	1	14	12	29	8	13	44	144	999	2	2	0	12	8	10	91	229	139	0	1	10	100
853	81964	102915	102917	3	3	857	1	9	12	24	30	37	26	60	233	756	10	17	14	28	25	19	79	197	250	1	10	100	1000
854	82057	103033	103035	3	3	858	1	8	5	9	8	7	46	61	232	91	7	15	27	24	21	20	82	194	273	0	0	0	3
855	82155	103156	103157	3	3	859	1	1	12	7	11	22	32	74	6	623	3	17	21	2	23	37	20	18	860	0	0	3	31
856	82243	103268	103270	3	3	860	1	9	12	8	4	28	31	87	38	462	10	17	24	12	41	34	59	114	377	0	3	31	313
857	82347	103396	103398	3	3	861	1	6	7	10	2	12	19	85	104	350	1	2	1	6	36	57	53	61	41	3	31	313	3137
858	82443	103517	103518	3	3	862	1	13	16	22	27	0	14	75	207	276	5	10	8	19	0	42	23	119	828	1	13	137	1378
859	82534	103633	103634	3	3	863	1	1	15	5	15	29	28	47	61	88	3	7	15	14	1	25	40	183	264	3	37	378	3783
860	82632	103755	103757	3	3	864	1	15	6	16	14	17	14	37	189	53	11	18	19	11	8	42	10	65	159	7	78	783	7838
861	82730	103878	103880	3	3	865	1	12	18	19	9	30	50	75	140	829	2	16	28	27	4	32	23	169	469	8	83	838	8387
862	82822	103994	104000	57	3*19	866	1	1	9	15	17	21	36	27	75	273	6	0	14	8	36	46	24	8	426	3	38	387	3875
863	82922	104119	104120	3	3	867	1	13	5	2	22	11	33	44	76	270	5	15	6	4	33	40	31	228	810	8	87	875	8752
864	83011	104232	104234	3	3	868	1	4	9	11	15	12	54	90	224	935	12	8	4	14	36	44	68	170	787	7	75	752	7528
865	83114	104359	104361	3	3	869	1	12	6	13	27	0	54	5	238	766	2	18	10	19	0	44	15	212	280	5	52	528	5288
866	83209	104480	104481	3	3	870	1	1	5	5	9	1	57	16	143	122	3	15	15	27	3	53	48	178	366	2	28	288	2886
867	83305	104600	104602	3	3	871	1	5	16	4	2	39	32	67	51	720	15	10	12	6	31	37	100	153	142	8	88	886	8865
868	83399	104718	104720	3	3	872	1	11	5	2	13	8	19	18	156	451	16	15	6	8	24	57	54	217	344	8	86	865	8658
869	83488	104832	104840	219	3*73	873	1	12	16	7	16	18	36	49	224	518	10	8	25	1	29	37	25	111	434	6	65	658	6587
870	83593	104961	104963	3	3	874	1	15	10	13	4	26	26	78	22	305	11	11	10	12	35	19	32	66	915	5	58	587	5875
871	83688	105082	105083	3	3	875	1	5	1	11	12	32	16	81	132	56	15	3	4	5	10	48	41	145	168	8	87	875	8753
872	83782	105200	105201	3	3	876	1	7	10	19	17	34	47	58	186	629	4	11	28	20	16	23	73	56	878	7	75	753	7533
873	83880	105322	105324	3	3	877	1	13	16	13	21	33	39	44	179	535	5	10	10	1	13	58	31	35	596	5	53	533	5332
874	83974	105440	105442	3	3	878	1	0	1	21	3	13	33	10	70	867	0	3	5	9	39	40	30	210	583	3	33	332	3320
875	84072	105563	105565	3	3	879	1	2	11	10	11	29	20	17	2	164	6	14	1	2	1	1	51	6	492	3	32	320	3208
876	84165	105681	105683	3	3	880	1	6	6	21	30	15	29	68	14	639	1	18	5	28	2	28	2	42	908	2	20	208	2083
877	84263	105804	105805	3	3	881	1	7	10	15	10	8	38	27	132	564	4	11	16	30	24	55	81	145	683	0	8	83	838
878	84359	105924	105926	3	3	882	1	14	6	0	14	24	38	66	184	378	8	18	0	11	29	55	97	50	125	8	83	838	8381
879	84453	106042	106044	3	3	883	1	3	15	26	0	12	9	48	33	639	9	7	20	0	36	27	43	99	908	3	38	381	3814
880	84551	106165	106166	3	3	884	1	10	6	28	12	37	15	85	40	811	13	18	26	5	25	45	53	120	415	8	81	814	8142
881	84647	106285	106287	3	3	885	1	11	10	9	23	27	17	37	223	577	16	11	27	7	38	51	10	167	722	1	14	142	1420
882	84742	106406	106407	3	3	886	1	1	13	11	9	29	15	95	187	654	3	1	4	27	1	45	83	59	953	4	42	420	4206
883	84838	106526	106527	3	3	887	1	9	18	5	10	5	4	86	133	99	10	16	15	30	15	12	56	148	297	2	20	206	2061
884	84925	106637	106639	3	3	888	1	12	6	5	17	24	13	60	174	497	2	18	15	20	29	39	79	20	482	0	6	61	617
885	85023	106760	106761	3	3	889	1	12	7	5	29	6	18	60	144	828	2	2	15	25	18	54	79	181	466	6	61	617	6171
886	85121	106882	106889	87	3*29	890	1	2	16	27	25	4	7	67	85	203	4	5	0	5	4	19	72	116	508	1	17	171	1717
887	85222	107007	107009	3	3	891	1	5	5	11	14	18	34	83	180	140	15	15	4	11	11	43	47	38	420	7	71	717	7177
888	85317	107128	107129	3	3	892	1	1	14	20	27	14	12	45	117	227	3	4	2	19	42	36	34	100	681	1	17	177	1776
889	85409	107243	107245	3	3	893	1	15	10	19	24	19	34	12	46	644	11	11	28	10	14	43	36	138	923	7	77	776	7766
890	85509	107368	107370	3	3	894	1	12	11	26	5	1	48	83	97	43	2	14	20	15	3	26	47	40	129	7	76	766	7669
891	85605	107489	107490	3	3	895	1	10	12	16	26	9	9	51	64	416	13	17	19	16	27	27	52	192	239	6	66	669	6691
892	85701	107609	107611	3	3	896	1	9	12	18	27	3	36	36	90	394	10	17	25	19	9	49	7	19	173	6	69	691	6914
893	85794	107727	107729	3	3	897	1	10	16	20	27	9	16	93	64	466	13	10	2	19	27	48	77	192	389	9	91	914	9147
894	85890	107848	107849	3	3	898	1	15	2	4	5	12	3	40	187	619	11	6	12	15	36	9	19	59	848	1	14	147	1473
895	85980	107962	107964	3	3	899	1	5	5	7	19	35	42	34	32	579	15	15	21	26	19	8	1	96	728	4	47	473	4730
896	86084	108091	108092	3	3	900	1	16	1	14	23	42	5	82	159	286	14	3	13	7	40	15	44	226	858	7	73	730	7303
897	86177	108209	108210	3	3	901	1	3	14	1	25	22	50	29	162	50	9	4	3	13	23	32	87	235	150	3	30	303	3035
898	86276	108331	108333	3	3	902	1	10	0	13	29	42	57	98	80	813	13	0	10	25	40	53	92	240	421	0	3	35	359
899	86369	108449	108451	3	3	903	1	5	9	15	13	17	51	76	249	673	15	8	16	8	8	35	26	245	1	3	35	359	3598
900	86467	108572	108574	3	3	904	1	7	6	19	19	11	42	69	229	568	4	18	28	26	33	8	5	185	695	5	59	598	5982
901	86561	108690	108692	3	3	905	1	16	5	14	27	18	53	58	20	964	14	15	13	19	11	41	73	60	874	9	98	982	9825
902	86659	108813	108814	3	3	906	1	4	1	26	7	2	36	2	24	951	12	3	20	21	6	49	6	72	835	8	82	825	8253
903	86755	108933	108935	3	3	907	1	8	18	24	4	14	44	86	128	738	7	16	14	12	42	14	56	133	196	2	25	253	2534
904	86848	109051	109053	3	3	908	1	10	18	25	26	31	28	59	80	78	13	16	17	16	7	25	76	240	234	5	53	534	5349
905	86946	109174	109175	3	3	909	1	2	15	25	25	33	41	7	213	95	6	7	17	13	13	5	21	137	285	3	34	349	3490
906	87042	109294	109296	3	3	910	1	1	13	23	25	1	7	22	184	937	3	1	11	13	3	21	66	50	793	4	49	490	4904
907	87138	109415	109416	3	3	911	1	8	15	20	5	18	9	10	123	953	7	7	2	15	11	27	30	118	841	9	90	904	9042
908	87234	109535	109537	3	3	912	1	16	2	12	15	30	40	49	221	691	14	6	7	14	4	2	46	161	55	0	4	42	428
909	87325	109651	109652	3	3	913	1	11	17	8	30	17	44	20	162	718	16	13	24	28	8	14	60	235	136	4	42	428	4287
910	87423	109773	109775	3	3	914	1	9	10	24	27	27	40	66	112	696	10	11	14	19	38	2	97	85	70	2	28	287	2875
911	87521	109896	109898	3	3	915	1	7	6	1	18	27	16	27	229	533	4	18	3	23	38	48	81	185	590	8	87	875	8755
912	87617	110016	110018	3	3	916	1	3	12	5	25	35	54	30	238	498	9	17	15	13	19	44	90	212	485	7	75	755	7554
913	87713	110137	110138	3	3	917	1	3	18	12	15	1	37	54	78	307	9	16	7	14	3	52	61	234	921	5	55	554	5546
914	87804	110253	110254	3	3	918	1	15	17	26	17	11	23	82	184	265	11	13	20	20	33	10	44	50	795	5	54	546	5468
915	87905	110378	110379	3	3	919	1	6	16	11	9	36	42	69	34	248	1	10	4	27	22	8	5	102	744	4	46	468	4687
916	88000	110498	110499	3	3	920	1	2	14	22	7	2	21	40	176	313	6	4	8	21	6	4	19	26	939	6	68	687	6873
917	88096	110618	110620	3	3	921	1	16	11	3	14	3	6	40	129	622	14	14	9	11	9	18	19	136	857	8	87	873	8731
918	88190	110736	110738	3	3	922	1	13	15	16	29	21	17	0	12	848	5	7	19	25	20	51	0	36	526	7	73	731	7311
919	88281	110852	110858	57	3*19	923	1	14	2	19	23	35	2	78	83	220	16	0	10	9	17	55	2	213	432	3	31	311	3115
920	88379	110974	110981	87	3*29	924	1	1	10	1	26	26	14	38	91	271	2	15	0	30	26	38	74	136	370	1	11	115	1159
921	88479	111100	111101	3	3	925	1	9	4	16	9	6	36	74	15	182	10	12	19	27	18	49	20	45	546	1	15	159	1595
922	88573	111218	111219	3	3	926	1	8	5	23	0	10	24	60	108	283	7	15	11	0	30	13	79	73	849	5	59	595	5956
923	88671	111340	111342	3	3	927	1	1	5	19	1	27	19	57	222	840	3	15	28	3	38	57	70	164	502	9	95	956	9562
924	88765	111458	111460	3	3	928	1	12	7	9	20	6	50	80	2	585	2	2	27	29	18	32	38	6	746	5	56	562	5628
925	88863	111581	111583	3	3	929	1	6	6	19	0	41	2	30	110	96	1	18	28	0	37	6	90	79	288	6	62	628	6286
926	88956	111699	111701	3	3	930	1	6	9	2	3	5	25	1	3	301	1	8	6	9	15	16	3	9	903	2	28	286	2863
927	89054	111822	111823	3	3	931	1	8	10	21	15	35	6	82	63	549	7	11	5	14	19	18	44	189	638	8	86	863	8638
928	89150	111942	111944	3	3	932	1	7	1	8	16	37	23	98	38	306	4	3	24	17	25	10	92	114	918	6	63	638	6388
929	89244	112060	112062	3	3	933	1	16	10	15	29	34	12	49	144	68	14	11	16	25	16	36	46	181	204	3	38	388	3882
930	89342	112183	112185	3	3	934	1	2	16	18	3	13	23	65	78	825	6	10	25	9	39	10	94	234	457	8	88	882	8823
931	89438	112303	112305	3	3	935	1	13	5	12	2	33	54	60	197	53	5	15	7	6	13	44	79	89	159	8	82	823	8235
932	89533	112424	112425	3	3	936	1	7	11	15	25	38	36	39	154	412	4	14	16	13	28	49	16	211	227	2	23	235	2353
933	89629	112544	112546	3	3	937	1	12	11	15	28	32	34	60	86	292	2	14	16	22	10	43	79	7	876	3	35	353	3537
934	89720	112660	112661	3	3	938	1	15	8	5	16	36	30	23	157	58	11	5	15	17	22	31	69	220	174	5	53	537	5378
935	89811	112775	112776	3	3	939	1	1	16	16	15	19	27	54	127	110	3	10	19	14	14	22	61	130	330	3	37	378	3787
936	89917	112905	112907	3	3	940	1	4	18	25	14	32	58	69	181	740	12	16	17	11	10	56	5	41	202	7	78	787	7875
937	90013	113025	113027	3	3	941	1	11	6	13	22	8	24	52	156	389	16	18	10	4	24	13	55	217	158	8	87	875	8759
938	90108	113146	113147	3	3	942	1	15	10	14	25	14	1	80	66	551	11	11	13	13	42	3	38	198	644	7	75	759	7593
939	90200	113262	113263	3	3	943	1	7	18	26	1	18	37	53	90	673	4	16	20	3	11	52	58	19	1	5	59	593	5937
940	90300	113387	113388	3	3	944	1	1	18	9	21	17	33	75	28	153	3	16	27	1	8	40	23	84	459	9	93	937	9375
941	90396	113507	113509	3	3	945	1	13	7	19	2	2	14	61	44	698	5	2	28	6	6	42	82	132	76	3	37	375	3751
942	90492	113627	113629	3	3	946	1	0	1	16	30	8	13	72	94	255	0	3	19	28	24	39	14	31	765	7	75	751	7519
943	90585	113745	113747	3	3	947	1	14	13	10	12	17	24	36	59	861	8	1	1	5	8	13	7	177	565	5	51	519	5195
944	90681	113866	113867	3	3	948	1	6	1	10	24	35	28	29	66	466	1	3	1	10	19	25	87	198	389	1	19	195	1957
945	90779	113988	113990	3	3	949	1	7	14	28	15	33	6	93	188	189	4	4	26	14	13	18	77	62	567	9	95	957	9577
946	90875	114109	114110	3	3	950	1	14	3	4	12	5	9	64	166	512	8	9	12	5	15	27	91	247	527	5	57	577	5778
947	90966	114224	114226	3	3	951	1	4	5	22	1	22	15	57	3	887	12	15	8	3	23	45	70	9	643	7	77	778	7781
948	91067	114349	114351	3	3	952	1	10	12	4	18	37	18	6	209	766	13	17	12	23	25	54	18	125	280	7	78	781	7818
949	91160	114468	114469	3	3	953	1	9	10	7	7	23	2	30	58	878	10	11	21	21	26	6	90	174	616	8	81	818	8185
950	91258	114590	114592	3	3	954	1	1	4	5	22	29	29	48	27	270	3	12	15	4	1	28	43	81	810	1	18	185	1857
951	91349	114706	114710	15	3*5	955	1	16	8	0	9	31	1	19	85	868	2	6	0	11	35	15	83	20	912	8	85	857	8577
952	91450	114831	114833	3	3	956	1	3	17	24	17	34	44	52	171	732	9	13	14	20	16	14	55	11	178	5	57	577	5778
953	91546	114951	114953	3	3	957	1	4	1	13	10	4	11	68	130	837	12	3	10	30	12	33	2	139	493	7	77	778	7780
954	91634	115064	115071	87	3*29	958	1	14	9	9	2	13	12	98	28	563	11	4	0	19	13	41	42	177	549	7	78	780	7805
955	91737	115192	115194	3	3	959	1	5	0	18	30	9	21	5	95	12	15	0	25	28	27	4	15	34	36	8	80	805	8053
956	91833	115312	115314	3	3	960	1	1	7	13	12	4	16	1	58	974	3	2	10	5	12	48	3	174	904	0	5	53	532
957	91929	115433	115434	3	3	961	1	1	6	20	15	6	31	27	243	894	3	18	2	14	18	34	81	227	664	5	53	532	5321
958	92025	115553	115555	3	3	962	1	12	6	3	30	16	25	52	21	265	2	18	9	28	5	16	55	63	795	3	32	321	3217
959	92116	115669	115670	3	3	963	1	14	16	15	13	40	23	18	48	531	8	10	16	8	34	10	54	144	584	2	21	217	2171
960	92214	115792	115793	3	3	964	1	12	15	18	1	1	12	33	223	32	2	7	25	3	3	36	99	167	96	1	17	171	1712
961	92312	115914	115916	3	3	965	1	16	14	6	3	34	14	84	229	502	14	4	18	9	16	42	50	185	497	7	71	712	7122
962	92408	116035	116036	3	3	966	1	7	15	4	30	36	49	77	39	100	4	7	12	28	22	29	29	117	300	1	12	122	1226
963	92504	116155	116157	3	3	967	1	5	13	17	22	29	3	87	198	712	15	1	22	4	1	9	59	92	118	2	22	226	2268
964	92595	116271	116272	3	3	968	1	2	12	5	9	39	11	19	78	610	6	17	15	27	31	33	57	234	821	2	26	268	2680
965	92696	116396	116397	3	3	969	1	15	2	17	14	2	6	66	30	603	11	6	22	11	6	18	97	90	800	6	68	680	6806
966	92791	116516	116518	3	3	970	1	10	7	28	9	41	49	4	145	494	13	2	26	27	37	29	12	184	473	8	80	806	8066
967	92887	116636	116638	3	3	971	1	8	12	20	23	42	33	84	4	490	7	17	2	7	40	40	50	12	461	0	6	66	661
968	92978	116752	116754	3	3	972	1	3	1	14	18	39	41	0	223	695	9	3	13	23	31	5	0	167	67	6	66	661	6613
969	93076	116875	116876	3	3	973	1	16	10	19	13	20	48	68	199	211	14	11	28	8	17	26	2	95	633	6	61	613	6130
970	93175	116997	116999	3	3	974	1	4	18	22	14	20	11	58	248	319	12	16	8	11	17	33	73	242	957	1	13	130	1300
971	93270	117118	117119	3	3	975	1	8	7	10	20	14	15	24	107	602	7	2	1	29	42	45	72	70	797	3	30	300	3001
972	93364	117236	117237	3	3	976	1	10	7	25	3	37	12	54	122	658	13	2	17	9	25	36	61	115	965	0	0	1	19
973	93462	117359	117360	3	3	977	1	2	14	5	23	12	48	33	226	121	6	4	15	7	36	26	99	176	363	0	1	19	192
974	93556	117477	117478	3	3	978	1	7	6	13	26	1	42	47	171	19	4	18	10	16	3	8	40	11	57	1	19	192	1927
975	93646	117591	117593	3	3	979	1	8	12	19	15	33	17	39	186	738	7	17	28	14	13	51	16	56	196	9	92	927	9278
976	93743	117713	117719	57	3*19	980	1	5	6	19	16	20	1	76	151	154	13	0	10	13	22	57	90	73	706	2	27	278	2787
977	93845	117840	117842	3	3	981	1	3	5	4	18	15	4	100	54	930	9	15	12	23	2	12	98	162	772	7	78	787	7876
978	93941	117960	117962	3	3	982	1	11	4	22	30	28	10	30	236	274	16	12	8	28	41	30	90	206	822	8	87	876	8766
979	94035	118078	118080	3	3	983	1	15	5	1	30	7	11	28	229	808	11	15	3	28	21	33	84	185	406	7	76	766	7661
980	94133	118201	118203	3	3	984	1	3	5	25	1	35	5	31	135	440	9	15	17	3	19	15	93	154	311	6	66	661	6611
981	94229	118321	118323	3	3	985	1	3	16	19	5	8	14	37	7	213	9	10	28	15	24	42	10	21	639	6	61	611	6111
982	94324	118442	118443	3	3	986	1	1	6	15	4	31	14	63	195	289	3	18	16	12	7	42	88	83	867	1	11	111	1119
983	94420	118562	118564	3	3	987	1	6	7	18	2	5	39	32	92	735	1	2	25	6	15	58	96	25	187	1	11	119	1195
984	94511	118678	118679	3	3	988	1	13	8	17	26	5	36	71	167	469	5	5	22	16	15	49	11	250	398	1	19	195	1959
985	94610	118801	118802	3	3	989	1	10	4	7	0	13	30	54	249	923	13	12	21	0	39	31	61	245	751	9	95	959	9590
986	94708	118923	118925	3	3	990	1	14	12	28	14	6	32	64	218	440	8	17	26	11	18	37	91	152	311	5	59	590	5909
987	94804	119044	119045	3	3	991	1	4	16	21	5	35	40	65	235	423	12	10	5	15	19	2	94	203	260	9	90	909	9092
988	94899	119164	119166	3	3	992	1	12	5	26	15	25	16	34	100	289	2	15	20	14	32	48	1	49	867	0	9	92	921
989	94986	119275	119277	3	3	993	1	2	4	20	12	18	33	32	208	987	6	12	2	5	11	40	96	122	943	9	92	921	9216
990	95091	119405	119406	3	3	994	1	6	11	24	13	18	36	8	66	911	1	14	14	8	11	49	24	198	715	2	21	216	2164
991	95187	119525	119527	3	3	995	1	1	10	7	4	5	15	56	195	368	3	11	21	12	15	45	67	83	95	1	16	164	1642
992	95283	119645	119647	3	3	996	1	9	6	21	3	38	15	63	102	934	10	18	5	9	28	45	88	55	784	6	64	642	6420
993	95376	119763	119765	3	3	997	1	8	15	8	11	22	35	67	119	749	7	7	24	2	23	46	100	106	229	4	42	420	4201
994	95472	119884	119885	3	3	998	1	6	5	17	28	31	27	82	30	638	1	15	22	22	7	22	44	90	905	2	20	201	2019
995	95570	120006	120008	3	3	999	1	8	10	0	30	41	26	66	63	167	7	11	0	28	37	19	97	189	501	0	1	19	198
996	95666	120127	120128	3	3	1000	1	7	13	23	17	36	40	46	133	812	4	1	11	20	22	2	37	148	418	1	19	198	1989
997	95759	120245	120246	3	3	1001	1	16	15	13	15	5	54	68	38	188	14	7	10	14	15	44	2	114	564	9	98	989	9893
998	95858	120368	120369	3	3	1002	1	2	7	17	10	38	54	1	179	890	6	2	22	30	28	44	3	35	652	8	89	893	8938
999	95951	120486	120487	3	3	1003	1	6	4	12	7	6	45	52	127	565	1	12	7	21	18	17	55	130	686	9	93	938	9380
1000	96049	120608	120610	3	3	1004	1	7	8	4	21	12	30	39	170	502	4	5	12	1	36	31	16	8	497	3	38	380	3809
1001	96143	120726	120728	3	3	1005	1	16	1	6	17	42	28	83	198	294	14	3	18	20	40	25	47	92	882	8	80	809	8095
1002	96241	120849	120851	3	3	1006	1	1	14	25	18	30	7	61	45	890	3	4	17	23	4	21	82	135	652	0	9	95	952
1003	96337	120969	120971	3	3	1007	1	5	3	12	10	31	4	69	58	440	15	9	7	30	7	12	5	174	311	9	95	952	9525
1004	96430	121087	121089	3	3	1008	1	11	6	6	8	26	25	83	165	534	16	18	18	24	35	16	47	244	593	5	52	525	5257
1005	96528	121210	121212	3	3	1009	1	11	12	12	22	18	57	52	200	660	16	17	7	4	11	53	55	98	971	2	25	257	2572
1006	96624	121330	121332	3	3	1010	1	15	12	21	6	30	4	47	225	161	11	17	5	18	4	12	40	173	483	5	57	572	5720
1007	96720	121451	121452	3	3	1011	1	5	4	8	4	1	4	65	120	951	15	12	24	12	3	12	94	109	835	7	72	720	7201
1008	96816	121571	121573	3	3	1012	1	1	10	19	30	40	43	88	249	225	3	11	28	28	34	11	62	245	675	2	20	201	2010
1009	96905	121685	121686	3	3	1013	1	5	5	22	9	17	32	73	16	910	15	15	8	27	8	37	17	48	712	0	1	10	106
1010	97003	121807	121809	3	3	1014	1	0	16	19	24	7	49	33	219	738	0	10	28	10	21	29	99	155	196	1	10	106	1065
1011	97103	121932	121934	3	3	1015	1	2	13	20	26	0	50	92	163	743	6	1	2	16	0	32	74	238	211	0	6	65	654
1012	97199	122053	122054	3	3	1016	1	13	0	8	2	19	0	82	195	274	5	0	24	6	14	0	44	83	822	6	65	654	6548
1013	97295	122173	122175	3	3	1017	1	7	7	16	27	14	15	2	75	596	4	2	19	19	42	45	6	225	779	5	54	548	5485
1014	97386	122289	122290	3	3	1018	1	6	1	25	15	12	3	79	48	664	1	3	17	14	36	9	35	144	983	4	48	485	4858
1015	97479	122406	122407	3	3	1019	1	15	4	4	6	21	6	78	139	65	11	12	12	18	20	18	32	166	195	8	85	858	8586
1016	97582	122534	122536	3	3	1020	1	10	1	2	9	16	10	72	199	546	13	3	6	27	5	30	14	95	629	5	58	586	5863
1017	97678	122654	122656	3	3	1021	1	11	18	10	13	24	32	44	154	247	16	16	1	8	29	37	31	211	741	8	86	863	8632
1018	97772	122772	122774	3	3	1022	1	7	18	7	23	23	50	91	162	809	4	16	21	7	26	32	71	235	409	6	63	632	6327
1019	97867	122893	122894	3	3	1023	1	12	3	5	3	2	46	72	242	511	2	9	15	9	6	20	14	224	524	3	32	327	3278
1020	97966	123016	123017	3	3	1024	1	3	13	3	27	27	53	46	103	374	9	1	9	19	38	41	37	58	113	2	27	278	2788
1021	98057	123131	123137	87	3*29	1025	1	6	11	14	11	15	39	14	201	407	12	7	0	27	15	30	6	168	94	7	78	788	7886
1022	98155	123254	123256	3	3	1026	1	15	8	23	19	34	17	1	183	8	11	5	11	26	16	51	3	47	24	8	88	886	8865
1023	98253	123377	123378	3	3	1027	1	5	7	22	3	38	50	42	28	70	15	2	8	9	28	32	25	84	210	8	86	865	8659
1024	98347	123495	123496	3	3	1028	1	7	10	5	21	8	45	47	4	851	4	11	15	1	24	17	40	12	535	6	65	659	6593
1025	98445	123617	123619	3	3	1029	1	1	6	0	4	15	11	16	139	592	3	18	0	12	2	33	48	166	767	5	59	593	5936
1026	98538	123735	123737	3	3	1030	1	16	10	28	21	13	27	76	166	620	14	11	26	1	39	22	26	247	851	9	93	936	9361
1027	98636	123858	123860	3	3	1031	1	10	18	17	23	8	20	22	101	444	13	16	22	7	24	1	66	52	323	3	36	361	3615
1028	98732	123978	123980	3	3	1032	1	9	7	18	21	39	9	5	244	1000	10	2	25	1	31	27	15	230	982	6	61	615	6153
1029	98826	124096	124098	3	3	1033	1	10	7	9	3	17	30	35	31	554	13	2	27	9	8	31	4	93	653	1	15	153	1533
1030	98924	124219	124221	3	3	1034	1	7	14	1	11	32	49	67	44	170	4	4	3	2	10	29	100	132	510	5	53	533	5338
1031	99020	124340	124341	3	3	1035	1	5	11	15	26	39	14	0	182	550	15	14	16	16	31	42	0	44	641	3	33	338	3381
1032	99115	124460	124461	3	3	1036	1	16	18	14	10	37	0	59	185	450	14	16	13	30	25	0	76	53	341	3	38	381	3818
1033	99207	124576	124582	57	3*19	1037	1	16	12	17	4	23	26	30	63	911	11	0	12	11	21	7	94	77	468	8	81	818	8182
1034	99302	124696	124698	3	3	1038	1	14	4	11	0	7	52	47	104	667	8	12	4	0	21	38	40	61	992	1	18	182	1827
1035	99401	124819	124820	3	3	1039	1	5	16	7	21	29	16	40	55	547	15	10	21	1	1	48	19	165	632	8	82	827	8279
1036	99499	124941	124943	3	3	1040	1	7	6	11	23	27	46	97	123	250	4	18	4	7	38	20	89	118	750	2	27	279	2796
1037	99594	125062	125063	3	3	1041	1	12	5	22	9	25	44	40	177	299	2	15	8	27	32	14	19	29	897	7	79	796	7968
1038	99690	125182	125184	3	3	1042	1	4	16	14	10	35	31	4	46	266	12	10	13	30	19	34	12	138	798	9	96	968	9682
1039	99781	125298	125299	3	3	1043	1	1	1	12	22	14	41	3	58	929	3	3	7	4	42	5	9	174	769	6	68	682	6823
1040	99882	125423	125424	3	3	1044	1	16	7	27	29	34	27	89	139	56	14	2	23	25	16	22	65	166	168	8	82	823	8230
1041	99978	125543	125545	3	3	1045	1	2	10	24	12	35	40	54	139	481	6	11	14	5	19	2	61	166	434	2	23	230	2303
1042	100074	125663	125665	3	3	1046	1	1	1	9	14	23	12	60	52	70	3	3	27	11	26	36	79	156	210	3	30	303	3030
1043	100167	125782	125783	3	3	1047	1	5	10	3	24	17	31	64	171	841	15	11	9	10	8	34	91	11	505	0	3	30	301
1044	100263	125902	125903	3	3	1048	1	10	7	12	27	19	38	24	26	74	13	2	7	19	14	55	72	78	222	3	30	301	3019
1045	100361	126025	126026	3	3	1049	1	3	5	14	5	40	40	5	21	175	9	15	13	15	34	2	15	63	525	0	1	19	195
1046	100457	126145	126147	3	3	1050	1	11	11	15	26	40	15	22	159	877	16	14	16	16	34	45	66	226	613	1	19	195	1952
1047	100550	126263	126265	3	3	1051	1	15	6	11	24	1	3	93	200	565	11	18	4	10	3	9	77	98	686	9	95	952	9520
1048	100649	126386	126387	3	3	1052	1	3	10	4	11	18	14	56	101	783	9	11	12	2	11	42	67	52	331	5	52	520	5203
1049	100742	126504	126505	3	3	1053	1	4	5	2	5	2	40	81	174	112	12	15	6	15	6	2	41	20	336	2	20	203	2035
1050	100840	126626	126628	3	3	1054	1	1	18	26	15	42	4	4	127	882	3	16	20	14	40	12	12	130	628	0	3	35	353
1051	100934	126744	126746	3	3	1055	1	8	5	10	17	34	47	35	75	794	7	15	1	20	16	23	4	225	364	3	35	353	3530
1052	101032	126867	126869	3	3	1056	1	2	10	5	1	24	26	66	102	743	6	11	15	3	29	19	97	55	211	5	53	530	5301
1053	101128	126987	126989	3	3	1057	1	16	13	24	29	29	32	91	6	677	14	1	14	25	1	37	71	18	13	3	30	301	3018
1054	101221	127106	127107	3	3	1058	1	13	15	1	13	19	22	60	218	651	5	7	3	8	14	7	79	152	944	0	1	18	185
1055	101306	127215	127222	87	3*29	1059	1	6	3	3	20	2	8	30	46	838	12	14	0	4	2	47	85	237	258	1	18	185	1852
1056	101415	127349	127350	3	3	1060	1	12	1	24	11	13	18	2	1	863	2	3	14	2	39	54	6	3	571	8	85	852	8529
1057	101511	127469	127470	3	3	1061	1	9	8	16	7	1	50	41	195	938	10	5	19	21	3	32	22	83	796	5	52	529	5296
1058	101607	127589	127591	3	3	1062	1	6	5	7	4	41	2	21	99	340	1	15	21	12	37	6	63	46	11	2	29	296	2968
1059	101698	127705	127707	3	3	1063	1	15	15	15	30	10	37	99	33	355	11	7	16	28	30	52	95	99	56	9	96	968	9689
1060	101796	127828	127829	3	3	1064	1	12	12	2	5	22	21	45	243	133	2	17	6	15	23	4	34	227	399	6	68	689	6899
1061	101894	127950	127952	3	3	1065	1	6	11	22	25	24	16	38	61	255	1	14	8	13	29	48	13	183	765	8	89	899	8995
1062	101990	128071	128072	3	3	1066	1	13	12	9	5	30	36	12	209	754	5	17	27	15	4	49	36	125	244	9	99	995	9957
1063	102086	128191	128193	3	3	1067	1	8	12	22	15	6	26	84	151	92	7	17	8	14	18	19	50	202	276	9	95	957	9577
1064	102177	128307	128308	3	3	1068	1	3	7	17	30	42	6	89	247	127	9	2	22	28	40	18	65	239	381	5	57	577	5773
1065	102277	128432	128433	3	3	1069	1	12	10	24	11	19	4	65	47	656	2	11	14	2	14	12	94	141	959	7	77	773	7736
1066	102373	128552	128554	3	3	1070	1	2	17	2	18	6	26	21	90	813	6	13	6	23	18	19	63	19	421	7	73	736	7362
1067	102469	128673	128674	3	3	1071	1	13	1	12	25	31	42	29	184	786	5	3	7	13	7	8	87	50	340	3	36	362	3622
1068	102563	128791	128792	3	3	1072	1	15	14	20	3	17	20	14	246	57	11	4	2	9	8	1	42	236	171	6	62	622	6225
1069	102658	128911	128913	3	3	1073	1	16	0	1	23	26	14	26	105	583	14	0	3	7	35	42	78	64	740	2	22	225	2259
1070	102757	129034	129035	3	3	1074	1	1	7	4	9	27	20	98	209	396	3	2	12	27	38	1	92	125	179	2	25	259	2599
1071	102852	129154	129156	3	3	1075	1	5	6	10	7	32	57	73	77	911	15	18	1	21	10	53	17	231	715	5	59	599	5994
1072	102944	129270	129271	3	3	1076	1	9	1	21	8	0	3	50	8	546	10	3	5	24	0	9	49	24	629	9	99	994	9941
1073	103044	129395	129396	3	3	1077	1	11	1	13	21	23	6	33	172	814	16	3	10	1	26	18	99	14	424	9	94	941	9413
1074	103137	129513	129514	3	3	1078	1	3	15	8	3	14	44	2	249	738	9	7	24	9	42	14	6	245	196	4	41	413	4138
1075	103236	129635	129637	3	3	1079	1	5	14	8	10	15	30	0	246	644	15	4	24	30	2	31	0	236	923	1	13	138	1389
1076	103327	129751	129755	15	3*5	1080	1	15	12	4	14	39	33	5	89	943	4	9	2	24	26	23	75	80	19	3	38	389	3891
1077	103427	129876	129878	3	3	1081	1	13	13	18	0	19	14	64	181	821	5	1	25	0	14	42	91	41	445	8	89	891	8912
1078	103523	129996	129998	3	3	1082	1	0	15	10	1	6	31	99	143	494	0	7	1	3	18	34	95	178	473	9	91	912	9124
1079	103617	130115	130116	3	3	1083	1	14	8	21	20	24	54	4	39	346	8	5	5	29	29	44	12	117	29	1	12	124	1249
1080	103708	130230	130239	393	3*131	1084	1	11	6	1	0	11	33	20	90	587	5	2	16	0	23	48	83	230	639	2	24	249	2497
1081	103811	130358	130359	3	3	1085	1	7	12	0	15	26	2	88	34	980	4	17	0	14	35	6	62	102	922	4	49	497	4972
1082	103906	130478	130480	3	3	1086	1	14	6	14	15	9	37	28	18	966	8	18	13	14	27	52	84	54	880	9	97	972	9721
1083	104002	130598	130600	3	3	1087	1	15	12	28	16	34	23	49	212	514	11	17	26	17	16	10	46	134	533	7	72	721	7217
1084	104093	130714	130716	3	3	1088	1	14	3	5	12	15	27	32	44	406	8	9	15	5	2	22	96	132	209	2	21	217	2177
1085	104191	130837	130838	3	3	1089	1	9	9	8	13	30	21	31	7	486	10	8	24	8	4	4	93	21	449	1	17	177	1775
1086	104290	130959	130961	3	3	1090	1	1	16	5	2	33	19	12	141	841	3	10	15	6	13	57	36	172	505	7	77	775	7752
1087	104385	131080	131081	3	3	1091	1	9	14	22	25	33	41	11	34	895	10	4	8	13	13	5	33	102	667	7	75	752	7528
1088	104475	131194	131202	219	3*73	1092	1	4	9	3	11	28	48	65	203	963	9	14	19	22	26	10	95	30	16	5	52	528	5283
1089	104568	131311	131317	87	3*29	1093	1	5	6	14	23	6	5	48	224	985	10	9	0	17	6	22	35	161	939	2	28	283	2834
1090	104669	131437	131442	57	3*19	1094	1	12	13	25	2	35	37	56	131	162	4	0	4	21	17	44	61	188	153	8	83	834	8347
1091	104769	131561	131563	3	3	1095	1	5	5	20	14	5	2	78	21	854	15	15	2	11	15	6	32	63	544	3	34	347	3479
1092	104865	131682	131683	3	3	1096	1	1	4	11	22	22	37	83	115	920	3	12	4	4	23	52	47	94	742	4	47	479	4791
1093	104953	131795	131797	3	3	1097	1	3	4	19	25	23	0	6	155	342	9	12	28	13	26	0	18	214	17	7	79	791	7913
1094	105054	131920	131922	3	3	1098	1	16	1	9	5	5	1	15	1	857	14	3	27	15	15	3	45	3	553	9	91	913	9131
1095	105144	132035	132036	3	3	1099	1	10	17	15	8	21	19	61	58	744	13	13	16	24	20	57	82	174	214	1	13	131	1315
1096	105248	132163	132165	3	3	1100	1	9	6	13	2	6	52	53	194	600	10	18	10	6	18	38	58	80	791	3	31	315	3151
1097	105341	132281	132283	3	3	1101	1	10	9	4	6	25	1	85	7	480	13	8	12	18	32	3	53	21	431	1	15	151	1515
1098	105439	132404	132405	3	3	1102	1	7	10	20	29	9	26	87	61	309	4	11	2	25	27	19	59	183	927	5	51	515	5155
1099	105533	132522	132523	3	3	1103	1	1	4	26	24	41	2	5	178	279	3	12	20	10	37	6	15	32	837	1	15	155	1557
1100	105631	132644	132646	3	3	1104	1	16	12	5	15	6	22	20	192	492	14	17	15	14	18	7	60	74	467	5	55	557	5574
1101	105725	132762	132764	3	3	1105	1	3	7	20	21	8	14	70	201	405	9	2	2	1	24	42	8	101	206	5	57	574	5748
1102	105823	132885	132887	3	3	1106	1	10	5	17	25	39	24	20	83	124	13	15	22	13	31	13	60	249	372	7	74	748	7485
1103	105919	133006	133007	3	3	1107	1	8	11	19	18	21	33	26	212	884	7	14	28	23	20	40	78	134	634	4	48	485	4857
1104	106004	133116	133125	723	3*241	1108	1	5	18	8	30	27	31	79	247	448	11	18	13	21	42	52	52	120	15	8	85	857	8572
1105	106110	133246	133248	3	3	1109	1	12	10	26	22	13	14	56	240	555	2	11	20	4	39	42	67	218	656	5	57	572	5724
1106	106206	133367	133368	3	3	1110	1	4	6	24	8	24	13	62	162	421	12	18	14	24	29	39	85	235	254	7	72	724	7242
1107	106302	133487	133489	3	3	1111	1	8	18	9	17	41	48	96	109	586	7	16	27	20	37	26	86	76	749	2	24	242	2424
1108	106398	133607	133609	3	3	1112	1	16	6	25	10	14	25	71	245	961	14	18	17	30	42	16	11	233	865	4	42	424	4245
1109	106489	133723	133725	3	3	1113	1	13	8	16	24	18	9	18	144	433	5	5	19	10	11	27	54	181	290	2	24	245	2454
1110	106587	133846	133847	3	3	1114	1	7	14	4	6	25	35	20	38	444	4	4	12	18	32	46	60	114	323	4	45	454	4541
1111	106685	133968	133970	3	3	1115	1	8	18	12	12	28	19	84	175	286	7	16	7	5	41	57	50	23	858	5	54	541	5415
1112	106781	134089	134090	3	3	1116	1	16	7	26	15	25	38	41	233	522	14	2	20	14	32	55	22	197	557	4	41	415	4150
1113	106877	134209	134211	3	3	1117	1	3	1	4	30	32	44	93	195	519	9	3	12	28	10	14	77	83	548	1	15	150	1506
1114	106966	134323	134324	3	3	1118	1	16	18	13	15	21	14	44	160	775	14	16	10	14	20	42	31	229	307	5	50	506	5069
1115	107068	134450	134451	3	3	1119	1	7	5	5	5	16	29	81	223	192	4	15	15	15	5	28	41	167	576	0	6	69	695
1116	107164	134570	134572	3	3	1120	1	3	14	12	3	32	45	78	39	713	9	4	7	9	10	17	32	117	121	6	69	695	6959
1117	107260	134691	134692	3	3	1121	1	3	3	12	30	9	22	26	196	103	9	9	7	28	27	7	78	86	309	9	95	959	9595
1118	107353	134809	134810	3	3	1122	1	7	6	8	23	15	36	42	205	687	4	18	24	7	2	49	25	113	43	5	59	595	5950
1119	107449	134929	134931	3	3	1123	1	8	10	16	14	40	44	63	2	543	7	11	19	11	34	14	88	6	620	9	95	950	9508
1120	107547	135052	135053	3	3	1124	1	2	12	3	14	20	30	47	19	62	6	17	9	11	17	31	40	57	186	5	50	508	5082
1121	107643	135172	135174	3	3	1125	1	16	4	22	9	28	16	97	178	110	14	12	8	27	41	48	89	32	330	0	8	82	829
1122	107737	135290	135292	3	3	1126	1	13	2	13	17	9	26	1	143	118	5	6	10	20	27	19	3	178	354	8	82	829	8295
1123	107830	135408	135414	87	3*29	1127	1	6	15	21	23	32	19	0	17	336	12	13	0	17	32	1	0	224	980	2	29	295	2953
1124	107928	135531	135532	3	3	1128	1	16	4	9	13	8	10	57	168	418	14	12	27	8	24	30	70	2	245	9	95	953	9533
1125	108027	135653	135655	3	3	1129	1	9	13	28	14	29	34	81	9	802	10	1	26	11	1	43	41	27	388	5	53	533	5331
1126	108120	135771	135773	3	3	1130	1	8	0	27	4	21	17	57	10	356	7	0	23	12	20	51	70	30	59	3	33	331	3311
1127	108218	135894	135896	3	3	1131	1	1	7	16	15	33	26	60	52	669	3	2	19	14	13	19	79	156	998	3	31	311	3116
1128	108314	136015	136016	3	3	1132	1	9	6	19	23	24	16	97	10	503	10	18	28	7	29	48	89	30	500	1	11	116	1168
1129	108407	136133	136134	3	3	1133	1	8	5	2	26	6	6	83	201	146	7	15	6	16	18	18	47	101	438	1	16	168	1686
1130	108506	136255	136257	3	3	1134	1	13	1	21	20	42	39	58	6	763	5	3	5	29	40	58	73	18	271	6	68	686	6861
1131	108601	136376	136377	3	3	1135	1	8	18	8	1	33	50	92	223	25	7	16	24	3	13	32	74	167	75	8	86	861	8617
1132	108697	136496	136498	3	3	1136	1	7	14	17	18	21	41	1	225	100	4	4	22	23	20	5	3	173	300	6	61	617	6172
1133	108793	136616	136618	3	3	1137	1	12	15	18	30	21	3	8	72	318	2	7	25	28	20	9	24	216	954	1	17	172	1727
1134	108874	136722	136723	3	3	1138	1	6	10	14	4	8	52	43	213	766	1	11	13	12	24	38	28	137	280	7	72	727	7278
1135	108980	136852	136854	3	3	1139	1	8	12	18	5	2	50	72	104	380	7	17	25	15	6	32	14	61	131	2	27	278	2785
1136	109081	136977	136979	3	3	1140	1	7	2	15	5	33	57	41	96	264	4	6	16	15	13	53	22	37	792	7	78	785	7855
1137	109176	137098	137099	3	3	1141	1	12	7	9	4	40	0	16	87	507	2	2	27	12	34	0	48	10	512	8	85	855	8558
1138	109272	137218	137220	3	3	1142	1	1	12	9	2	37	30	51	126	172	3	17	27	6	25	31	52	127	516	5	55	558	5588
1139	109363	137334	137335	3	3	1143	1	7	1	1	26	10	31	80	138	222	4	3	3	16	30	34	38	163	666	5	58	588	5889
1140	109464	137459	137460	3	3	1144	1	4	12	13	0	25	26	23	48	697	12	17	10	0	32	19	69	144	73	8	88	889	8890
1141	109560	137579	137581	3	3	1145	1	11	18	14	14	41	23	89	157	814	16	16	13	11	37	10	65	220	424	8	89	890	8907
1142	109655	137700	137701	3	3	1146	1	15	7	12	5	21	55	42	18	864	11	2	7	15	20	47	25	54	574	9	90	907	9075
1143	109749	137818	137819	3	3	1147	1	1	7	25	3	2	28	68	27	869	3	2	17	9	6	25	2	81	589	0	7	75	750
1144	109845	137938	137940	3	3	1148	1	7	18	27	12	21	12	91	137	456	4	16	23	5	20	36	71	160	359	7	75	750	7509
1145	109943	138061	138062	3	3	1149	1	13	11	16	13	39	4	78	6	267	5	14	19	8	31	12	32	18	801	5	50	509	5098
1146	110039	138181	138183	3	3	1150	1	0	18	21	4	8	49	85	237	290	0	16	5	12	24	29	53	209	870	0	9	98	983
1147	110128	138295	138301	57	3*19	1151	1	7	18	28	17	42	25	31	113	83	8	0	1	8	29	9	50	166	695	9	98	983	9838
1148	110230	138422	138423	3	3	1152	1	13	5	28	24	35	58	94	203	357	5	15	26	10	19	56	80	107	62	8	83	838	8381
1149	110324	138540	138541	3	3	1153	1	15	16	24	28	36	56	17	1	40	11	10	14	22	22	50	51	3	120	3	38	381	3817
1150	110422	138662	138664	3	3	1154	1	14	6	28	30	33	20	99	119	545	8	18	26	28	13	1	95	106	626	8	81	817	8175
1151	110515	138780	138782	3	3	1155	1	3	1	24	22	23	26	28	84	688	9	3	14	4	26	19	84	1	46	1	17	175	1754
1152	110614	138903	138905	3	3	1156	1	10	16	6	13	5	5	65	219	1007	13	10	18	8	15	15	94	155	1003	7	75	754	7546
1153	110709	139024	139025	3	3	1157	1	11	6	5	10	17	14	65	175	12	16	18	15	30	8	42	94	23	36	5	54	546	5463
1154	110803	139142	139143	3	3	1158	1	7	9	0	7	16	19	55	237	421	4	8	0	21	5	57	64	209	254	4	46	463	4637
1155	110901	139264	139266	3	3	1159	1	9	10	24	21	35	40	99	207	798	10	11	14	1	19	2	95	119	376	6	63	637	6374
1156	110997	139385	139386	3	3	1160	1	3	1	13	23	22	39	40	214	686	9	3	10	7	23	58	19	140	40	3	37	374	3746
1157	111088	139500	139507	87	3*29	1161	1	6	5	3	22	38	19	94	57	195	12	17	0	23	38	1	98	190	821	7	74	746	7464
1158	111189	139625	139627	3	3	1162	1	7	16	18	10	12	20	23	5	538	4	10	25	30	36	1	69	15	605	4	46	464	4649
1159	111280	139741	139743	3	3	1163	1	7	4	4	14	0	1	56	55	306	4	12	12	11	0	3	67	165	918	6	64	649	6493
1160	111378	139864	139865	3	3	1164	1	7	6	4	23	16	28	36	220	409	4	18	12	7	5	25	7	158	218	4	49	493	4939
1161	111476	139986	139988	3	3	1165	1	1	11	3	6	42	8	80	113	294	3	14	9	18	40	24	38	88	882	9	93	939	9393
1162	111572	140107	140108	3	3	1166	1	12	10	27	4	30	38	52	33	648	2	11	23	12	4	55	55	99	935	3	39	393	3931
1163	111668	140227	140229	3	3	1167	1	10	6	3	30	12	3	43	40	150	13	18	9	28	36	9	28	120	450	9	93	931	9319
1164	111759	140343	140344	3	3	1168	1	16	3	13	14	40	13	41	98	30	14	9	10	11	34	39	22	43	90	3	31	319	3192
1165	111859	140468	140469	3	3	1169	1	16	6	4	11	38	20	51	139	575	14	18	12	2	28	1	52	166	716	1	19	192	1925
1166	111955	140588	140590	3	3	1170	1	7	10	17	26	0	43	50	159	197	4	11	22	16	0	11	49	226	591	9	92	925	9255
1167	112051	140709	140710	3	3	1171	1	5	13	9	2	1	42	27	30	381	15	1	27	6	3	8	81	90	134	2	25	255	2550
1168	112144	140827	140828	3	3	1172	1	10	15	15	24	25	39	78	122	707	13	7	16	10	32	58	32	115	103	5	55	550	5506
1169	112240	140947	140949	3	3	1173	1	3	9	23	13	8	25	21	67	991	9	8	11	8	24	16	63	201	955	5	50	506	5060
1170	112338	141070	141071	3	3	1174	1	10	1	20	8	34	19	31	141	895	13	3	2	24	16	57	93	172	667	0	6	60	604
1171	112434	141190	141192	3	3	1175	1	8	8	2	9	26	47	69	183	625	7	5	6	27	35	23	5	47	866	6	60	604	6040
1172	112528	141308	141310	3	3	1176	1	15	1	19	15	15	25	38	71	852	11	3	28	14	2	16	13	213	538	0	4	40	400
1173	112626	141431	141432	3	3	1177	1	12	14	22	22	41	6	98	182	432	2	4	8	4	37	18	92	44	287	4	40	400	4009
1174	112711	141541	141542	3	3	1178	1	11	8	21	10	25	42	4	6	238	16	5	5	30	32	8	12	18	714	0	0	9	92
1175	112817	141671	141673	3	3	1179	1	8	11	9	27	22	44	6	145	581	7	14	27	19	23	14	18	184	734	0	9	92	927
1176	112911	141790	141791	3	3	1180	1	10	10	1	8	23	45	52	13	447	13	11	3	24	26	17	55	39	332	9	92	927	9277
1177	113009	141912	141914	3	3	1181	1	2	12	7	2	32	12	59	209	74	6	17	21	6	10	36	76	125	222	2	27	277	2770
1178	113105	142033	142034	3	3	1182	1	1	4	17	3	8	14	30	27	272	3	12	22	9	24	42	90	81	816	7	77	770	7701
1179	113198	142151	142152	3	3	1183	1	5	2	13	21	22	9	72	187	525	15	6	10	1	23	27	14	59	566	7	70	701	7016
1180	113297	142273	142275	3	3	1184	1	16	17	4	4	17	14	13	5	610	14	13	12	12	8	42	39	15	821	0	1	16	167
1181	113392	142394	142395	3	3	1185	1	3	1	22	12	37	8	52	113	526	9	3	8	5	25	24	55	88	569	1	16	167	1671
1182	113488	142514	142516	3	3	1186	1	11	13	5	23	27	44	37	193	975	16	1	15	7	38	14	10	77	907	6	67	671	6711
1183	113584	142634	142636	3	3	1187	1	7	0	25	21	29	38	29	46	519	4	0	17	1	1	55	87	138	548	7	71	711	7113
1184	113675	142750	142752	3	3	1188	1	11	17	17	13	26	28	97	91	19	16	13	22	8	35	25	89	22	57	1	11	113	1139
1185	113773	142873	142874	3	3	1189	1	4	5	3	27	33	14	5	217	16	12	15	9	19	13	42	15	149	48	1	13	139	1390
1186	113871	142995	142997	3	3	1190	1	1	6	18	26	19	38	6	68	13	3	18	25	16	14	55	18	204	39	3	39	390	3900
1187	113967	143116	143117	3	3	1191	1	6	1	19	10	30	40	21	237	904	1	3	28	30	4	2	63	209	694	9	90	900	9009
1188	114063	143236	143238	3	3	1192	1	2	18	6	14	18	55	51	1	814	6	16	18	11	11	47	52	3	424	0	0	9	98
1189	114154	143352	143353	3	3	1193	1	2	15	22	0	4	39	15	21	856	6	7	8	0	12	58	45	63	550	0	9	98	984
1190	114255	143477	143478	3	3	1194	1	14	15	21	12	2	9	3	2	683	8	7	5	5	6	27	9	6	31	9	98	984	9848
1191	114350	143597	143599	3	3	1195	1	4	13	26	23	1	12	30	27	858	12	1	20	7	3	36	90	81	556	8	84	848	8488
1192	114446	143718	143719	3	3	1196	1	12	15	1	9	9	49	70	153	282	2	7	3	27	27	29	8	208	846	4	48	488	4882
1193	114540	143836	143837	3	3	1197	1	12	8	28	2	35	16	22	238	207	2	5	26	6	19	48	66	212	621	8	88	882	8824
1194	114636	143956	143958	3	3	1198	1	8	9	13	17	9	51	63	185	973	7	8	10	20	27	35	88	53	901	8	82	824	8240
1195	114734	144079	144080	3	3	1199	1	1	12	21	29	17	15	58	243	837	3	17	5	25	8	45	73	227	493	2	24	240	2401
1196	114830	144199	144201	3	3	1200	1	9	6	11	12	23	48	3	223	379	10	18	4	5	26	26	9	167	128	4	40	401	4012
1197	114918	144312	144314	3	3	1201	1	1	8	3	14	11	55	59	148	389	3	5	9	11	33	47	76	193	158	0	1	12	128
1198	115021	144440	144441	3	3	1202	1	13	18	0	27	24	2	50	223	842	5	16	0	19	29	6	49	167	508	1	12	128	1285
1199	115115	144558	144559	3	3	1203	1	5	9	22	27	17	53	1	83	966	15	8	8	19	8	41	3	249	880	2	28	285	2858
1200	115213	144680	144682	3	3	1204	1	7	16	7	5	42	57	86	199	445	4	10	21	15	40	53	56	95	326	8	85	858	8583
1201	115302	144794	144800	75	3*5^2	1205	1	2	3	18	26	8	32	80	179	98	14	16	16	28	41	40	41	122	287	5	58	583	5836
1202	115404	144921	144923	3	3	1206	1	2	11	2	27	4	49	39	193	344	6	14	6	19	12	29	16	77	23	8	83	836	8361
1203	115500	145042	145043	3	3	1207	1	13	18	4	11	2	7	50	52	98	5	16	12	2	6	21	49	156	294	3	36	361	3616
1204	115590	145155	145161	57	3*19	1208	1	16	3	11	28	35	18	62	112	470	11	0	18	15	17	23	100	109	556	6	61	616	6160
1205	115692	145282	145284	3	3	1209	1	12	5	25	15	26	32	44	120	10	2	15	17	14	35	37	31	109	30	1	16	160	1603
1206	115788	145403	145404	3	3	1210	1	1	4	12	23	33	1	85	140	450	3	12	7	7	13	3	53	169	341	6	60	603	6035
1207	115884	145523	145525	3	3	1211	1	5	6	1	1	1	55	42	191	600	15	18	3	3	3	47	25	71	791	0	3	35	356
1208	115979	145643	145645	3	3	1212	1	4	5	12	29	18	44	78	200	263	12	15	7	25	11	14	32	98	789	3	35	356	3563
1209	116071	145759	145761	3	3	1213	1	12	9	2	15	27	20	79	199	914	2	8	6	14	38	1	35	95	724	5	56	563	5637
1210	116169	145882	145883	3	3	1214	1	3	5	19	10	42	13	41	111	388	9	15	28	30	40	39	22	82	155	6	63	637	6370
1211	116267	146004	146006	3	3	1215	1	5	7	19	11	6	50	71	91	579	15	2	28	2	18	32	11	22	728	3	37	370	3707
1212	116363	146125	146126	3	3	1216	1	1	10	24	7	27	5	84	195	907	3	11	14	21	38	15	50	83	703	7	70	707	7076
1213	116458	146245	146247	3	3	1217	1	13	1	11	4	35	1	85	195	379	5	3	4	12	19	3	53	83	128	0	7	76	766
1214	116542	146353	146355	3	3	1218	1	0	14	20	7	21	11	39	194	110	0	4	2	21	20	33	16	80	330	7	76	766	7660
1215	116650	146486	146487	3	3	1219	1	2	16	8	25	17	19	11	151	933	6	10	24	13	8	57	33	202	781	6	66	660	6601
1216	116746	146606	146608	3	3	1220	1	13	5	16	25	36	29	80	42	628	5	15	19	13	22	28	38	126	875	6	60	601	6010
1217	116842	146727	146728	3	3	1221	1	7	11	16	5	2	48	63	166	622	4	14	19	15	6	26	88	247	857	0	1	10	104
1218	116933	146842	146844	3	3	1222	1	6	5	22	13	7	24	64	31	160	1	15	8	8	21	13	91	93	480	1	10	104	1047
1219	117031	146965	146967	3	3	1223	1	3	2	12	26	21	20	26	210	430	9	6	7	16	20	1	78	128	281	0	4	47	471
1220	117129	147088	147089	3	3	1224	1	10	6	10	11	14	22	86	102	886	13	18	1	2	42	7	56	55	640	4	47	471	4710
1221	117225	147208	147210	3	3	1225	1	11	18	6	18	23	20	89	210	304	16	16	18	23	26	1	65	128	912	7	71	710	7101
1222	117319	147326	147328	3	3	1226	1	7	5	5	5	27	10	36	26	558	4	15	15	15	38	30	7	78	665	1	10	101	1018
1223	117417	147449	147450	3	3	1227	1	9	10	3	15	7	40	2	180	752	10	11	9	14	21	2	6	38	238	0	1	18	181
1224	117505	147562	147568	87	3*29	1228	1	6	9	17	4	42	25	98	45	723	12	4	0	7	42	51	42	150	343	1	18	181	1819
1225	117608	147689	147691	3	3	1229	1	4	18	28	9	30	19	15	119	780	12	16	26	27	4	57	45	106	322	8	81	819	8194
1226	117702	147808	147809	3	3	1230	1	15	9	16	20	34	8	93	15	562	11	8	19	29	16	24	77	45	677	1	19	194	1942
1227	117800	147930	147932	3	3	1231	1	5	1	25	14	25	5	55	136	563	15	3	17	11	32	15	64	157	680	9	94	942	9429
1228	117896	148051	148052	3	3	1232	1	1	8	0	21	35	6	59	113	60	3	5	0	1	19	18	76	88	180	4	42	429	4295
1229	117989	148169	148170	3	3	1233	1	7	1	28	3	16	18	90	149	536	4	3	26	9	5	54	68	196	599	2	29	295	2955
1230	118087	148291	148293	3	3	1234	1	12	14	17	10	41	34	33	12	896	2	4	22	30	37	43	99	36	670	9	95	955	9555
1231	118183	148412	148413	3	3	1235	1	10	3	18	9	13	3	88	26	46	13	9	25	27	39	9	62	78	138	5	55	555	5559
1232	118279	148532	148534	3	3	1236	1	9	11	16	0	33	10	96	0	745	10	14	19	0	13	30	86	0	217	5	55	559	5596
1233	118375	148652	148654	3	3	1237	1	16	12	1	1	38	30	15	102	782	14	17	3	3	28	31	45	55	328	5	59	596	5961
1234	118466	148768	148770	3	3	1238	1	3	2	18	4	3	28	54	98	422	9	6	25	12	9	25	61	43	257	9	96	961	9619
1235	118564	148891	148892	3	3	1239	1	1	16	26	0	8	48	99	245	575	3	10	20	0	24	26	95	233	716	6	61	619	6198
1236	118662	149013	149015	3	3	1240	1	16	10	4	15	1	39	20	236	313	14	11	12	14	3	58	60	206	939	1	19	198	1989
1237	118758	149134	149135	3	3	1241	1	15	17	14	15	32	41	82	224	471	11	13	13	14	10	5	44	170	404	9	98	989	9894
1238	118854	149254	149256	3	3	1242	1	10	1	6	16	8	53	83	200	980	13	3	18	17	24	41	47	98	922	8	89	894	8946
1239	118943	149368	149369	3	3	1243	1	7	15	27	21	18	51	51	96	853	4	7	23	1	11	35	52	37	541	9	94	946	9467
1240	119046	149495	149496	3	3	1244	1	7	0	22	3	20	51	59	117	940	4	0	8	9	17	35	76	100	802	4	46	467	4676
1241	119141	149615	149617	3	3	1245	1	12	7	14	2	17	18	82	75	674	2	2	13	6	8	54	44	225	4	6	67	676	6767
1242	119237	149736	149737	3	3	1246	1	4	6	10	25	2	33	56	179	51	12	18	1	13	6	40	67	35	153	7	76	767	7678
1243	119331	149854	149855	3	3	1247	1	5	5	17	18	36	1	55	113	385	15	15	22	23	22	3	64	88	146	6	67	678	6783
1244	119427	149974	149976	3	3	1248	1	10	4	28	18	17	35	77	129	278	13	12	26	23	8	46	29	136	834	7	78	783	7837
1245	119525	150097	150098	3	3	1249	1	2	18	9	7	3	32	94	20	602	6	16	27	21	9	37	80	60	797	8	83	837	8374
1246	119620	150217	150219	3	3	1250	1	1	14	15	14	33	27	22	233	242	3	4	16	11	13	22	66	197	726	3	37	374	3744
1247	119714	150335	150337	3	3	1251	1	5	3	12	23	1	7	67	48	413	15	9	7	7	3	21	100	144	230	7	74	744	7449
1248	119812	150458	150459	3	3	1252	1	16	13	14	25	34	24	43	9	688	14	1	13	13	16	13	28	27	46	4	44	449	4494
1249	119906	150576	150577	3	3	1253	1	4	3	3	5	16	43	69	244	488	12	9	9	15	5	11	5	230	455	4	49	494	4944
1250	120004	150698	150700	3	3	1254	1	11	2	26	21	29	16	39	247	544	16	6	20	1	1	48	16	239	623	9	94	944	9448
1251	120097	150816	150818	3	3	1255	1	15	9	24	19	23	11	17	192	103	11	8	14	26	26	33	51	74	309	4	44	448	4482
1252	120195	150939	150941	3	3	1256	1	3	12	10	30	1	49	35	191	776	9	17	1	28	3	29	4	71	310	4	48	482	4825
1253	120291	151060	151061	3	3	1257	1	3	6	26	29	34	11	92	193	168	9	18	20	25	16	33	74	77	504	8	82	825	8255
1254	120377	151170	151171	3	3	1258	1	7	13	18	18	33	49	19	155	461	4	1	25	23	13	29	57	214	374	2	25	255	2553
1255	120483	151300	151302	3	3	1259	1	6	18	5	15	36	8	46	143	844	1	16	15	14	22	24	37	178	514	5	55	553	5537
1256	120579	151421	151422	3	3	1260	1	2	7	24	12	9	31	29	222	842	6	2	14	5	27	34	87	164	508	5	53	537	5379
1257	120674	151541	151543	3	3	1261	1	16	16	5	25	4	40	93	238	243	14	10	15	13	12	2	77	212	729	3	37	379	3797
1258	120765	151656	151663	87	3*29	1262	1	4	9	1	22	18	57	91	49	346	8	4	0	23	18	3	39	247	841	7	79	797	7977
1259	120859	151775	151776	3	3	1263	1	12	1	22	4	39	18	93	87	546	2	3	8	12	31	54	77	10	629	9	97	977	9774
1260	120957	151897	151899	3	3	1264	1	10	3	25	17	40	42	68	158	425	13	9	17	20	34	8	2	223	266	7	77	774	7747
1261	121053	152018	152024	57	3*19	1265	1	13	16	8	20	41	38	84	212	30	10	0	21	24	15	42	41	36	701	7	74	747	7472
1262	121154	152143	152144	3	3	1266	1	6	5	27	17	34	43	7	62	621	1	15	23	20	16	11	21	186	854	4	47	472	4726
1263	121243	152257	152265	177	3*59	1267	1	15	2	10	7	13	40	89	172	737	3	12	1	30	22	0	98	73	288	7	72	726	7268
1264	121341	152379	152380	3	3	1268	1	16	1	9	24	39	0	81	92	856	14	3	27	10	31	0	41	25	550	2	26	268	2684
1265	121441	152504	152505	3	3	1269	1	6	5	9	30	29	18	88	13	300	1	15	27	28	1	54	62	39	900	6	68	684	6847
1266	121537	152624	152626	3	3	1270	1	13	16	22	12	2	46	100	85	53	5	10	8	5	6	20	98	4	159	8	84	847	8471
1267	121633	152745	152746	3	3	1271	1	8	6	19	15	41	19	44	250	964	7	18	28	14	37	57	31	248	874	4	47	471	4710
1268	121726	152863	152864	3	3	1272	1	15	9	28	6	17	7	59	146	774	11	8	26	18	8	21	76	187	304	7	71	710	7104
1269	121822	152983	152985	3	3	1273	1	16	2	12	3	23	18	19	153	350	14	6	7	9	26	54	57	208	41	1	10	104	1040
1270	121920	153106	153107	3	3	1274	1	2	1	12	5	14	11	30	38	935	6	3	7	15	42	33	90	114	787	0	4	40	404
1271	122016	153226	153228	3	3	1275	1	13	12	13	3	20	26	63	62	207	5	17	10	9	17	19	88	186	621	4	40	404	4047
1272	122109	153344	153346	3	3	1276	1	15	7	1	6	20	20	37	60	683	11	2	3	18	17	1	10	180	31	0	4	47	475
1273	122208	153467	153468	3	3	1277	1	12	5	4	22	13	31	34	10	366	2	15	12	4	39	34	1	30	89	4	47	475	4753
1274	122301	153585	153586	3	3	1278	1	7	6	2	14	11	28	57	80	154	4	18	6	11	33	25	70	240	462	7	75	753	7534
1275	122399	153707	153709	3	3	1279	1	5	11	3	14	5	45	48	44	143	15	14	9	11	15	17	43	132	429	5	53	534	5346
1276	122493	153825	153827	3	3	1280	1	11	2	20	8	38	47	46	63	38	16	6	2	24	28	23	37	189	114	3	34	346	3464
1277	122591	153948	153950	3	3	1281	1	11	6	11	23	8	15	62	65	310	16	18	4	7	24	45	85	195	930	4	46	464	4646
1278	122687	154069	154070	3	3	1282	1	15	18	8	16	15	52	9	223	904	11	16	24	17	2	38	27	167	694	6	64	646	6462
1279	122780	154187	154188	3	3	1283	1	1	5	20	13	40	48	47	211	395	3	15	2	8	34	26	40	131	176	4	46	462	4620
1280	122878	154309	154311	3	3	1284	1	1	10	18	14	35	0	19	87	436	3	11	25	11	19	0	57	10	299	6	62	620	6208
1281	122974	154430	154431	3	3	1285	1	13	13	10	20	35	6	71	195	697	5	1	1	29	19	18	11	83	73	2	20	208	2080
1282	123070	154550	154552	3	3	1286	1	0	18	18	15	8	3	90	152	823	0	16	25	14	24	9	68	205	451	0	8	80	804
1283	123166	154670	154672	3	3	1287	1	2	7	15	23	31	15	70	45	860	6	2	16	7	7	45	8	135	562	8	80	804	8046
1284	123257	154786	154788	3	3	1288	1	8	16	0	30	26	6	25	53	395	7	10	0	28	35	18	75	159	176	0	4	46	466
1285	123355	154909	154910	3	3	1289	1	15	13	26	4	25	42	19	99	307	11	1	20	12	32	8	57	46	921	4	46	466	4668
1286	123453	155031	155033	3	3	1290	1	14	5	28	1	22	36	61	92	287	8	15	26	3	23	49	82	25	861	6	66	668	6684
1287	123549	155152	155153	3	3	1291	1	15	14	9	18	6	48	38	58	336	11	4	27	23	18	26	13	174	1008	6	68	684	6842
1288	123645	155272	155274	3	3	1292	1	10	3	11	30	35	33	79	7	584	13	9	4	28	19	40	35	21	743	8	84	842	8425
1289	123736	155388	155389	3	3	1293	1	12	5	6	6	1	36	61	59	707	2	15	18	18	3	49	82	177	103	4	42	425	4259
1290	123836	155513	155514	3	3	1294	1	1	12	22	1	27	18	42	156	351	3	17	8	3	38	54	25	217	44	2	25	259	2590
1291	123932	155633	155635	3	3	1295	1	9	12	16	5	18	56	21	217	122	10	17	19	15	11	50	63	149	366	5	59	590	5906
1292	124023	155749	155755	87	3*29	1296	1	13	8	6	29	15	26	59	249	974	9	12	0	12	15	20	83	77	991	9	90	906	9069
1293	124122	155872	155873	3	3	1297	1	11	2	8	19	42	6	85	186	816	16	6	24	26	40	18	53	56	430	0	6	69	694
1294	124209	155984	155986	3	3	1298	1	15	1	13	20	26	50	96	215	357	11	3	10	29	35	32	86	143	62	6	69	694	6949
1295	124316	156115	156116	3	3	1299	1	5	1	11	0	26	7	75	221	557	15	3	4	0	35	21	23	161	662	9	94	949	9491
1296	124411	156235	156237	3	3	1300	1	1	13	26	14	41	32	1	94	627	3	1	20	11	37	37	3	31	872	4	49	491	4912
1297	124505	156353	156355	3	3	1301	1	7	0	9	1	33	40	6	98	877	4	0	27	3	13	2	18	43	613	9	91	912	9129
1298	124603	156476	156477	3	3	1302	1	12	7	18	15	25	6	65	204	599	2	2	25	14	32	18	94	110	788	1	12	129	1293
1299	124696	156594	156595	3	3	1303	1	2	5	20	12	42	47	27	192	963	6	15	2	5	40	23	81	74	871	2	29	293	2933
1300	124795	156716	156718	3	3	1304	1	9	6	20	13	30	54	81	210	102	10	18	2	8	4	44	41	128	306	9	93	933	9331
1301	124888	156834	156836	3	3	1305	1	10	4	4	7	11	26	25	40	801	13	12	12	21	33	19	75	120	385	3	33	331	3313
1302	124986	156957	156959	3	3	1306	1	7	18	14	3	38	30	93	241	805	4	16	13	9	28	31	77	221	397	3	31	313	3136
1303	125082	157078	157079	3	3	1307	1	5	14	5	24	30	37	31	238	224	15	4	15	10	4	52	93	212	672	1	13	136	1367
1304	125176	157196	157197	3	3	1308	1	10	3	20	28	32	24	4	142	945	13	9	2	22	10	13	12	175	817	3	36	367	3677
1305	125274	157318	157320	3	3	1309	1	15	13	17	30	1	16	36	82	714	11	1	22	28	3	48	7	246	124	6	67	677	6770
1306	125369	157439	157440	3	3	1310	1	10	15	19	17	18	45	89	77	327	13	7	28	20	11	17	65	231	981	7	77	770	7702
1307	125459	157553	157561	219	3*73	1311	1	5	12	24	4	1	29	96	208	606	7	6	7	8	4	38	16	121	535	7	70	702	7028
1308	125561	157679	157681	3	3	1312	1	7	7	26	10	1	19	84	24	444	4	2	20	30	3	57	50	72	323	0	2	28	289
1309	125652	157795	157797	3	3	1313	1	10	2	23	20	36	43	44	170	817	13	6	11	29	22	11	31	8	433	2	28	289	2898
1310	125750	157918	157919	3	3	1314	1	11	5	25	29	38	46	84	172	902	16	15	17	25	28	20	50	14	688	8	89	898	8989
1311	125849	158040	158042	3	3	1315	1	8	12	25	23	3	41	83	127	183	7	17	17	7	9	5	47	130	549	9	98	989	9891
1312	125944	158161	158162	3	3	1316	1	16	18	23	18	0	10	41	174	233	14	16	11	23	0	30	22	20	699	8	89	891	8915
1313	126040	158281	158283	3	3	1317	1	2	7	20	10	19	42	12	154	425	6	2	2	30	14	8	36	211	266	9	91	915	9152
1314	126131	158397	158398	3	3	1318	1	15	9	26	14	4	8	78	44	194	11	8	20	11	12	24	32	132	582	1	15	152	1521
1315	126232	158522	158523	3	3	1319	1	8	14	26	22	42	4	57	161	205	7	4	20	4	40	12	70	232	615	5	52	521	5210
1316	126328	158642	158644	3	3	1320	1	16	11	4	6	31	51	1	154	278	14	14	12	18	7	35	3	211	834	2	21	210	2104
1317	126423	158763	158764	3	3	1321	1	3	18	1	4	16	53	11	113	471	9	16	3	12	5	41	33	88	404	1	10	104	1047
1318	126513	158876	158882	57	3*19	1322	1	13	11	26	15	17	7	14	175	312	10	0	3	18	23	45	91	186	631	0	4	47	475
1319	126613	159001	159003	3	3	1323	1	15	1	14	8	23	29	45	194	217	11	3	13	24	26	28	34	80	651	4	47	475	4752
1320	126711	159124	159125	3	3	1324	1	3	4	12	11	10	56	42	109	490	9	12	7	2	30	50	25	76	461	7	75	752	7521
1321	126807	159244	159246	3	3	1325	1	3	6	11	26	27	5	44	233	637	9	18	4	16	38	15	31	197	902	5	52	521	5216
1322	126898	159360	159361	3	3	1326	1	15	4	9	10	26	53	7	200	599	11	12	27	30	35	41	21	98	788	2	21	216	2162
1323	126998	159485	159486	3	3	1327	1	6	16	3	27	41	21	18	183	251	1	10	9	19	37	4	54	47	753	1	16	162	1620
1324	127092	159603	159604	3	3	1328	1	14	5	16	13	42	7	20	188	627	8	15	19	8	40	21	60	62	872	6	62	620	6205
1325	127190	159725	159727	3	3	1329	1	16	7	7	8	40	37	40	68	816	14	2	21	24	34	52	19	204	430	2	20	205	2056
1326	127276	159836	159845	435	3*5*29	1330	1	9	16	26	24	19	35	49	111	192	5	6	0	24	9	3	4	93	782	0	5	56	569
1327	127382	159966	159968	3	3	1331	1	4	1	16	13	22	7	29	228	608	12	3	19	8	23	21	87	182	815	5	56	569	5696
1328	127477	160086	160088	3	3	1332	1	12	12	28	22	8	30	68	198	362	2	17	26	4	24	31	2	92	77	6	69	696	6966
1329	127571	160205	160206	3	3	1333	1	12	7	27	3	25	47	42	210	602	2	2	23	9	32	23	25	128	797	9	96	966	9660
1330	127669	160327	160329	3	3	1334	1	6	5	16	27	42	7	28	101	895	1	15	19	19	40	21	84	52	667	6	66	660	6602
1331	127765	160448	160449	3	3	1335	1	1	11	19	9	32	29	43	136	439	3	14	28	27	10	28	28	157	308	6	60	602	6024
1332	127861	160568	160570	3	3	1336	1	9	11	10	2	39	42	11	216	884	10	14	1	6	31	8	33	146	634	0	2	24	240
1333	127957	160688	160690	3	3	1337	1	6	10	21	3	37	2	1	170	255	1	11	5	9	25	6	3	8	765	2	24	240	2405
1334	128040	160796	160798	3	3	1338	1	8	7	8	14	18	5	97	220	901	7	2	24	11	11	15	89	158	685	4	40	405	4058
1335	128146	160927	160928	3	3	1339	1	5	15	15	7	35	22	93	185	151	15	7	16	21	19	7	77	53	453	0	5	58	580
1336	128244	161049	161051	3	3	1340	1	7	6	18	12	16	57	35	46	1005	4	18	25	5	5	53	4	138	997	5	58	580	5803
1337	128340	161170	161171	3	3	1341	1	12	10	12	23	27	3	48	192	474	2	11	7	7	38	9	43	74	413	8	80	803	8038
1338	128436	161290	161292	3	3	1342	1	2	13	15	21	25	36	87	130	95	6	1	16	1	32	49	59	139	285	0	3	38	381
1339	128527	161406	161407	3	3	1343	1	8	3	18	13	10	2	83	98	968	7	9	25	8	30	6	47	43	886	3	38	381	3815
1340	128627	161531	161532	3	3	1344	1	7	7	9	11	6	8	86	182	95	4	2	27	2	18	24	56	44	285	8	81	815	8150
1341	128723	161651	161653	3	3	1345	1	12	1	9	26	34	12	100	222	971	2	3	27	16	16	36	98	164	895	1	15	150	1501
1342	128819	161772	161773	3	3	1346	1	1	8	25	10	35	38	37	43	69	3	5	17	30	19	55	10	129	207	5	50	501	5019
1343	128910	161887	161889	3	3	1347	1	7	4	4	8	25	56	39	106	319	4	12	12	24	32	50	16	67	957	0	1	19	193
1344	129008	162010	162012	3	3	1348	1	11	18	26	0	17	27	74	231	239	16	16	20	0	8	22	20	191	717	1	19	193	1935
1345	129106	162133	162134	3	3	1349	1	11	3	12	12	9	48	31	206	881	16	9	7	5	27	26	93	116	625	9	93	935	9351
1346	129202	162253	162255	3	3	1350	1	15	11	9	23	40	23	3	58	376	11	14	27	7	34	10	9	174	119	3	35	351	3511
1347	129296	162371	162373	3	3	1351	1	1	10	27	8	8	52	42	236	797	3	11	23	24	24	38	25	206	373	5	51	511	5112
1348	129394	162494	162495	3	3	1352	1	1	12	16	10	5	58	54	104	27	3	17	19	30	15	56	61	61	81	1	11	112	1125
1349	129487	162612	162613	3	3	1353	1	6	16	10	17	38	8	93	196	182	1	10	1	20	28	24	77	86	546	1	12	125	1253
1350	129585	162734	162736	3	3	1354	1	0	10	21	29	10	54	27	70	985	0	11	5	25	30	44	81	210	937	2	25	253	2533
1351	129679	162852	162854	3	3	1355	1	14	11	23	21	17	48	52	129	753	8	14	11	1	8	26	55	136	241	5	53	533	5338
1352	129777	162975	162977	3	3	1356	1	13	1	4	14	41	44	35	247	899	5	3	12	11	37	14	4	239	679	3	33	338	3382
1353	129873	163095	163097	3	3	1357	1	7	13	28	27	24	17	61	153	421	4	1	26	19	29	51	82	208	254	3	38	382	3824
1354	129966	163214	163215	3	3	1358	1	13	0	24	27	23	4	54	177	790	5	0	14	19	26	12	61	29	352	8	82	824	8243
1355	130065	163336	163338	3	3	1359	1	15	7	6	5	9	39	4	195	367	11	2	18	15	27	58	12	83	92	2	24	243	2430
1356	130160	163457	163458	3	3	1360	1	10	6	5	26	16	38	96	218	764	13	18	15	16	5	55	86	152	274	4	43	430	4300
1357	130256	163577	163578	3	3	1361	1	11	6	0	27	13	38	3	54	170	16	18	0	19	39	55	9	162	510	3	30	300	3003
1358	130352	163697	163699	3	3	1362	1	1	1	24	11	1	29	36	206	678	3	3	14	2	3	28	7	116	16	0	0	3	35
1359	130443	163813	163815	3	3	1363	1	16	3	4	1	24	47	84	85	452	14	9	12	3	29	23	50	4	347	0	3	35	355
1360	130536	163931	163937	87	3*29	1364	1	6	17	27	14	21	37	75	33	568	12	16	0	9	21	33	61	110	984	3	35	355	3558
1361	130639	164058	164060	3	3	1365	1	4	15	18	23	24	47	54	195	949	12	7	25	7	29	23	61	83	829	5	55	558	5587
1362	130735	164179	164180	3	3	1366	1	7	13	13	1	24	11	99	51	219	4	1	10	3	29	33	95	153	657	5	58	587	5876
1363	130831	164299	164301	3	3	1367	1	5	15	20	29	30	41	13	16	319	15	7	2	25	4	5	39	48	957	8	87	876	8764
1364	130920	164412	164414	3	3	1368	1	3	14	10	3	20	3	76	34	219	9	4	1	9	17	9	26	102	657	7	76	764	7640
1365	131023	164540	164541	3	3	1369	1	1	7	27	19	18	36	71	56	724	3	2	23	26	11	49	11	168	154	6	64	640	6402
1366	131119	164660	164662	3	3	1370	1	12	12	3	11	19	49	15	85	391	2	17	9	2	14	29	45	4	164	4	40	402	4024
1367	131214	164781	164782	3	3	1371	1	10	6	6	7	6	49	93	4	794	13	18	18	21	18	29	77	12	364	0	2	24	247
1368	131308	164899	164900	3	3	1372	1	12	10	24	7	32	34	70	234	264	2	11	14	21	10	43	8	200	792	2	24	247	2474
1369	131404	165019	165020	3	3	1373	1	10	15	15	26	17	45	92	132	208	13	7	16	16	8	17	74	145	624	4	47	474	4749
1370	131502	165142	165143	3	3	1374	1	7	7	9	25	1	31	17	148	939	4	2	27	13	3	34	51	193	799	7	74	749	7496
1371	131598	165262	165264	3	3	1375	1	5	16	17	25	27	39	1	228	642	15	10	22	13	38	58	3	182	917	4	49	496	4964
1372	131691	165380	165382	3	3	1376	1	10	18	23	1	15	9	94	151	118	13	16	11	3	2	27	80	202	354	9	96	964	9647
1373	131781	165495	165496	3	3	1377	1	15	1	7	19	0	44	82	38	691	11	3	21	26	0	14	44	114	55	6	64	647	6473
1374	131883	165621	165622	3	3	1378	1	2	15	12	26	39	53	28	186	759	6	7	7	16	31	41	84	56	259	4	47	473	4732
1375	131977	165739	165745	57	3*19	1379	1	4	18	5	12	15	29	58	102	461	7	0	24	2	38	1	74	41	43	7	73	732	7326
1376	132074	165861	165863	3	3	1380	1	15	1	16	16	3	18	95	155	607	11	3	19	17	9	54	83	214	812	3	32	326	3263
1377	132172	165984	165986	3	3	1381	1	12	4	10	25	29	3	100	103	923	2	12	1	13	1	9	98	58	751	2	26	263	2639
1378	132268	166104	166106	3	3	1382	1	4	6	9	15	19	4	25	155	183	12	18	27	14	14	12	75	214	549	6	63	639	6391
1379	132362	166222	166224	3	3	1383	1	5	1	1	23	27	1	71	6	526	15	3	3	7	38	3	11	18	569	3	39	391	3914
1380	132460	166345	166347	3	3	1384	1	16	16	7	9	34	10	6	216	838	14	10	21	27	16	30	18	146	496	9	91	914	9141
1381	132556	166466	166467	3	3	1385	1	2	6	17	7	22	34	73	207	172	6	18	22	21	23	43	17	119	516	1	14	141	1419
1382	132652	166586	166587	3	3	1386	1	1	7	7	14	26	33	35	60	831	3	2	21	11	35	40	4	180	475	4	41	419	4199
1383	132747	166706	166708	3	3	1387	1	8	10	4	21	9	41	58	174	447	7	11	12	1	27	5	73	20	332	1	19	199	1992
1384	132836	166820	166821	3	3	1388	1	14	7	25	15	13	44	99	93	977	8	2	17	14	39	14	95	28	913	9	99	992	9927
1385	132934	166942	166944	3	3	1389	1	11	2	6	19	15	57	64	149	246	16	6	18	26	2	53	91	196	738	9	92	927	9272
1386	133035	167067	167069	3	3	1390	1	11	16	25	9	21	10	25	172	751	16	10	17	27	20	30	75	14	235	2	27	272	2726
1387	133131	167188	167189	3	3	1391	1	7	5	19	0	33	53	53	178	356	4	15	28	0	13	41	58	32	59	7	72	726	7260
1388	133226	167308	167310	3	3	1392	1	3	11	15	1	33	47	48	165	3	9	14	16	3	13	23	43	244	9	2	26	260	2604
1389	133318	167424	167425	3	3	1393	1	11	5	10	4	25	29	43	148	987	16	15	1	12	32	28	28	193	943	6	60	604	6042
1390	133418	167549	167550	3	3	1394	1	1	10	19	0	7	9	56	203	357	3	11	28	0	21	27	67	107	62	0	4	42	426
1391	133514	167669	167671	3	3	1395	1	6	6	6	15	20	55	22	102	863	1	18	18	14	17	47	66	55	571	4	42	426	4269
1392	133610	167789	167791	3	3	1396	1	2	18	28	15	5	16	54	104	548	6	16	26	14	15	48	61	61	635	2	26	269	2699
1393	133703	167908	167909	3	3	1397	1	10	5	10	28	13	35	66	179	558	13	15	1	22	39	46	97	35	665	6	69	699	6992
1394	133799	168028	168029	3	3	1398	1	13	2	11	29	16	13	57	64	226	5	6	4	25	5	39	70	192	678	9	99	992	9922
1395	133897	168151	168152	3	3	1399	1	4	13	1	3	25	47	88	177	726	12	1	3	9	32	23	62	29	160	9	92	922	9227
1396	133993	168271	168272	3	3	1400	1	12	18	24	2	31	42	81	11	148	2	16	14	6	7	8	41	33	444	2	22	227	2279
1397	134086	168389	168391	3	3	1401	1	12	9	13	5	27	15	24	158	453	2	8	10	15	38	45	72	223	350	2	27	279	2796
1398	134185	168512	168513	3	3	1402	1	6	1	21	28	39	28	88	204	495	1	3	5	22	31	25	62	110	476	7	79	796	7967
1399	134278	168630	168631	3	3	1403	1	7	13	8	18	19	19	39	108	977	4	1	24	23	14	57	16	73	913	9	96	967	9678
1400	134376	168752	168754	3	3	1404	1	9	5	27	7	33	39	99	16	728	10	15	23	21	13	58	95	48	166	6	67	678	6782
1401	134470	168870	168872	3	3	1405	1	8	18	0	9	27	54	55	23	984	7	16	0	27	38	44	64	69	934	7	78	782	7823
1402	134568	168993	168995	3	3	1406	1	13	3	23	22	40	38	49	217	824	5	9	11	4	34	55	46	149	454	8	82	823	8235
1403	134657	169107	169115	249	3*83	1407	1	13	7	20	13	30	56	62	45	843	7	14	21	13	31	20	86	161	35	2	23	235	2354
1404	134757	169231	169233	3	3	1408	1	15	10	15	5	30	55	81	58	970	11	11	16	15	4	47	41	174	892	3	35	354	3547
1405	134855	169354	169356	3	3	1409	1	12	12	2	21	27	55	91	152	821	2	17	6	1	38	47	71	205	445	5	54	547	5478
1406	134951	169474	169476	3	3	1410	1	2	4	4	2	13	57	79	103	479	6	12	12	6	39	53	35	58	428	4	47	478	4781
1407	135047	169595	169596	3	3	1411	1	13	10	1	30	24	57	32	165	943	5	11	3	28	29	53	96	244	811	7	78	781	7816
1408	135143	169715	169717	3	3	1412	1	7	17	25	29	41	32	58	0	240	4	13	17	25	37	37	73	0	720	8	81	816	8163
1409	135234	169831	169833	3	3	1413	1	10	16	26	11	4	39	82	132	22	13	10	20	2	12	58	44	145	66	1	16	163	1636
1410	135332	169954	169955	3	3	1414	1	7	14	6	3	4	31	44	135	865	4	4	18	9	12	34	31	154	577	6	63	636	6360
1411	135430	170076	170078	3	3	1415	1	5	0	12	12	39	43	14	78	909	15	0	7	5	31	11	42	234	709	3	36	360	3600
1412	135526	170197	170198	3	3	1416	1	4	7	21	25	28	39	75	86	960	12	2	5	13	41	58	23	7	862	6	60	600	6009
1413	135614	170309	170311	3	3	1417	1	11	4	26	29	10	43	8	13	534	16	12	20	25	30	11	24	39	593	0	0	9	93
1414	135713	170433	170434	3	3	1418	1	4	1	17	20	3	7	30	47	420	12	3	22	29	9	21	90	141	251	0	9	93	934
1415	135814	170558	170559	3	3	1419	1	5	1	24	22	2	54	39	169	659	15	3	14	4	6	44	16	5	968	9	93	934	9341
1416	135909	170678	170680	3	3	1420	1	1	18	11	8	16	41	97	91	223	3	16	4	24	5	5	89	22	669	3	34	341	3417
1417	136005	170798	170800	3	3	1421	1	13	14	20	17	32	22	68	57	402	5	4	2	20	10	7	2	171	197	4	41	417	4172
1418	136099	170916	170918	3	3	1422	1	0	3	19	2	19	17	55	230	426	0	9	28	6	14	51	64	188	269	1	17	172	1721
1419	136194	171037	171038	3	3	1423	1	14	14	9	27	15	57	86	156	744	8	4	27	19	2	53	56	217	214	7	72	721	7216
1420	136293	171160	171161	3	3	1424	1	13	15	16	30	28	14	20	48	118	5	7	19	28	41	42	60	144	354	2	21	216	2164
1421	136388	171280	171281	3	3	1425	1	7	2	28	12	20	55	26	68	560	4	6	26	5	17	47	78	204	671	1	16	164	1641
1422	136482	171398	171400	3	3	1426	1	13	9	12	3	40	24	90	151	56	5	8	7	9	34	13	68	202	168	6	64	641	6412
1423	136580	171521	171522	3	3	1427	1	15	12	10	30	2	14	33	68	725	11	17	1	28	6	42	99	204	157	4	41	412	4121
1424	136674	171639	171640	3	3	1428	1	2	5	7	3	5	6	53	41	549	6	15	21	9	15	18	58	123	638	1	12	121	1219
1425	136772	171761	171763	3	3	1429	1	11	12	25	5	40	30	13	100	362	16	17	17	15	34	31	39	49	77	2	21	219	2199
1426	136865	171879	171881	3	3	1430	1	7	15	18	13	23	19	13	110	600	4	7	25	8	26	57	39	79	791	1	19	199	1992
1427	136958	171997	172004	87	3*29	1431	1	5	14	11	16	14	16	49	131	603	10	2	0	28	14	35	21	102	1002	9	99	992	9924
1428	137059	172122	172124	3	3	1432	1	3	16	28	22	33	52	77	33	24	9	10	26	4	13	38	29	99	72	9	92	924	9245
1429	137153	172240	172242	3	3	1433	1	11	18	16	14	22	53	55	225	839	16	16	19	11	23	41	64	173	499	2	24	245	2458
1430	137251	172363	172365	3	3	1434	1	7	11	25	14	30	2	37	205	664	4	14	17	11	4	6	10	113	983	4	45	458	4586
1431	137347	172483	172485	3	3	1435	1	5	18	0	9	42	24	54	241	651	15	16	0	27	40	13	61	221	944	5	58	586	5863
1432	137438	172600	172605	57	3*19	1436	1	9	0	15	11	4	43	37	182	381	3	0	14	7	13	32	89	83	528	8	86	863	8631
1433	137538	172724	172726	3	3	1437	1	1	5	17	16	21	5	84	135	639	3	15	22	17	20	15	50	154	908	6	63	631	6315
1434	137629	172840	172841	3	3	1438	1	10	7	10	15	6	19	18	127	23	13	2	1	14	18	57	54	130	69	3	31	315	3150
1435	137728	172963	172964	3	3	1439	1	2	5	9	9	27	0	52	91	820	6	15	27	27	38	0	55	22	442	1	15	150	1503
1436	137826	173085	173087	3	3	1440	1	9	5	1	20	7	11	19	92	866	10	15	3	29	21	33	57	25	580	5	50	503	5030
1437	137921	173206	173207	3	3	1441	1	16	16	15	15	33	19	82	198	134	14	10	16	14	13	57	44	92	402	0	3	30	302
1438	138017	173326	173328	3	3	1442	1	7	6	14	23	40	13	91	167	861	4	18	13	7	34	39	71	250	565	3	30	302	3028
1439	138108	173442	173443	3	3	1443	1	7	17	28	30	29	34	86	119	851	4	13	26	28	1	43	56	106	535	0	2	28	286
1440	138209	173567	173568	3	3	1444	1	16	10	14	20	35	24	68	9	965	14	11	13	29	19	13	2	27	877	2	28	286	2861
1441	138305	173687	173689	3	3	1445	1	15	1	6	1	25	58	44	172	335	11	3	18	3	32	56	31	14	1005	8	86	861	8618
1442	138401	173807	173809	3	3	1446	1	10	12	11	18	41	55	3	244	229	13	17	4	23	37	47	9	230	687	6	61	618	6182
1443	138494	173925	173927	3	3	1447	1	5	7	16	6	30	15	78	98	41	15	2	19	18	4	45	32	43	123	1	18	182	1829
1444	138590	174046	174047	3	3	1448	1	15	1	26	30	2	50	72	75	565	11	3	20	28	6	32	14	225	686	8	82	829	8297
1445	138688	174168	174170	3	3	1449	1	12	11	10	1	19	29	7	149	367	2	14	1	3	14	28	21	196	92	2	29	297	2974
1446	138784	174289	174290	3	3	1450	1	4	11	27	5	39	15	98	86	482	12	14	23	15	31	45	92	7	437	9	97	974	9745
1447	138875	174405	174406	3	3	1451	1	1	8	23	20	33	1	10	119	556	3	5	11	29	13	3	30	106	659	7	74	745	7455
1448	138975	174530	174531	3	3	1452	1	16	6	9	2	34	40	24	168	799	14	18	27	6	16	2	72	2	379	4	45	455	4555
1449	139069	174648	174649	3	3	1453	1	14	15	3	6	7	3	90	138	680	8	7	9	18	21	9	68	163	22	5	55	555	5557
1450	139167	174770	174772	3	3	1454	1	1	6	2	0	8	6	2	26	541	3	18	6	0	24	18	6	78	614	5	55	557	5570
1451	139258	174886	174890	15	3*5	1455	1	1	8	11	8	34	42	68	2	378	15	6	20	27	37	40	10	30	625	5	57	570	5706
1452	139359	175011	175013	3	3	1456	1	16	13	15	5	29	3	2	223	222	14	1	16	15	1	9	6	167	666	7	70	706	7067
1453	139447	175123	175125	3	3	1457	1	3	12	12	19	2	33	60	46	482	9	17	7	26	6	40	79	138	437	0	6	67	674
1454	139548	175249	175251	3	3	1458	1	9	9	24	12	12	34	79	244	327	10	8	14	5	36	43	35	230	981	6	67	674	6749
1455	139646	175372	175374	3	3	1459	1	7	1	10	13	37	44	86	132	781	4	3	1	8	25	14	56	145	325	7	74	749	7498
1456	139742	175492	175494	3	3	1460	1	3	8	26	4	35	14	83	250	967	9	5	20	12	19	42	47	248	883	4	49	498	4983
1457	139838	175613	175614	3	3	1461	1	3	5	21	3	22	51	64	241	200	9	15	5	9	23	35	91	221	600	9	98	983	9838
1458	139934	175733	175735	3	3	1462	1	1	14	5	24	27	26	47	60	663	3	4	15	10	38	19	40	180	980	8	83	838	8385
1459	140025	175849	175850	3	3	1463	1	5	10	23	18	28	5	5	15	500	15	11	11	23	41	15	15	45	491	3	38	385	3850
1460	140123	175972	175973	3	3	1464	1	14	6	1	6	0	28	34	179	874	8	18	3	18	0	25	1	35	604	8	85	850	8505
1461	140216	176089	176096	87	3*29	1465	1	7	5	10	7	25	28	40	72	474	14	17	0	20	25	17	46	240	878	5	50	505	5054
1462	140317	176215	176216	3	3	1466	1	14	12	24	13	42	1	67	127	737	8	17	14	8	40	3	100	130	193	0	5	54	549
1463	140413	176335	176337	3	3	1467	1	4	4	16	10	30	38	94	41	116	12	12	19	30	4	55	80	123	348	5	54	549	5494
1464	140504	176451	176452	3	3	1468	1	10	8	20	20	28	42	40	156	627	13	5	2	29	41	8	19	217	872	4	49	494	4945
1465	140604	176576	176577	3	3	1469	1	9	17	27	21	11	40	76	123	477	10	13	23	1	33	2	26	118	422	9	94	945	9458
1466	140700	176696	176698	3	3	1470	1	6	1	10	23	38	7	24	77	331	1	3	1	7	28	21	72	231	993	4	45	458	4588
1467	140796	176816	176818	3	3	1471	1	1	13	22	18	0	7	43	24	411	3	1	8	23	0	21	28	72	224	5	58	588	5885
1468	140887	176932	176934	3	3	1472	1	16	0	5	19	31	6	31	139	474	14	0	15	26	7	18	93	166	413	8	88	885	8858
1469	140985	177055	177056	3	3	1473	1	8	9	16	8	25	17	42	197	787	7	8	19	24	32	51	25	89	343	8	85	858	8586
1470	141076	177170	177179	417	3*139	1474	1	10	1	21	18	4	51	67	147	2	5	18	28	4	34	27	63	55	834	5	58	586	5869
1471	141179	177298	177299	3	3	1475	1	8	6	24	6	34	49	70	55	179	7	18	14	18	16	29	8	165	537	8	86	869	8692
1472	141273	177416	177417	3	3	1476	1	15	4	12	7	31	32	87	176	7	11	12	7	21	7	37	59	26	21	6	69	692	6926
1473	141371	177539	177540	3	3	1477	1	12	18	12	30	32	48	54	42	636	2	16	7	28	10	26	61	126	899	9	92	926	9269
1474	141464	177657	177658	3	3	1478	1	14	18	20	8	34	9	25	176	777	8	16	2	24	16	27	75	26	313	2	26	269	2699
1475	141563	177779	177781	3	3	1479	1	13	15	5	11	33	33	51	136	595	5	7	15	2	13	40	52	157	776	6	69	699	6995
1476	141656	177897	177899	3	3	1480	1	15	14	24	30	13	29	64	125	856	11	4	14	28	39	28	91	124	550	9	99	995	9956
1477	141754	178020	178022	3	3	1481	1	12	15	10	2	29	41	20	210	723	2	7	1	6	1	5	60	128	151	9	95	956	9569
1478	141850	178140	178142	3	3	1482	1	1	2	3	27	32	8	74	53	945	3	6	9	19	10	24	20	159	817	5	56	569	5690
1479	141943	178258	178260	3	3	1483	1	1	9	20	13	36	22	87	53	505	3	8	2	8	22	7	59	159	506	6	69	690	6909
1480	142042	178381	178383	3	3	1484	1	4	12	11	8	24	17	98	151	913	12	17	4	24	29	51	92	202	721	9	90	909	9092
1481	142137	178501	178503	3	3	1485	1	11	6	8	9	17	34	47	24	741	16	18	24	27	8	43	40	72	205	0	9	92	927
1482	142233	178622	178623	3	3	1486	1	15	12	13	13	37	45	48	246	376	11	17	10	8	25	17	43	236	119	9	92	927	9272
1483	142329	178742	178744	3	3	1487	1	5	18	18	22	27	36	4	126	746	15	16	25	4	38	49	12	127	220	2	27	272	2721
1484	142420	178858	178859	3	3	1488	1	15	17	12	13	39	11	65	129	405	11	13	7	8	31	33	94	136	206	7	72	721	7210
1485	142518	178981	178982	3	3	1489	1	6	7	21	24	1	8	52	34	190	1	2	5	10	3	24	55	102	570	2	21	210	2107
1486	142616	179103	179105	3	3	1490	1	0	14	15	9	36	50	26	111	607	0	4	16	27	22	32	78	82	812	1	10	107	1079
1487	142712	179224	179225	3	3	1491	1	2	11	0	2	19	50	89	76	836	6	14	0	6	14	32	65	228	490	0	7	79	797
1488	142808	179344	179345	3	3	1492	1	13	18	14	3	30	43	33	168	532	5	16	13	9	4	11	99	2	587	7	79	797	7975
1489	142893	179453	179459	57	3*19	1493	1	2	7	10	30	19	57	94	121	364	12	0	19	5	8	4	5	120	568	9	97	975	9750
1490	143000	179585	179586	3	3	1494	1	14	5	9	4	14	28	61	59	768	8	15	27	12	42	25	82	177	286	7	75	750	7509
1491	143096	179705	179707	3	3	1495	1	15	4	11	12	2	4	71	139	991	11	12	4	5	6	12	11	166	955	5	50	509	5093
1492	143191	179825	179827	3	3	1496	1	10	6	5	23	1	34	9	159	709	13	18	15	7	3	43	27	226	109	0	9	93	930
1493	143277	179935	179937	3	3	1497	1	9	7	23	14	42	25	42	167	46	10	2	11	11	40	16	25	250	138	9	93	930	9302
1494	143381	180064	180065	3	3	1498	1	7	7	9	3	35	45	44	112	483	4	2	27	9	19	17	31	85	440	3	30	302	3029
1495	143474	180182	180188	87	3*29	1499	1	5	12	10	10	6	1	67	33	517	10	18	0	2	6	28	72	110	583	0	2	29	295
1496	143575	180307	180308	3	3	1500	1	3	7	11	26	17	23	86	16	272	9	2	4	16	8	10	56	48	816	2	29	295	2955
1497	143668	180425	180426	3	3	1501	1	11	2	4	2	39	58	49	228	70	16	6	12	6	31	56	46	182	210	9	95	955	9553
1498	143758	180539	180549	1101	3*367	1502	1	16	16	25	22	28	34	82	232	68	4	3	4	11	40	28	89	165	202	5	55	553	5532
1499	143860	180666	180667	3	3	1503	1	1	10	11	0	22	6	45	81	48	3	11	4	0	23	18	34	243	144	5	53	532	5321
1500	143958	180788	180790	3	3	1504	1	1	16	16	12	42	43	98	138	294	3	10	19	5	40	11	92	163	882	3	32	321	3211
1501	144051	180906	180908	3	3	1505	1	7	1	21	17	17	42	69	44	475	4	3	5	20	8	8	5	132	416	2	21	211	2116
1502	144150	181029	181031	3	3	1506	1	12	11	13	9	11	45	7	230	743	2	14	10	27	33	17	21	188	211	1	11	116	1165
1503	144245	181149	181151	3	3	1507	1	10	11	20	10	4	15	61	19	88	13	14	2	30	12	45	82	57	264	1	16	165	1653
1504	144339	181267	181269	3	3	1508	1	12	2	4	17	9	4	3	32	459	2	6	12	20	27	12	9	96	368	6	65	653	6534
1505	144437	181390	181392	3	3	1509	1	16	6	14	29	14	17	45	128	971	14	18	13	25	42	51	34	133	895	5	53	534	5344
1506	144533	181510	181512	3	3	1510	1	7	18	5	12	26	43	29	77	799	4	16	15	5	35	11	87	231	379	3	34	344	3449
1507	144629	181631	181632	3	3	1511	1	5	6	13	14	33	0	73	12	250	15	18	10	11	13	0	17	36	750	4	44	449	4498
1508	144724	181751	181753	3	3	1512	1	16	10	17	27	1	25	9	122	888	14	11	22	19	3	16	27	115	646	4	49	498	4987
1509	144811	181862	181864	3	3	1513	1	9	3	3	27	12	52	32	45	927	10	9	9	19	36	38	96	135	763	9	98	987	9872
1510	144909	181985	181986	3	3	1514	1	13	12	11	5	14	56	93	43	26	5	17	4	15	42	50	77	129	78	8	87	872	8720
1511	145012	182112	182114	3	3	1515	1	8	7	26	26	38	25	15	129	640	7	2	20	16	28	16	45	136	911	7	72	720	7202
1512	145108	182233	182234	3	3	1516	1	7	1	24	27	6	2	30	154	819	4	3	14	19	18	6	90	211	439	2	20	202	2027
1513	145204	182353	182354	3	3	1517	1	12	8	9	11	27	18	65	236	668	2	5	27	2	38	54	94	206	995	0	2	27	275
1514	145295	182469	182470	3	3	1518	1	9	4	1	1	10	10	43	149	951	10	12	3	3	30	30	28	196	835	2	27	275	2755
1515	145395	182594	182595	3	3	1519	1	8	14	23	15	1	3	5	165	71	7	4	11	14	3	9	15	244	213	7	75	755	7559
1516	145491	182714	182716	3	3	1520	1	16	3	20	23	17	49	9	177	715	14	9	2	7	8	29	27	29	127	5	55	559	5596
1517	145587	182834	182836	3	3	1521	1	2	11	12	1	36	55	31	235	814	6	14	7	3	22	47	93	203	424	5	59	596	5960
1518	145680	182952	182954	3	3	1522	1	7	10	11	12	9	4	25	181	523	4	11	4	5	27	12	75	41	560	9	96	960	9602
1519	145776	183073	183074	3	3	1523	1	5	10	24	13	35	2	68	238	975	15	11	14	8	19	6	2	212	907	6	60	602	6023
1520	145874	183195	183197	3	3	1524	1	16	4	1	19	19	14	22	18	931	14	12	3	26	14	42	66	54	775	0	2	23	236
1521	145970	183316	183317	3	3	1525	1	3	10	5	11	14	7	16	14	825	9	11	15	2	42	21	48	42	457	2	23	236	2364
1522	146064	183434	183435	3	3	1526	1	9	11	14	20	39	7	34	32	545	10	14	13	29	31	21	1	96	626	3	36	364	3648
1523	146162	183556	183558	3	3	1527	1	7	1	12	4	6	47	94	155	738	4	3	7	12	18	23	80	214	196	6	64	648	6480
1524	146255	183674	183676	3	3	1528	1	4	14	8	26	10	20	84	114	540	12	4	24	16	30	1	50	91	611	4	48	480	4806
1525	146353	183797	183799	3	3	1529	1	3	0	22	25	27	6	86	36	217	9	0	8	13	38	18	56	108	651	8	80	806	8066
1526	146441	183909	183917	219	3*73	1530	1	15	16	7	23	26	19	86	50	875	4	8	25	15	18	31	48	157	924	0	6	66	665
1527	146545	184038	184039	3	3	1531	1	6	6	22	5	41	14	20	138	830	1	18	8	15	37	42	60	163	472	6	66	665	6654
1528	146641	184158	184160	3	3	1532	1	2	6	7	15	25	28	30	193	916	6	18	21	14	32	25	90	77	730	6	65	654	6549
1529	146729	184271	184278	87	3*29	1533	1	15	8	18	18	21	39	24	98	790	13	12	0	16	21	30	68	243	118	5	54	549	5499
1530	146832	184399	184401	3	3	1534	1	14	18	16	11	37	27	27	108	341	8	16	19	2	25	22	81	73	14	4	49	499	4991
1531	146928	184519	184521	3	3	1535	1	4	14	28	18	41	5	61	0	410	12	4	26	23	37	15	82	0	221	9	99	991	9911
1532	147024	184640	184641	3	3	1536	1	12	15	19	25	13	3	91	225	9	2	7	28	13	39	9	71	173	27	9	91	911	9119
1533	147112	184752	184754	3	3	1537	1	9	15	23	19	39	18	1	38	417	10	7	11	26	31	54	3	114	242	1	11	119	1198
1534	147211	184876	184877	3	3	1538	1	5	12	17	17	17	35	0	233	949	15	17	22	20	8	46	0	197	829	1	19	198	1988
1535	147309	184998	185000	3	3	1539	1	7	8	2	8	15	6	60	71	299	4	5	6	24	2	18	79	213	897	9	98	988	9881
1536	147407	185121	185123	3	3	1540	1	9	7	21	7	40	3	75	200	656	10	2	5	21	34	9	23	98	959	8	88	881	8818
1537	147503	185241	185243	3	3	1541	1	6	12	8	14	1	55	28	234	283	1	17	24	11	3	47	84	200	849	8	81	818	8183
1538	147599	185362	185363	3	3	1542	1	13	6	17	21	32	14	3	103	906	5	18	22	1	10	42	9	58	700	1	18	183	1834
1539	147690	185478	185479	3	3	1543	1	1	2	10	13	33	30	33	124	781	3	6	1	8	13	31	99	121	325	8	83	834	8347
1540	147791	185603	185604	3	3	1544	1	7	18	12	10	14	50	37	169	159	4	16	7	30	42	32	10	5	477	3	34	347	3479
1541	147886	185723	185724	3	3	1545	1	12	7	15	9	20	13	73	195	1007	2	2	16	27	17	39	17	83	1003	4	47	479	4797
1542	147982	185843	185845	3	3	1546	1	2	16	15	0	17	22	46	87	527	6	10	16	0	8	7	37	10	572	7	79	797	7977
1543	148076	185961	185963	3	3	1547	1	6	18	25	25	9	34	87	19	308	1	16	17	13	27	43	59	57	924	9	97	977	9775
1544	148171	186082	186083	3	3	1548	1	15	6	25	20	36	39	1	75	786	11	18	17	29	22	58	3	225	340	7	77	775	7753
1545	148270	186204	186206	3	3	1549	1	12	18	25	0	42	8	62	112	307	2	16	17	0	40	24	85	85	921	7	75	753	7535
1546	148361	186320	186326	57	3*19	1550	1	9	2	19	22	16	58	23	18	912	3	0	10	14	9	2	99	22	525	5	53	535	5356
1547	148459	186443	186444	3	3	1551	1	1	1	26	3	41	12	98	153	850	3	3	20	9	37	36	92	208	532	3	35	356	3566
1548	148551	186560	186567	177	3*59	1552	1	9	2	12	5	3	0	54	223	319	12	12	7	17	15	0	64	64	968	5	56	566	5663
1549	148651	186683	186685	3	3	1553	1	9	5	25	29	24	9	54	223	437	10	15	17	25	29	27	61	167	302	6	66	663	6636
1550	148749	186806	186808	3	3	1554	1	15	5	19	3	37	47	32	243	112	11	15	28	9	25	23	96	227	336	6	63	636	6369
1551	148842	186924	186926	3	3	1555	1	1	7	9	19	23	41	96	106	370	3	2	27	26	26	5	86	67	101	3	36	369	3698
1552	148940	187047	187048	3	3	1556	1	1	6	21	25	29	11	22	44	987	3	18	5	13	1	33	66	132	943	6	69	698	6980
1553	149036	187167	187169	3	3	1557	1	13	7	21	28	1	8	34	60	990	5	2	5	22	3	24	1	180	952	9	98	980	9807
1554	149130	187285	187287	3	3	1558	1	0	2	23	18	24	34	92	184	514	0	6	11	23	29	43	74	50	533	8	80	807	8074
1555	149228	187408	187409	3	3	1559	1	2	1	4	7	4	12	12	206	694	6	3	12	21	12	36	36	116	64	0	7	74	742
1556	149324	187528	187530	3	3	1560	1	13	12	28	14	36	12	20	182	915	5	17	26	11	22	36	60	44	727	7	74	742	7426
1557	149419	187649	187650	3	3	1561	1	7	16	4	22	9	55	89	62	991	4	10	12	4	27	47	65	186	955	4	42	426	4265
1558	149515	187769	187771	3	3	1562	1	14	5	6	25	4	6	82	144	404	8	15	18	13	12	18	44	181	203	2	26	265	2654
1559	149606	187885	187886	3	3	1563	1	4	5	6	1	14	23	42	120	166	12	15	18	3	42	10	25	109	498	6	65	654	6542
1560	149705	188007	188009	3	3	1564	1	2	6	0	29	29	5	92	140	398	6	18	0	25	1	15	74	169	185	5	54	542	5425
1561	149803	188130	188132	3	3	1565	1	11	10	24	2	11	18	34	89	953	16	11	14	6	33	54	1	16	841	4	42	425	4252
1562	149899	188250	188252	3	3	1566	1	1	6	13	30	5	8	71	158	731	3	18	10	28	15	24	11	223	175	2	25	252	2527
1563	149989	188366	188372	87	3*29	1567	1	5	17	6	1	16	45	5	183	727	10	16	0	25	16	21	31	108	691	5	52	527	5278
1564	150085	188486	188488	3	3	1568	1	11	1	10	11	41	26	27	125	589	16	3	1	2	37	19	81	124	758	2	27	278	2786
1565	150186	188611	188613	3	3	1569	1	4	10	13	15	29	50	32	176	493	12	11	10	14	1	32	96	26	470	7	78	786	7862
1566	150282	188732	188733	3	3	1570	1	7	13	20	12	29	41	12	238	543	4	1	2	5	1	5	36	212	620	8	86	862	8625
1567	150378	188852	188854	3	3	1571	1	5	18	3	25	2	22	41	209	499	15	16	9	13	6	7	22	125	488	6	62	625	6255
1568	150465	188964	188972	201	3*67	1572	1	10	18	18	28	5	35	93	229	960	4	8	22	17	16	14	8	96	241	2	25	255	2551
1569	150567	189091	189092	3	3	1573	1	7	4	18	7	17	11	20	123	853	4	12	25	21	8	33	60	118	541	5	55	551	5518
1570	150665	189213	189215	3	3	1574	1	12	8	6	22	29	51	71	147	243	2	5	18	4	1	35	11	190	729	5	51	518	5181
1571	150761	189334	189335	3	3	1575	1	10	5	4	8	14	2	89	43	340	13	15	12	24	42	6	65	129	11	1	18	181	1818
1572	150852	189449	189451	3	3	1576	1	16	15	3	23	18	36	100	221	827	14	7	9	7	11	49	98	161	463	8	81	818	8184
1573	150945	189566	189568	3	3	1577	1	16	2	22	23	40	44	73	121	168	14	6	8	7	34	14	17	112	504	1	18	184	1841
1574	151046	189692	189694	3	3	1578	1	15	6	15	27	37	13	64	5	467	11	18	16	19	25	39	91	15	392	8	84	841	8417
1575	151144	189815	189817	3	3	1579	1	5	12	28	30	12	57	12	189	76	15	17	26	28	36	53	36	65	228	4	41	417	4175
1576	151235	189931	189935	15	3*5	1580	1	2	2	24	29	26	1	8	186	764	13	11	12	1	3	15	19	29	361	1	17	175	1757
1577	151336	190056	190057	3	3	1581	1	15	4	2	15	18	11	28	193	260	11	12	6	14	11	33	84	77	780	7	75	757	7574
1578	151432	190176	190178	3	3	1582	1	10	10	8	30	8	37	82	65	14	13	11	24	28	24	52	44	195	42	5	57	574	5746
1579	151525	190294	190296	3	3	1583	1	5	11	16	3	3	21	98	36	308	15	14	19	9	9	4	92	108	924	7	74	746	7467
1580	151623	190417	190418	3	3	1584	1	7	1	10	5	28	43	7	216	184	4	3	1	15	41	11	21	146	552	4	46	467	4672
1581	151719	190537	190539	3	3	1585	1	12	13	9	3	35	32	77	46	859	2	1	27	9	19	37	29	138	559	6	67	672	6728
1582	151815	190658	190659	3	3	1586	1	4	0	5	30	35	27	82	247	477	12	0	15	28	19	22	44	239	422	7	72	728	7289
1583	151911	190778	190780	3	3	1587	1	8	7	7	22	8	38	25	38	840	7	2	21	4	24	55	75	114	502	2	28	289	2890
1584	152002	190894	190895	3	3	1588	1	2	1	3	9	15	9	22	4	409	6	3	9	27	2	27	66	12	218	8	89	890	8909
1585	152100	191016	191018	3	3	1589	1	14	5	13	9	1	38	48	93	286	8	15	10	27	3	55	43	28	858	9	90	909	9097
1586	152198	191139	191141	3	3	1590	1	1	1	4	9	39	43	97	81	192	3	3	12	27	31	11	89	243	576	0	9	97	977
1587	152294	191259	191261	3	3	1591	1	8	18	22	23	22	50	65	29	682	7	16	8	7	23	32	94	87	28	9	97	977	9777
1588	152390	191380	191381	3	3	1592	1	16	14	5	16	6	21	69	215	64	14	4	15	17	18	4	5	143	192	7	77	777	7777
1589	152481	191495	191497	3	3	1593	1	11	12	1	15	10	57	1	170	17	16	17	3	14	30	53	3	8	51	7	77	777	7772
1590	152581	191620	191622	3	3	1594	1	11	13	19	14	25	37	60	200	348	16	1	28	11	32	52	79	98	35	7	77	772	7727
1591	152677	191741	191742	3	3	1595	1	7	15	15	20	27	32	7	77	49	4	7	16	29	38	37	21	231	147	7	72	727	7279
1592	152773	191861	191863	3	3	1596	1	3	2	18	15	18	33	31	50	729	9	6	25	14	11	40	93	150	169	2	27	279	2793
1593	152864	191977	191978	3	3	1597	1	11	17	17	22	26	17	46	212	102	16	13	22	4	35	51	37	134	306	7	79	793	7938
1594	152962	192100	192101	3	3	1598	1	7	10	7	26	42	44	9	70	522	4	11	21	16	40	14	27	210	557	9	93	938	9380
1595	153060	192222	192224	3	3	1599	1	6	6	28	20	24	44	42	228	798	1	18	26	29	29	14	25	182	376	3	38	380	3800
1596	153156	192343	192344	3	3	1600	1	2	12	21	1	26	39	7	105	437	6	17	5	3	35	58	21	64	302	8	80	800	8000
1597	153250	192461	192462	3	3	1601	1	10	15	11	16	34	24	60	34	163	13	7	4	17	16	13	79	102	489	0	0	0	8
1598	153348	192583	192585	3	3	1602	1	14	7	1	30	36	20	62	3	849	8	2	3	28	22	1	85	9	529	0	0	8	81
1599	153441	192701	192703	3	3	1603	1	11	7	28	30	5	58	21	186	122	16	2	26	28	15	56	63	56	366	0	8	81	816
1600	153540	192824	192826	3	3	1604	1	12	14	7	1	38	36	62	102	726	2	4	21	3	28	49	85	55	160	8	81	816	8164
1601	153633	192942	192944	3	3	1605	1	12	6	10	1	6	3	32	20	887	2	18	1	3	18	9	96	60	643	1	16	164	1647
1602	153731	193065	193066	3	3	1606	1	6	18	11	4	12	57	97	229	105	1	16	4	12	36	53	89	185	315	6	64	647	6470
1603	153823	193181	193187	57	3*19	1607	1	9	3	6	5	2	52	54	230	9	3	0	23	6	28	14	48	58	513	4	47	470	4706
1604	153920	193303	193305	3	3	1608	1	12	1	0	6	6	41	98	138	79	2	3	0	18	18	5	92	163	237	7	70	706	7060
1605	154019	193426	193427	3	3	1609	1	6	4	23	0	31	53	54	7	702	1	12	11	0	7	41	61	21	88	0	6	60	600
1606	154114	193546	193548	3	3	1610	1	13	6	7	14	1	29	83	21	997	5	18	21	11	3	28	47	63	973	6	60	600	6001
1607	154210	193667	193668	3	3	1611	1	8	5	17	5	18	43	93	64	95	7	15	22	15	11	11	77	192	285	0	0	1	16
1608	154306	193787	193788	3	3	1612	1	7	16	2	15	30	48	80	137	836	4	10	6	14	4	26	38	160	490	0	1	16	161
1609	154397	193903	193904	3	3	1613	1	10	1	28	21	31	31	92	59	120	13	3	26	1	7	34	74	177	360	1	16	161	1614
1610	154495	194025	194027	3	3	1614	1	14	9	6	15	8	14	27	71	214	8	8	18	14	24	42	81	213	642	6	61	614	6145
1611	154593	194148	194150	3	3	1615	1	13	10	25	4	18	15	65	204	368	5	11	17	12	11	45	94	110	95	1	14	145	1452
1612	154681	194260	194262	3	3	1616	1	7	7	10	10	27	47	32	76	474	4	2	1	30	38	23	96	228	413	4	45	452	4524
1613	154785	194389	194390	3	3	1617	1	12	12	1	24	0	32	40	121	256	2	17	3	10	0	37	19	112	768	5	52	524	5249
1614	154872	194500	194501	3	3	1618	1	4	11	8	28	27	43	80	115	561	12	14	24	22	38	11	38	94	674	2	24	249	2491
1615	154977	194629	194631	3	3	1619	1	5	5	21	30	14	19	69	169	990	15	15	5	28	42	57	5	5	952	4	49	491	4919
1616	155073	194750	194751	3	3	1620	1	4	11	8	17	42	3	71	131	147	12	14	24	20	40	9	11	142	441	9	91	919	9192
1617	155168	194870	194872	3	3	1621	1	11	11	19	13	31	17	75	137	760	16	14	28	8	7	51	23	160	262	1	19	192	1921
1618	155262	194988	194990	3	3	1622	1	3	2	28	2	29	21	1	23	1002	9	6	26	6	1	4	3	69	988	9	92	921	9217
1619	155358	195108	195110	3	3	1623	1	1	5	8	7	22	37	20	226	432	3	15	24	21	23	52	60	176	287	2	21	217	2173
1620	155456	195231	195233	3	3	1624	1	1	18	20	21	29	27	62	158	946	3	16	2	1	1	22	85	223	820	1	17	173	1732
1621	155552	195352	195353	3	3	1625	1	13	6	8	23	10	29	88	47	614	5	18	24	7	30	28	62	141	833	7	73	732	7321
1622	155645	195470	195471	3	3	1626	1	0	2	9	16	14	24	3	3	147	0	6	27	17	42	13	9	9	441	3	32	321	3217
1623	155743	195592	195594	3	3	1627	1	2	13	16	10	5	23	86	24	737	6	1	19	30	15	10	56	72	193	2	21	217	2172
1624	155837	195710	195712	3	3	1628	1	6	15	23	8	34	33	27	245	462	1	7	11	24	16	40	81	233	377	1	17	172	1721
1625	155935	195833	195835	3	3	1629	1	7	7	2	22	38	56	96	30	116	4	2	6	4	28	50	86	90	348	7	72	721	7214
1626	156028	195951	195953	3	3	1630	1	13	4	2	26	8	27	91	184	375	5	12	6	16	24	22	71	50	116	2	21	214	2147
1627	156127	196074	196075	3	3	1631	1	15	8	6	4	15	24	69	71	30	11	5	18	12	2	13	5	213	90	1	14	147	1477
1628	156222	196194	196196	3	3	1632	1	10	5	25	30	22	55	99	29	836	13	15	17	28	23	47	95	87	490	4	47	477	4772
1629	156316	196312	196314	3	3	1633	1	9	18	18	8	36	26	49	43	406	10	16	25	24	22	19	46	129	209	7	77	772	7723
1630	156409	196430	196436	87	3*29	1634	1	10	6	24	10	31	9	54	153	556	3	9	0	2	31	16	52	8	949	7	72	723	7235
1631	156510	196555	196557	3	3	1635	1	9	11	28	26	42	18	13	197	560	10	14	26	16	40	54	39	89	671	2	23	235	2350
1632	156606	196675	196677	3	3	1636	1	3	12	22	2	32	57	19	39	410	9	17	8	6	10	53	57	117	221	3	35	350	3501
1633	156701	196796	196797	3	3	1637	1	4	12	25	27	39	38	0	229	89	12	17	17	19	31	55	0	185	267	5	50	501	5014
1634	156790	196909	196911	3	3	1638	1	4	9	0	3	23	2	25	48	651	12	8	0	9	26	6	75	144	944	0	1	14	141
1635	156888	197032	197033	3	3	1639	1	7	8	23	9	2	45	43	188	73	4	5	11	27	6	17	28	62	219	1	14	141	1414
1636	156989	197157	197158	3	3	1640	1	1	17	17	9	3	42	94	9	81	3	13	22	27	9	8	80	27	243	4	41	414	4144
1637	157085	197277	197279	3	3	1641	1	1	1	18	13	16	41	18	224	676	3	3	25	8	5	5	54	170	10	1	14	144	1441
1638	157181	197398	197399	3	3	1642	1	12	13	16	22	27	23	80	79	397	2	1	19	4	38	10	38	237	182	4	44	441	4419
1639	157272	197513	197515	3	3	1643	1	14	0	7	13	1	12	76	201	704	8	0	21	8	3	36	26	101	94	4	41	419	4197
1640	157372	197638	197640	3	3	1644	1	9	7	15	27	35	24	14	198	170	10	2	16	19	19	13	42	92	510	1	19	197	1973
1641	157468	197759	197760	3	3	1645	1	16	6	14	9	6	4	52	119	276	14	18	13	27	18	12	55	106	828	9	97	973	9735
1642	157564	197879	197881	3	3	1646	1	7	6	4	2	34	40	27	77	87	4	18	12	6	16	2	81	231	261	7	73	735	7356
1643	157657	197997	197999	3	3	1647	1	1	4	26	13	7	40	39	73	69	3	12	20	8	21	2	16	219	207	3	35	356	3568
1644	157753	198117	198119	3	3	1648	1	10	15	7	21	39	42	61	139	51	13	7	21	1	31	8	82	166	153	5	56	568	5685
1645	157851	198240	198242	3	3	1649	1	15	14	11	4	42	52	81	148	364	11	4	4	12	40	38	41	193	83	6	68	685	6854
1646	157947	198360	198362	3	3	1650	1	10	15	22	12	9	39	11	223	994	13	7	8	5	27	58	33	167	964	8	85	854	8548
1647	158041	198479	198480	3	3	1651	1	5	14	26	17	8	8	58	138	387	15	4	20	20	24	24	73	163	152	5	54	548	5481
1648	158139	198601	198603	3	3	1652	1	7	15	10	21	40	10	36	154	298	4	7	1	1	34	30	7	211	894	4	48	481	4816
1649	158232	198719	198721	3	3	1653	1	16	8	17	3	1	47	57	129	404	14	5	22	9	3	23	70	136	203	8	81	816	8161
1650	158330	198842	198843	3	3	1654	1	4	7	24	11	18	3	43	211	262	12	2	14	2	11	9	28	131	786	1	16	161	1613
1651	158424	198960	198962	3	3	1655	1	5	10	25	30	2	34	43	201	327	15	11	17	28	6	43	28	101	981	6	61	613	6136
1652	158514	199075	199076	3	3	1656	1	16	4	27	23	34	12	7	250	710	14	12	23	7	16	36	21	248	112	1	13	136	1361
1653	158618	199203	199205	3	3	1657	1	2	12	2	14	41	33	92	125	687	6	17	6	11	37	40	74	124	43	3	36	361	3611
1654	158711	199321	199323	3	3	1658	1	7	15	26	0	22	1	47	188	623	4	7	20	0	23	3	40	62	860	6	61	611	6115
1655	158809	199444	199445	3	3	1659	1	8	7	15	12	29	26	4	125	146	7	2	16	5	1	19	12	124	438	1	11	115	1157
1656	158905	199564	199566	3	3	1660	1	16	16	26	23	9	55	54	28	415	14	10	20	7	27	47	61	84	236	1	15	157	1573
1657	159001	199684	199686	3	3	1661	1	3	14	4	9	16	10	90	94	990	9	4	12	27	5	30	68	31	952	5	57	573	5735
1658	159097	199805	199806	3	3	1662	1	11	11	10	10	13	16	73	32	571	16	14	1	30	39	48	17	96	704	7	73	735	7352
1659	159188	199920	199922	3	3	1663	1	3	3	8	22	31	57	81	146	784	9	9	24	4	7	53	41	187	334	3	35	352	3525
1660	159282	200039	200045	57	3*19	1664	1	2	16	28	30	38	27	26	29	793	12	0	1	5	16	5	68	147	805	5	52	525	5255
1661	159384	200166	200167	3	3	1665	1	3	5	5	12	35	51	65	178	107	9	15	15	5	19	35	94	32	321	2	25	255	2552
1662	159480	200286	200288	3	3	1666	1	1	4	24	14	24	13	62	196	305	3	12	14	11	29	39	85	86	915	5	55	552	5521
1663	159576	200407	200408	3	3	1667	1	6	6	5	27	24	5	34	81	717	1	18	15	19	29	15	1	243	133	5	52	521	5213
1664	159662	200517	200524	87	3*29	1668	1	11	8	17	19	38	44	100	210	446	5	12	0	10	38	52	14	198	460	2	21	213	2133
1665	159768	200647	200649	3	3	1669	1	16	16	24	5	6	27	28	161	640	14	10	14	15	18	22	84	232	911	1	13	133	1334
1666	159863	200768	200769	3	3	1670	1	14	6	16	26	18	17	37	35	116	8	18	19	16	11	51	10	105	348	3	33	334	3347
1667	159959	200888	200890	3	3	1671	1	4	7	7	27	19	32	32	129	117	12	2	21	19	14	37	96	136	351	3	34	347	3475
1668	160053	201006	201008	3	3	1672	1	16	2	17	27	27	10	69	167	649	14	6	22	19	38	30	5	250	938	4	47	475	4757
1669	160148	201126	201128	3	3	1673	1	12	4	2	5	32	36	19	115	677	2	12	6	15	10	49	57	94	13	7	75	757	7574
1670	160247	201249	201251	3	3	1674	1	6	12	22	15	42	30	28	178	716	1	17	8	14	40	31	84	32	130	5	57	574	5741
1671	160342	201369	201371	3	3	1675	1	1	16	9	23	1	14	66	241	337	3	10	27	7	3	42	97	221	2	7	74	741	7418
1672	160436	201487	201489	3	3	1676	1	12	1	16	25	14	31	43	68	524	2	3	19	13	42	34	28	204	563	4	41	418	4184
1673	160534	201610	201612	3	3	1677	1	6	11	19	29	32	35	100	114	254	1	14	28	25	10	46	98	91	762	1	18	184	1849
1674	160628	201728	201730	3	3	1678	1	6	6	28	13	0	44	29	236	87	1	18	26	8	0	14	87	206	261	8	84	849	8494
1675	160726	201851	201852	3	3	1679	1	8	10	2	19	23	20	1	112	966	7	11	6	26	26	1	3	85	880	4	49	494	4946
1676	160819	201969	201970	3	3	1680	1	15	5	14	27	14	37	83	36	432	11	15	13	19	42	52	47	108	287	9	94	946	9468
1677	160917	202092	202093	3	3	1681	1	12	18	13	7	15	39	78	84	32	2	16	10	21	2	58	32	1	96	4	46	468	4684
1678	161013	202212	202214	3	3	1682	1	2	6	5	4	29	54	52	71	917	6	18	15	12	1	44	55	213	733	6	68	684	6843
1679	161107	202330	202332	3	3	1683	1	6	2	24	26	21	4	100	198	494	1	6	14	16	20	12	98	92	473	8	84	843	8438
1680	161205	202453	202454	3	3	1684	1	7	13	10	25	6	15	3	111	916	4	1	1	13	18	45	9	82	730	4	43	438	4385
1681	161301	202573	202575	3	3	1685	1	12	18	3	25	34	8	34	112	429	2	16	9	13	16	24	1	85	278	3	38	385	3852
1682	161396	202693	202695	3	3	1686	1	1	7	13	5	22	26	2	177	346	3	2	10	15	23	19	6	29	29	8	85	852	8523
1683	161492	202814	202815	3	3	1687	1	5	1	11	15	26	5	70	212	123	15	3	4	14	35	15	8	134	369	5	52	523	5233
1684	161583	202929	202931	3	3	1688	1	9	14	27	30	21	56	54	97	770	10	4	23	28	20	50	61	40	292	2	23	233	2332
1685	161682	203052	203054	3	3	1689	1	9	1	20	27	24	45	25	138	686	10	3	2	19	29	17	75	163	40	3	33	332	3323
1686	161780	203175	203176	3	3	1690	1	15	14	18	18	31	23	90	220	733	11	4	25	23	7	10	68	158	181	3	32	323	3239
1687	161875	203295	203297	3	3	1691	1	5	3	10	25	21	9	45	5	192	15	9	1	13	20	27	34	15	576	2	23	239	2390
1688	161971	203415	203417	3	3	1692	1	1	11	18	15	33	41	26	154	965	3	14	25	14	13	5	78	211	877	3	39	390	3907
1689	162062	203531	203533	3	3	1693	1	8	2	18	17	34	22	67	232	590	7	6	25	20	16	7	100	194	761	9	90	907	9073
1690	162163	203656	203658	3	3	1694	1	0	12	0	9	23	11	29	114	549	0	17	0	27	26	33	87	91	638	0	7	73	739
1691	162252	203770	203778	237	3*79	1695	1	11	14	20	15	42	45	53	145	619	6	12	13	21	21	45	37	229	398	7	73	739	7394
1692	162347	203889	203891	3	3	1696	1	13	13	4	26	8	53	15	197	169	5	1	12	16	24	41	45	89	507	3	39	394	3941
1693	162448	204015	204017	3	3	1697	1	15	11	25	29	1	27	9	14	146	11	14	17	25	3	22	27	42	438	9	94	941	9414
1694	162544	204135	204137	3	3	1698	1	13	4	8	3	13	50	21	150	303	5	12	24	9	39	32	63	199	909	4	41	414	4143
1695	162642	204258	204260	3	3	1699	1	15	13	5	10	37	5	72	211	22	11	1	15	30	25	15	14	131	66	1	14	143	1433
1696	162738	204378	204380	3	3	1700	1	10	0	22	9	25	1	74	118	928	13	0	8	27	32	3	20	103	766	4	43	433	4333
1697	162829	204494	204496	3	3	1701	1	12	17	25	0	15	2	54	137	585	2	13	17	0	2	6	61	160	746	3	33	333	3334
1698	162925	204614	204621	87	3*29	1702	1	10	12	14	15	18	39	33	185	340	3	18	0	3	18	30	43	31	319	3	33	334	3345
1699	163023	204737	204739	3	3	1703	1	12	5	8	20	25	5	64	124	406	2	15	24	29	32	15	91	121	209	3	34	345	3454
1700	163121	204860	204861	3	3	1704	1	3	1	20	0	9	19	4	19	940	9	3	2	0	27	57	12	57	802	4	45	454	4547
1701	163212	204976	204979	15	3*5	1705	1	9	3	19	13	34	8	42	101	788	16	7	24	9	37	2	24	9	721	5	54	547	5477
1702	163313	205101	205102	3	3	1706	1	7	14	26	15	6	55	35	135	482	4	4	20	14	18	47	4	154	437	4	47	477	4776
1703	163409	205221	205222	3	3	1707	1	5	15	16	16	40	38	23	239	715	15	7	19	17	34	55	69	215	127	7	77	776	7762
1704	163502	205339	205340	3	3	1708	1	7	14	21	29	25	37	7	79	397	4	4	5	25	32	52	21	237	182	7	76	762	7624
1705	163600	205462	205463	3	3	1709	1	1	15	13	3	21	43	23	111	328	3	7	10	9	20	11	69	82	984	6	62	624	6241
1706	163696	205582	205584	3	3	1710	1	12	2	20	2	27	10	10	214	380	2	6	2	6	38	30	30	140	131	2	24	241	2416
1707	163792	205702	205704	3	3	1711	1	10	7	20	25	13	34	57	236	576	13	2	2	13	39	43	70	206	719	4	41	416	4168
1708	163888	205823	205824	3	3	1712	1	9	12	14	28	24	53	84	97	250	10	17	13	22	29	41	50	40	750	1	16	168	1686
1709	163979	205938	205940	3	3	1713	1	2	1	6	16	24	28	0	207	647	6	3	18	17	29	25	0	119	932	6	68	686	6862
1710	164077	206061	206063	3	3	1714	1	15	10	20	20	20	32	37	193	437	11	11	2	29	17	37	10	77	302	8	86	862	8625
1711	164175	206184	206185	3	3	1715	1	5	18	17	14	20	36	33	63	966	15	16	22	11	17	49	99	189	880	6	62	625	6251
1712	164271	206304	206306	3	3	1716	1	16	7	19	22	39	54	4	7	440	14	2	28	4	31	44	12	21	311	2	25	251	2518
1713	164367	206424	206426	3	3	1717	1	15	16	12	25	28	42	93	6	689	11	10	7	13	41	8	77	18	49	5	51	518	5189
1714	164458	206540	206542	3	3	1718	1	14	15	8	1	1	32	61	93	918	8	7	24	3	3	37	82	28	736	1	18	189	1898
1715	164558	206665	206667	3	3	1719	1	8	11	24	21	32	24	76	202	469	7	14	14	1	10	13	26	104	398	8	89	898	8983
1716	164654	206786	206787	3	3	1720	1	7	18	9	2	2	32	26	33	48	4	16	27	6	6	37	78	99	144	9	98	983	9835
1717	164746	206902	206907	57	3*19	1721	1	6	5	12	13	28	0	81	14	907	2	0	17	28	5	0	72	45	240	8	83	835	8356
1718	164839	207019	207021	3	3	1722	1	12	16	9	29	35	51	90	10	108	2	10	27	25	19	35	68	30	324	3	35	356	3569
1719	164939	207144	207146	3	3	1723	1	5	16	4	24	19	34	21	48	136	15	10	12	10	14	43	63	144	408	5	56	569	5694
1720	165037	207267	207269	3	3	1724	1	16	6	12	15	32	33	18	235	693	14	18	7	14	10	40	54	203	61	6	69	694	6948
1721	165133	207387	207389	3	3	1725	1	2	5	26	12	28	4	34	41	612	6	15	20	5	41	12	1	123	827	9	94	948	9485
1722	165227	207505	207507	3	3	1726	1	7	7	24	5	4	24	63	146	200	4	2	14	15	12	13	88	187	600	4	48	485	4855
1723	165325	207628	207630	3	3	1727	1	8	6	1	18	28	31	45	140	685	7	18	3	23	41	34	34	169	37	8	85	855	8556
1724	165418	207746	207748	3	3	1728	1	10	9	1	7	9	39	27	164	545	13	8	3	21	27	58	81	241	626	5	55	556	5562
1725	165516	207869	207870	3	3	1729	1	3	10	12	22	25	12	8	102	689	9	11	7	4	32	36	24	55	49	5	56	562	5620
1726	165610	207987	207988	3	3	1730	1	9	4	14	14	8	29	50	71	241	10	12	13	11	24	28	49	213	723	6	62	620	6209
1727	165708	208109	208111	3	3	1731	1	7	12	11	17	29	48	50	93	726	4	17	4	20	1	26	49	28	160	2	20	209	2099
1728	165804	208230	208231	3	3	1732	1	3	16	22	10	19	28	34	25	443	9	10	8	30	14	25	1	75	320	0	9	99	992
1729	165897	208348	208349	3	3	1733	1	4	1	18	27	41	38	50	51	98	12	3	25	19	37	55	49	153	294	9	99	992	9921
1730	165996	208471	208472	3	3	1734	1	1	11	22	30	24	50	55	105	496	3	14	8	28	29	32	64	64	479	9	92	921	9219
1731	166091	208591	208592	3	3	1735	1	6	11	7	12	30	37	96	224	245	1	14	21	5	4	52	86	170	735	2	21	219	2192
1732	166174	208698	208705	87	3*29	1736	1	3	7	24	6	16	51	62	135	888	6	1	0	26	16	12	41	199	572	1	19	192	1922
1733	166283	208832	208833	3	3	1737	1	16	6	16	30	33	35	28	135	410	14	18	19	28	13	46	84	154	221	9	92	922	9222
1734	166374	208947	208949	3	3	1738	1	6	3	22	13	6	26	55	169	218	1	9	8	8	18	19	64	5	654	2	22	222	2221
1735	166472	209070	209072	3	3	1739	1	11	5	27	1	30	54	25	102	635	16	15	23	3	4	44	75	55	896	2	22	221	2218
1736	166570	209193	209194	3	3	1740	1	12	10	16	3	6	33	66	202	815	2	11	19	9	18	40	97	104	427	2	21	218	2184
1737	166666	209313	209315	3	3	1741	1	9	13	19	30	7	29	55	176	873	10	1	28	28	21	28	64	26	601	1	18	184	1842
1738	166762	209433	209435	3	3	1742	1	6	18	10	22	33	2	7	123	265	1	16	1	4	13	6	21	118	795	8	84	842	8427
1739	166851	209547	209548	3	3	1743	1	3	11	12	8	33	36	100	80	193	9	14	7	24	13	49	98	240	579	4	42	427	4272
1740	166954	209674	209676	3	3	1744	1	9	1	8	14	37	26	60	9	827	10	3	24	11	25	19	79	27	463	2	27	272	2725
1741	167050	209794	209796	3	3	1745	1	6	8	17	9	35	52	44	204	335	1	5	22	27	19	38	31	110	1005	7	72	725	7255
1742	167145	209915	209916	3	3	1746	1	13	5	18	23	25	20	86	219	349	5	15	25	7	32	1	56	155	38	2	25	255	2550
1743	167239	210033	210034	3	3	1747	1	5	18	14	28	34	55	43	159	72	15	16	13	22	16	47	28	226	216	5	55	550	5502
1744	167335	210153	210155	3	3	1748	1	15	12	3	13	30	16	27	208	362	11	17	9	8	4	48	81	122	77	5	50	502	5025
1745	167427	210270	210277	219	3*73	1749	1	16	9	1	21	29	46	70	21	27	2	14	16	11	30	44	79	81	868	0	2	25	254
1746	167529	210396	210398	3	3	1750	1	2	12	9	20	19	21	73	247	884	6	17	27	29	14	4	17	239	634	2	25	254	2542
1747	167622	210514	210516	3	3	1751	1	6	10	25	3	25	29	45	4	70	1	11	17	9	32	28	34	12	210	5	54	542	5425
1748	167720	210637	210639	3	3	1752	1	7	4	25	23	8	46	65	49	488	4	12	17	7	24	20	94	147	455	4	42	425	4256
1749	167814	210755	210757	3	3	1753	1	16	2	20	26	24	31	66	191	282	14	6	2	16	29	34	97	71	846	2	25	256	2568
1750	167912	210878	210879	3	3	1754	1	1	17	14	20	35	27	96	27	923	3	13	13	29	19	22	86	81	751	5	56	568	5688
1751	168005	210996	210997	3	3	1755	1	1	4	14	25	36	42	77	166	354	3	12	13	13	22	8	29	247	53	6	68	688	6887
1752	168103	211118	211120	3	3	1756	1	4	13	9	18	33	28	37	22	539	12	1	27	23	13	25	10	66	608	8	88	887	8876
1753	168199	211239	211240	3	3	1757	1	11	0	19	30	29	32	0	219	111	16	0	28	28	1	37	0	155	333	8	87	876	8767
1754	168293	211357	211358	3	3	1758	1	3	9	9	30	1	31	75	17	576	9	8	27	28	3	34	23	51	719	7	76	767	7671
1755	168391	211479	211481	3	3	1759	1	5	6	21	1	17	24	62	74	682	15	18	5	3	8	13	85	222	28	6	67	671	6717
1756	168487	211600	211601	3	3	1760	1	1	6	21	5	37	56	36	58	400	3	18	5	15	25	50	7	174	191	7	71	717	7179
1757	168583	211720	211722	3	3	1761	1	13	1	28	4	35	24	69	122	791	5	3	26	12	19	13	5	115	355	1	17	179	1790
1758	168678	211841	211842	3	3	1762	1	0	18	4	2	22	15	14	227	781	0	16	12	6	23	45	42	179	325	7	79	790	7904
1759	168767	211954	211955	3	3	1763	1	6	3	16	30	4	37	26	131	102	1	9	19	28	12	52	78	142	306	9	90	904	9049
1760	168865	212077	212078	3	3	1764	1	8	12	28	0	28	25	57	116	313	7	17	26	0	41	16	70	97	939	0	4	49	494
1761	168966	212202	212203	3	3	1765	1	7	13	6	14	0	47	38	19	801	4	1	18	11	0	23	13	57	385	4	49	494	4946
1762	169062	212322	212324	3	3	1766	1	14	15	5	5	37	20	42	24	414	8	7	15	15	25	1	25	72	233	9	94	946	9460
1763	169157	212442	212444	3	3	1767	1	15	2	0	15	42	33	93	81	212	11	6	0	14	40	40	77	243	636	4	46	460	4601
1764	169249	212558	212560	3	3	1768	1	14	17	23	21	27	27	44	85	735	8	13	11	1	38	22	31	4	187	6	60	601	6016
1765	169349	212683	212685	3	3	1769	1	11	12	13	13	12	23	43	33	126	16	17	10	8	36	10	28	99	378	0	1	16	165
1766	169440	212799	212805	87	3*29	1770	1	10	12	22	29	33	37	6	188	598	3	18	0	12	33	33	17	41	567	1	16	165	1653
1767	169541	212924	212925	3	3	1771	1	9	12	18	3	38	26	94	175	921	10	17	25	9	28	19	80	23	745	6	65	653	6534
1768	169634	213042	213043	3	3	1772	1	4	15	20	11	0	15	69	123	169	12	7	2	2	0	45	5	118	507	5	53	534	5346
1769	169730	213162	213164	3	3	1773	1	11	9	4	28	26	51	59	3	190	16	8	12	22	35	35	76	9	570	3	34	346	3466
1770	169828	213285	213286	3	3	1774	1	7	16	3	30	39	37	63	26	769	4	10	9	28	31	52	88	78	289	4	46	466	4668
1771	169924	213405	213407	3	3	1775	1	5	14	27	17	40	3	2	210	850	15	4	23	20	34	9	6	128	532	6	66	668	6680
1772	170010	213515	213517	3	3	1776	1	7	4	15	19	1	19	14	209	673	4	12	16	26	3	57	42	125	1	6	68	680	6804
1773	170116	213646	213647	3	3	1777	1	1	18	6	10	26	41	27	226	392	3	16	18	30	35	5	81	176	167	8	80	804	8049
1774	170205	213760	213765	57	3*19	1778	1	8	5	15	2	37	49	44	184	504	14	0	14	21	2	20	84	197	476	0	4	49	498
1775	170307	213887	213888	3	3	1779	1	10	5	17	21	41	50	94	241	1000	13	15	22	1	37	32	80	221	982	4	49	498	4988
1776	170401	214005	214006	3	3	1780	1	12	16	25	17	41	8	91	32	3	2	10	17	20	37	24	71	96	9	9	98	988	9886
1777	170499	214127	214129	3	3	1781	1	16	6	17	18	22	23	30	147	748	14	18	22	23	23	10	90	190	226	8	88	886	8862
1778	170595	214248	214249	3	3	1782	1	7	5	28	10	29	0	31	102	164	4	15	26	30	1	0	93	55	492	8	86	862	8627
1779	170688	214366	214367	3	3	1783	1	1	7	4	8	15	3	93	104	447	3	2	12	24	2	9	77	61	332	6	62	627	6272
1780	170786	214488	214490	3	3	1784	1	16	6	2	22	8	43	63	114	532	14	18	6	4	24	11	88	91	587	2	27	272	2723
1781	170882	214609	214610	3	3	1785	1	15	7	8	6	24	3	37	129	523	11	2	24	18	29	9	10	136	560	7	72	723	7232
1782	170978	214729	214731	3	3	1786	1	10	10	22	4	17	56	2	60	175	13	11	8	12	8	50	6	180	525	2	23	232	2327
1783	171074	214849	214851	3	3	1787	1	8	1	10	30	37	41	98	172	310	7	3	1	28	25	5	92	14	930	3	32	327	3279
1784	171165	214965	214967	3	3	1788	1	3	2	5	14	20	36	96	236	531	9	6	15	11	17	49	86	206	584	2	27	279	2791
1785	171263	215088	215089	3	3	1789	1	16	7	1	27	23	11	80	192	692	14	2	3	19	26	33	38	74	58	7	79	791	7917
1786	171361	215211	215212	3	3	1790	1	4	5	7	26	5	15	81	54	542	12	15	21	16	15	45	41	162	617	9	91	917	9178
1787	171457	215331	215332	3	3	1791	1	8	11	17	2	36	22	64	142	413	7	14	22	6	22	7	91	175	230	1	17	178	1786
1788	171553	215451	215453	3	3	1792	1	16	11	7	27	19	28	13	72	547	14	14	21	19	14	25	39	216	632	7	78	786	7860
1789	171644	215567	215569	3	3	1793	1	13	8	28	15	27	45	52	27	746	5	5	26	14	38	17	55	81	220	8	86	860	8608
1790	171744	215692	215694	3	3	1794	1	1	6	22	8	18	20	33	13	953	3	18	8	24	11	1	99	39	841	6	60	608	6085
1791	171840	215812	215814	3	3	1795	1	8	18	5	9	14	1	78	55	982	7	16	15	27	42	3	32	165	928	0	8	85	857
1792	171936	215933	215934	3	3	1796	1	16	6	25	13	2	15	15	233	110	14	18	17	8	6	45	45	197	330	8	85	857	8578
1793	172030	216051	216052	3	3	1797	1	4	2	27	23	26	12	8	173	76	12	6	23	7	35	36	24	17	228	5	57	578	5784
1794	172125	216171	216173	3	3	1798	1	9	14	3	3	19	13	40	153	285	10	4	9	9	14	39	19	208	855	7	78	784	7843
1795	172224	216294	216295	3	3	1799	1	7	18	18	27	3	44	0	49	954	4	16	25	19	9	14	0	147	844	8	84	843	8438
1796	172319	216414	216416	3	3	1800	1	3	7	19	9	2	12	94	105	867	9	2	28	27	6	36	80	64	583	4	43	438	4383
1797	172413	216532	216534	3	3	1801	1	4	4	7	19	12	14	77	70	184	12	12	21	26	36	42	29	210	552	3	38	383	3838
1798	172511	216655	216656	3	3	1802	1	1	8	28	3	23	50	47	182	204	3	5	26	9	26	32	40	44	612	8	83	838	8382
1799	172604	216773	216774	3	3	1803	1	8	1	10	21	17	56	75	0	897	7	3	1	1	8	50	23	0	673	3	38	382	3827
1800	172703	216896	216897	3	3	1804	1	2	14	26	4	24	54	12	121	926	6	4	20	12	29	44	36	112	760	8	82	827	8279
1801	172796	217014	217015	3	3	1805	1	10	12	6	21	17	13	3	227	703	13	17	18	1	8	39	9	179	91	2	27	279	2796
1802	172894	217136	217138	3	3	1806	1	14	11	24	23	42	55	54	173	964	8	14	14	7	40	47	61	17	874	7	79	796	7967
1803	172990	217257	217258	3	3	1807	1	4	12	7	21	11	35	38	155	478	12	17	21	1	33	46	13	214	425	9	96	967	9679
1804	173084	217375	217376	3	3	1808	1	16	10	10	3	18	31	78	211	398	14	11	1	9	11	34	32	131	185	6	67	679	6797
1805	173182	217497	217499	3	3	1809	1	9	4	11	11	2	26	42	45	858	10	12	4	2	6	19	25	135	556	7	79	797	7976
1806	173277	217618	217619	3	3	1810	1	6	10	27	26	14	48	34	245	191	1	11	23	16	42	26	1	233	573	9	97	976	9766
1807	173373	217738	217740	3	3	1811	1	1	17	0	10	26	6	98	244	302	3	13	0	30	35	18	92	230	906	7	76	766	7668
1808	173469	217858	217860	3	3	1812	1	9	1	23	14	33	14	98	194	53	10	3	11	11	13	42	92	80	159	6	66	668	6681
1809	173553	217967	217976	381	3*127	1813	1	7	16	15	0	6	23	72	249	813	15	16	2	0	7	31	61	242	999	6	68	681	6814
1810	173658	218097	218098	3	3	1814	1	6	0	15	21	38	57	22	37	954	1	0	16	1	28	53	66	111	844	8	81	814	8145
1811	173757	218219	218221	3	3	1815	1	8	7	2	23	30	57	29	130	983	7	2	6	7	4	53	87	139	931	1	14	145	1454
1812	173844	218332	218333	3	3	1816	1	7	4	13	30	41	20	59	86	129	4	12	10	28	37	1	76	7	387	4	45	454	4541
1813	173948	218460	218462	3	3	1817	1	12	6	1	10	6	58	61	58	951	2	18	3	30	18	56	82	174	835	5	54	541	5410
1814	174039	218576	218577	3	3	1818	1	13	16	1	22	20	51	28	175	135	5	10	3	4	17	35	84	23	405	4	41	410	4100
1815	174140	218701	218702	3	3	1819	1	13	18	12	29	35	36	3	57	567	5	16	7	25	19	49	9	171	692	1	10	100	1009
1816	174236	218821	218823	3	3	1820	1	7	14	1	12	1	29	99	247	238	4	4	3	5	3	28	95	239	714	0	0	9	95
1817	174331	218942	218943	3	3	1821	1	12	15	12	14	17	6	43	225	49	2	7	7	11	8	18	28	173	147	0	9	95	953
1818	174425	219060	219061	3	3	1822	1	7	14	10	24	33	26	89	5	947	4	4	1	10	13	19	65	15	823	9	95	953	9538
1819	174521	219180	219182	3	3	1823	1	1	3	19	27	9	52	24	28	146	3	9	28	19	27	38	72	84	438	5	53	538	5388
1820	174619	219303	219304	3	3	1824	1	4	2	19	5	3	47	29	104	299	12	6	28	15	9	23	87	61	897	3	38	388	3883
1821	174715	219423	219425	3	3	1825	1	11	7	24	26	19	0	54	92	660	16	2	14	16	14	0	61	25	971	8	88	883	8837
1822	174804	219536	219538	3	3	1826	1	11	8	27	27	18	50	49	37	689	16	5	23	19	11	32	46	111	49	8	83	837	8378
1823	174906	219664	219665	3	3	1827	1	5	6	20	11	23	43	99	177	696	15	18	2	2	26	11	95	29	70	3	37	378	3786
1824	175000	219782	219783	3	3	1828	1	7	10	19	5	27	51	76	75	135	4	11	28	15	38	35	26	225	405	7	78	786	7863
1825	175098	219904	219906	3	3	1829	1	13	18	16	15	7	18	98	190	28	5	16	19	14	21	54	92	68	84	8	86	863	8636
1826	175187	220018	220024	75	3*5^2	1830	1	0	11	5	23	4	35	8	171	387	0	8	27	20	42	29	95	24	773	6	63	636	6360
1827	175290	220145	220147	3	3	1831	1	2	16	28	1	30	22	44	176	392	6	10	26	3	4	7	31	26	167	3	36	360	3609
1828	175385	220266	220267	3	3	1832	1	13	14	2	29	41	0	50	132	761	5	4	6	25	37	0	49	145	265	6	60	609	6095
1829	175479	220384	220385	3	3	1833	1	15	6	2	13	5	33	73	30	430	11	18	6	8	15	40	17	90	281	0	9	95	950
1830	175577	220506	220508	3	3	1834	1	14	18	6	19	35	47	86	241	864	8	16	18	26	19	23	56	221	574	9	95	950	9506
1831	175669	220622	220628	57	3*19	1835	1	16	7	12	12	11	22	6	53	343	11	0	17	2	25	15	39	9	380	5	50	506	5068
1832	175769	220747	220749	3	3	1836	1	10	5	3	7	41	50	33	213	401	13	15	9	21	37	32	99	137	194	0	6	68	680
1833	175854	220857	220869	5133	3*29*59	1837	1	1	4	8	11	32	17	69	125	335	16	12	0	12	39	0	71	69	219	6	68	680	6800
1834	175956	220983	220985	3	3	1838	1	15	1	22	30	34	35	84	68	986	11	3	8	28	16	46	50	204	940	8	80	800	8006
1835	176054	221106	221107	3	3	1839	1	12	1	16	5	42	21	85	187	479	2	3	19	15	40	4	53	59	428	0	0	6	64
1836	176152	221228	221230	3	3	1840	1	3	16	25	25	32	31	74	79	885	9	10	17	13	10	34	20	237	637	0	6	64	642
1837	176248	221349	221350	3	3	1841	1	4	6	0	5	40	12	82	57	560	12	18	0	15	34	36	44	171	671	6	64	642	6422
1838	176344	221469	221471	3	3	1842	1	7	7	24	15	1	26	20	149	650	4	2	14	14	3	19	60	196	941	4	42	422	4225
1839	176435	221585	221586	3	3	1843	1	7	8	3	30	3	53	87	209	929	4	5	9	28	9	41	59	125	769	2	22	225	2251
1840	176535	221710	221711	3	3	1844	1	1	1	18	11	8	35	53	3	111	3	3	25	2	24	46	58	9	333	2	25	251	2512
1841	176631	221830	221832	3	3	1845	1	1	12	16	18	14	18	28	192	802	3	17	19	23	42	54	84	74	388	5	51	512	5125
1842	176727	221951	221952	3	3	1846	1	12	16	1	25	20	42	48	71	878	2	10	3	13	17	8	43	213	616	1	12	125	1252
1843	176818	222066	222068	3	3	1847	1	14	4	18	13	11	19	8	32	501	8	12	25	8	33	57	24	96	494	2	25	252	2520
1844	176916	222189	222191	3	3	1848	1	12	6	26	23	9	35	54	19	630	2	18	20	7	27	46	61	57	881	5	52	520	5205
1845	177014	222312	222313	3	3	1849	1	16	11	4	9	8	34	8	228	135	14	14	12	27	24	43	24	182	405	2	20	205	2051
1846	177110	222432	222434	3	3	1850	1	7	10	14	7	42	54	19	132	495	4	11	13	21	40	44	57	145	476	0	5	51	511
1847	177204	222550	222552	3	3	1851	1	1	5	7	9	35	33	62	82	567	3	15	21	27	19	40	85	246	692	5	51	511	5117
1848	177302	222673	222674	3	3	1852	1	16	18	11	21	33	47	95	67	910	14	16	4	1	13	23	83	201	712	1	11	117	1173
1849	177395	222791	222792	3	3	1853	1	3	5	16	3	1	29	98	31	970	9	15	19	9	3	28	92	93	892	1	17	173	1739
1850	177493	222913	222915	3	3	1854	1	10	10	14	10	34	40	0	56	690	13	11	13	30	16	2	0	168	52	7	73	739	7392
1851	177579	223024	223025	3	3	1855	1	5	3	21	6	15	6	43	150	388	15	9	5	18	2	18	28	199	155	3	39	392	3929
1852	177685	223154	223156	3	3	1856	1	7	18	27	0	29	42	14	139	287	4	16	23	0	1	8	42	166	861	9	92	929	9298
1853	177781	223274	223276	3	3	1857	1	12	7	24	1	29	27	30	155	92	2	2	14	3	1	22	90	214	276	2	29	298	2984
1854	177874	223392	223394	3	3	1858	1	11	4	25	20	26	16	99	213	242	16	12	17	29	35	48	95	137	726	9	98	984	9848
1855	177972	223515	223517	3	3	1859	1	8	8	15	0	34	45	45	14	905	7	5	16	0	16	17	34	42	697	8	84	848	8489
1856	178068	223636	223637	3	3	1860	1	16	5	2	15	4	56	79	31	379	14	15	6	14	12	50	35	93	128	4	48	489	4896
1857	178164	223756	223757	3	3	1861	1	2	14	14	15	36	9	91	240	69	6	4	13	14	22	27	71	218	207	8	89	896	8960
1858	178260	223876	223878	3	3	1862	1	1	3	15	16	9	33	74	54	249	3	9	16	17	27	40	20	162	747	9	96	960	9608
1859	178351	223992	223994	3	3	1863	1	1	5	8	12	38	15	79	191	578	3	15	24	5	28	45	35	71	725	6	60	608	6084
1860	178449	224115	224116	3	3	1864	1	10	10	24	13	27	22	16	158	801	13	11	14	8	38	7	48	223	385	0	8	84	841
1861	178547	224237	224239	3	3	1865	1	3	12	10	2	16	28	33	147	694	9	17	1	6	5	25	99	190	64	8	84	841	8412
1862	178643	224358	224359	3	3	1866	1	11	4	26	25	11	19	2	220	130	16	12	20	13	33	57	6	158	390	4	41	412	4128
1863	178739	224478	224480	3	3	1867	1	7	10	21	28	5	33	25	49	36	4	11	5	22	15	40	75	147	108	1	12	128	1284
1864	178828	224591	224593	3	3	1868	1	9	5	7	28	13	32	48	169	693	10	15	21	22	39	37	43	5	61	2	28	284	2848
1865	178931	224719	224720	3	3	1869	1	3	1	24	7	36	46	8	91	1005	9	3	14	21	22	20	24	22	997	8	84	848	8488
1866	179026	224839	224841	3	3	1870	1	1	13	5	14	29	57	90	56	1003	3	1	15	11	1	53	68	168	991	4	48	488	4886
1867	179117	224955	224961	87	3*29	1871	1	9	0	28	20	1	7	6	140	524	1	0	0	4	1	19	17	132	183	8	88	886	8862
1868	179216	225077	225079	3	3	1872	1	14	9	28	5	9	9	22	163	901	8	8	26	15	27	27	66	238	685	8	86	862	8626
1869	179312	225198	225199	3	3	1873	1	10	5	9	5	34	26	54	241	746	13	15	27	15	16	19	61	221	220	6	62	626	6269
1870	179410	225321	225322	3	3	1874	1	14	6	7	21	42	50	64	185	917	8	18	21	1	40	32	91	53	733	2	26	269	2694
1871	179505	225441	225442	3	3	1875	1	4	1	27	2	29	31	53	114	76	12	3	23	6	1	34	58	91	228	6	69	694	6945
1872	179599	225559	225561	3	3	1876	1	16	15	2	6	20	46	44	195	765	14	7	6	18	17	20	31	83	277	9	94	945	9456
1873	179697	225682	225683	3	3	1877	1	9	14	22	29	20	7	81	83	935	10	4	8	25	17	21	41	249	787	4	45	456	4560
1874	179791	225800	225801	3	3	1878	1	8	3	25	24	20	41	77	106	115	7	9	17	10	17	5	29	67	345	5	56	560	5604
1875	179889	225922	225924	3	3	1879	1	1	13	22	15	13	55	66	85	246	3	1	8	14	39	47	97	4	738	6	60	604	6042
1876	179982	226040	226042	3	3	1880	1	12	3	27	21	11	49	82	83	562	2	9	23	1	33	29	44	249	677	0	4	42	424
1877	180080	226163	226165	3	3	1881	1	6	2	24	25	5	30	72	23	33	1	6	14	13	15	31	14	69	99	4	42	424	4241
1878	180176	226283	226285	3	3	1882	1	13	7	2	18	18	3	99	205	997	5	2	6	23	11	9	95	113	973	2	24	241	2419
1879	180270	226401	226403	3	3	1883	1	5	10	14	7	36	29	69	235	938	15	11	13	21	22	28	5	203	796	4	41	419	4196
1880	180368	226524	226526	3	3	1884	1	7	6	13	22	15	50	27	41	427	4	18	10	4	2	32	81	123	272	1	19	196	1965
1881	180464	226644	226646	3	3	1885	1	12	12	5	8	28	13	67	65	546	2	17	15	24	41	39	100	195	629	9	96	965	9652
1882	180559	226765	226766	3	3	1886	1	2	18	4	17	35	23	92	141	887	6	16	12	20	19	10	74	172	643	6	65	652	6528
1883	180655	226885	226887	3	3	1887	1	13	7	10	10	35	41	1	199	77	5	2	1	30	19	5	3	95	231	5	52	528	5285
1884	180744	226999	227000	3	3	1888	1	4	17	10	11	41	17	54	168	709	12	13	1	2	37	51	61	2	109	2	28	285	2850
1885	180842	227121	227123	3	3	1889	1	10	15	4	26	15	18	45	226	246	13	7	12	16	2	54	34	176	738	8	85	850	8502
1886	180943	227246	227248	3	3	1890	1	1	11	11	12	5	24	54	190	272	3	14	4	5	15	13	61	68	816	5	50	502	5022
1887	181039	227367	227368	3	3	1891	1	5	18	8	15	39	18	36	30	526	15	16	24	14	31	54	7	90	569	0	2	22	222
1888	181130	227483	227489	57	3*19	1892	1	2	8	19	13	17	56	69	137	926	12	0	10	28	23	6	95	28	314	2	22	222	2221
1889	181226	227603	227604	3	3	1893	1	12	4	10	13	14	25	33	184	788	2	12	1	8	42	16	99	50	346	2	22	221	2210
1890	181326	227728	227729	3	3	1894	1	15	4	10	5	35	25	68	40	514	11	12	1	15	19	16	2	120	533	2	21	210	2106
1891	181414	227840	227842	3	3	1895	1	5	4	15	10	10	14	63	103	438	15	12	16	30	30	42	88	58	305	1	10	106	1066
1892	181518	227968	227970	3	3	1896	1	1	5	15	30	27	44	61	184	203	3	15	16	28	38	14	82	50	609	0	6	66	661
1893	181611	228086	228088	3	3	1897	1	6	7	0	23	38	5	93	178	479	1	2	0	7	28	15	77	32	428	6	66	661	6611
1894	181707	228207	228208	3	3	1898	1	0	5	26	14	1	53	58	166	751	0	15	20	11	3	41	73	247	235	6	61	611	6118
1895	181805	228329	228331	3	3	1899	1	2	7	28	14	38	43	95	149	971	6	2	26	11	28	11	83	196	895	1	11	118	1186
1896	181901	228450	228451	3	3	1900	1	13	10	9	9	24	2	56	105	207	5	11	27	27	29	6	67	64	621	1	18	186	1863
1897	181994	228568	228569	3	3	1901	1	15	4	8	17	31	30	19	204	384	11	12	24	20	7	31	57	110	143	8	86	863	8630
1898	182092	228691	228692	3	3	1902	1	14	12	5	16	41	53	44	219	517	8	17	15	17	37	41	31	155	542	6	63	630	6306
1899	182186	228809	228810	3	3	1903	1	3	7	16	13	33	42	83	56	470	9	2	19	8	13	8	47	168	401	3	30	306	3067
1900	182284	228931	228933	3	3	1904	1	10	5	16	14	25	25	35	194	1005	13	15	19	11	32	16	4	80	997	0	6	67	674
1901	182373	229044	229051	87	3*29	1905	1	5	12	21	29	40	27	60	246	897	10	18	0	12	40	48	69	67	346	6	67	674	6744
1902	182476	229172	229174	3	3	1906	1	1	11	11	15	30	38	79	204	879	3	14	4	14	4	55	35	110	619	7	74	744	7442
1903	182572	229292	229294	3	3	1907	1	9	10	20	23	12	29	57	58	231	10	11	2	7	36	28	70	174	693	4	44	442	4427
1904	182665	229410	229412	3	3	1908	1	4	5	8	26	42	46	10	137	331	12	15	24	16	40	20	30	160	993	4	42	427	4278
1905	182763	229533	229535	3	3	1909	1	4	18	26	20	30	5	11	67	406	12	16	20	29	4	15	33	201	209	2	27	278	2786
1906	182859	229653	229655	3	3	1910	1	7	6	16	1	31	9	9	242	906	4	18	19	3	7	27	27	224	700	7	78	786	7862
1907	182955	229774	229775	3	3	1911	1	5	10	18	18	1	8	24	133	54	15	11	25	23	3	24	72	148	162	8	86	862	8622
1908	183051	229894	229896	3	3	1912	1	1	13	13	30	18	25	95	233	612	3	1	10	28	11	16	83	197	827	6	62	622	6220
1909	183142	230010	230011	3	3	1913	1	15	3	24	6	27	22	18	192	536	11	9	14	18	38	7	54	74	599	2	22	220	2203
1910	183240	230132	230134	3	3	1914	1	16	9	4	25	26	40	23	175	132	14	8	12	13	35	2	69	23	396	2	20	203	2039
1911	183338	230255	230257	3	3	1915	1	10	1	14	5	40	39	34	166	811	13	3	13	15	34	58	1	247	415	0	3	39	391
1912	183434	230376	230377	3	3	1916	1	9	8	5	4	18	49	96	210	480	10	5	15	12	11	29	86	128	431	3	39	391	3919
1913	183530	230496	230497	3	3	1917	1	16	5	13	2	3	25	79	0	659	14	15	10	6	9	16	35	0	968	9	91	919	9194
1914	183621	230612	230613	3	3	1918	1	3	15	3	26	0	31	55	101	198	9	7	9	16	0	34	64	52	594	1	19	194	1949
1915	183721	230737	230738	3	3	1919	1	5	3	19	0	19	27	86	156	727	15	9	28	0	14	22	56	217	163	9	94	949	9494
1916	183817	230857	230859	3	3	1920	1	16	11	12	14	14	38	84	96	914	14	14	7	11	42	55	50	37	724	4	49	494	4945
1917	183913	230977	230979	3	3	1921	1	15	12	26	5	42	27	24	102	422	11	17	20	15	40	22	72	55	257	9	94	945	9450
1918	184006	231095	231097	3	3	1922	1	2	10	28	3	32	10	20	68	953	6	11	26	9	10	30	60	204	841	4	45	450	4504
1919	184102	231216	231217	3	3	1923	1	5	16	25	12	29	46	69	183	314	15	10	17	5	1	20	5	47	942	5	50	504	5047
1920	184200	231338	231340	3	3	1924	1	7	10	25	13	24	34	23	10	251	4	11	17	8	29	43	69	30	753	0	4	47	471
1921	184296	231459	231460	3	3	1925	1	12	17	23	4	29	12	87	92	286	2	13	11	12	1	36	59	25	858	4	47	471	4712
1922	184390	231577	231578	3	3	1926	1	11	4	4	13	2	55	71	140	381	16	12	12	8	6	47	11	169	134	7	71	712	7123
1923	184488	231699	231701	3	3	1927	1	8	13	12	24	27	4	37	23	742	7	1	7	10	38	12	10	69	208	1	12	123	1237
1924	184581	231817	231819	3	3	1928	1	10	0	11	28	1	57	68	100	10	13	0	4	22	3	53	2	49	30	2	23	237	2371
1925	184679	231940	231942	3	3	1929	1	2	7	4	30	41	54	68	245	972	6	2	12	28	37	44	2	233	898	3	37	371	3713
1926	184773	232058	232060	3	3	1930	1	7	5	6	22	42	0	66	11	330	4	15	18	4	40	0	97	33	990	7	71	713	7137
1927	184871	232181	232182	3	3	1931	1	8	6	5	13	40	24	63	234	502	7	18	15	8	34	13	88	200	497	1	13	137	1378
1928	184967	232301	232303	3	3	1932	1	16	1	12	10	15	36	19	83	166	14	3	7	30	2	49	57	249	498	3	37	378	3786
1929	185060	232419	232421	3	3	1933	1	4	15	14	7	13	40	88	34	953	12	7	13	21	39	2	62	102	841	7	78	786	7869
1930	185159	232542	232544	3	3	1934	1	11	14	11	21	8	47	93	13	997	16	4	4	1	24	23	77	39	973	8	86	869	8696
1931	185246	232654	232656	3	3	1935	1	7	10	28	25	7	48	23	219	102	4	11	26	13	21	26	69	155	306	6	69	696	6960
1932	185350	232783	232784	3	3	1936	1	3	13	3	18	42	42	56	55	564	9	1	9	23	40	8	67	165	683	9	96	960	9609
1933	185446	232903	232905	3	3	1937	1	3	15	22	10	32	16	21	12	311	9	7	8	30	10	48	63	36	933	6	60	609	6095
1934	185537	233019	233020	3	3	1938	1	15	13	20	14	5	19	24	161	928	11	1	2	11	15	57	72	232	766	0	9	95	956
1935	185630	233137	233143	87	3*29	1939	1	12	18	26	4	5	17	27	66	275	7	8	0	7	5	4	26	220	718	9	95	956	9563
1936	185721	233252	233266	13947	3*4649	1940	1	13	17	5	25	10	2	24	195	564	6	17	19	18	21	46	14	80	953	5	56	563	5636
1937	185829	233384	233386	3	3	1941	1	16	6	28	4	3	31	32	1	419	14	18	26	12	9	34	96	3	248	6	63	636	6364
1938	185925	233505	233506	3	3	1942	1	14	12	19	30	16	4	33	232	591	8	17	28	28	5	12	99	194	764	3	36	364	3643
1939	186016	233621	233622	3	3	1943	1	9	3	25	14	20	20	63	97	43	10	9	17	11	17	1	88	40	129	6	64	643	6437
1940	186117	233746	233747	3	3	1944	1	12	7	19	11	25	2	100	236	374	2	2	28	2	32	6	98	206	113	4	43	437	4371
1941	186213	233866	233867	3	3	1945	1	9	16	10	26	35	13	55	49	275	10	10	1	16	19	39	64	147	825	3	37	371	3719
1942	186308	233986	233988	3	3	1946	1	6	14	21	2	6	15	48	25	335	1	4	5	6	18	45	43	75	1005	7	71	719	7191
1943	186402	234104	234106	3	3	1947	1	7	6	19	24	24	11	45	74	108	4	18	28	10	29	33	34	222	324	1	19	191	1917
1944	186498	234225	234226	3	3	1948	1	12	15	15	13	7	49	53	104	768	2	7	16	8	21	29	58	61	286	9	91	917	9172
1945	186592	234343	234349	57	3*19	1949	1	3	9	4	20	8	0	42	134	46	1	0	25	24	26	0	71	108	604	1	17	172	1728
1946	186692	234468	234469	3	3	1950	1	13	5	12	9	42	3	91	70	60	5	15	7	27	40	9	71	210	180	7	72	728	7287
1947	186783	234583	234585	3	3	1951	1	1	7	18	3	21	35	45	12	637	3	2	25	9	20	46	34	36	902	2	28	287	2874
1948	186883	234708	234710	3	3	1952	1	7	6	15	22	40	25	16	239	537	4	18	16	4	34	16	48	215	602	8	87	874	8746
1949	186977	234826	234828	3	3	1953	1	16	1	25	3	8	23	6	145	808	14	3	17	9	24	10	18	184	406	7	74	746	7467
1950	187075	234949	234951	3	3	1954	1	2	16	9	27	5	14	79	140	903	6	10	27	19	15	42	35	169	691	4	46	467	4677
1951	187166	235065	235069	15	3*5	1955	1	8	1	1	14	42	53	3	192	947	1	15	15	24	28	28	45	119	79	6	67	677	6776
1952	187266	235190	235191	3	3	1956	1	7	7	13	2	10	48	75	212	250	4	2	10	6	30	26	23	134	750	7	77	776	7764
1953	187362	235310	235312	3	3	1957	1	12	10	14	3	42	51	45	102	239	2	11	13	9	40	35	34	55	717	7	76	764	7646
1954	187456	235428	235430	3	3	1958	1	7	4	14	21	34	13	32	151	894	4	12	13	1	16	39	96	202	664	6	64	646	6465
1955	187554	235551	235552	3	3	1959	1	5	12	9	4	24	50	52	56	151	15	17	27	12	29	32	55	168	453	4	46	465	4657
1956	187650	235671	235673	3	3	1960	1	4	16	19	12	29	31	67	86	619	12	10	28	5	1	34	100	7	848	6	65	657	6575
1957	187746	235792	235793	3	3	1961	1	11	5	16	23	9	37	33	213	138	16	15	19	7	27	52	99	137	414	5	57	575	5757
1958	187841	235912	235914	3	3	1962	1	15	11	21	21	16	34	51	238	287	11	14	5	1	5	43	52	212	861	7	75	757	7573
1959	187933	236028	236029	3	3	1963	1	7	5	2	13	16	0	79	199	697	4	15	6	8	5	0	35	95	73	5	57	573	5739
1960	188031	236150	236152	3	3	1964	1	7	2	23	27	26	4	86	122	592	4	6	11	19	35	12	56	115	767	7	73	739	7396
1961	188129	236273	236275	3	3	1965	1	13	6	4	26	41	4	38	237	624	5	18	12	16	37	12	13	209	863	3	39	396	3962
1962	188225	236393	236395	3	3	1966	1	0	18	28	10	35	49	43	25	143	0	16	26	30	19	29	28	75	429	9	96	962	9624
1963	188320	236514	236515	3	3	1967	1	2	6	4	14	24	25	57	99	164	6	18	12	11	29	16	70	46	492	6	62	624	6241
1964	188405	236623	236631	219	3*73	1968	1	5	10	26	0	42	57	51	196	535	7	5	10	0	39	34	59	3	121	2	24	241	2413
1965	188512	236754	236756	3	3	1969	1	7	13	5	12	30	1	99	214	65	4	1	15	5	4	3	95	140	195	4	41	413	4138
1966	188608	236875	236876	3	3	1970	1	14	18	0	23	6	50	67	20	401	8	16	0	7	18	32	100	60	194	1	13	138	1389
1967	188704	236995	236997	3	3	1971	1	15	7	24	9	18	52	33	195	291	11	2	14	27	11	38	99	83	873	3	38	389	3890
1968	188795	237111	237112	3	3	1972	1	14	16	4	19	30	47	16	246	396	8	10	12	26	4	23	48	236	179	8	89	890	8908
1969	188888	237229	237235	87	3*29	1973	1	5	7	25	7	38	54	72	63	797	10	1	0	20	38	37	2	210	727	9	90	908	9086
1970	188985	237350	237358	249	3*83	1974	1	8	17	10	25	4	28	79	169	3	3	15	25	25	7	10	77	164	747	0	8	86	865
1971	189079	237469	237470	3	3	1975	1	9	3	6	9	34	58	12	42	984	10	9	18	27	16	56	36	126	934	8	86	865	8658
1972	189180	237595	237596	3	3	1976	1	4	12	4	9	26	31	93	80	250	12	17	12	27	35	34	77	240	750	6	65	658	6583
1973	189279	237717	237719	3	3	1977	1	4	11	3	27	27	45	96	161	1002	12	14	9	19	38	17	86	232	988	5	58	583	5832
1974	189372	237835	237837	3	3	1978	1	15	10	17	27	15	23	21	63	971	11	11	22	19	2	10	63	189	895	8	83	832	8326
1975	189470	237958	237960	3	3	1979	1	5	12	3	5	0	19	93	148	770	15	17	9	15	0	57	77	193	292	3	32	326	3264
1976	189564	238076	238078	3	3	1980	1	7	16	7	30	39	41	85	99	754	4	10	21	28	31	5	53	46	244	2	26	264	2645
1977	189662	238199	238200	3	3	1981	1	1	10	4	27	27	51	93	238	347	3	11	12	19	38	35	77	212	32	6	64	645	6459
1978	189758	238319	238321	3	3	1982	1	12	17	17	11	15	38	77	175	368	2	13	22	2	2	55	29	23	95	4	45	459	4599
1979	189851	238437	238439	3	3	1983	1	2	4	25	5	23	23	78	85	927	6	12	17	15	26	10	32	4	763	5	59	599	5995
1980	189949	238560	238561	3	3	1984	1	9	13	17	15	19	20	54	116	554	10	1	22	14	14	1	61	97	653	9	99	995	9958
1981	190045	238680	238682	3	3	1985	1	16	0	28	23	6	30	47	217	486	14	0	26	7	18	31	40	149	449	9	95	958	9581
1982	190141	238800	238802	3	3	1986	1	7	7	20	1	34	10	69	217	855	4	2	2	3	16	30	5	149	547	5	58	581	5813
1983	190237	238921	238922	3	3	1987	1	5	6	2	29	22	15	80	28	884	15	18	6	25	23	45	38	84	634	8	81	813	8133
1984	190328	239037	239038	3	3	1988	1	2	1	27	15	32	45	30	95	807	6	3	23	14	10	17	90	34	403	1	13	133	1339
1985	190426	239159	239161	3	3	1989	1	3	4	16	10	19	13	82	105	975	9	12	19	30	14	39	44	64	907	3	33	339	3390
1986	190524	239282	239284	3	3	1990	1	10	18	10	11	34	28	76	150	700	13	16	1	2	16	25	26	199	82	3	39	390	3904
1987	190620	239402	239404	3	3	1991	1	8	14	9	7	31	36	47	148	888	7	4	27	21	7	49	40	193	646	9	90	904	9047
1988	190716	239523	239524	3	3	1992	1	7	15	5	4	21	1	58	15	195	4	7	15	12	20	3	73	45	585	0	4	47	478
1989	190805	239636	239638	3	3	1993	1	2	15	4	6	24	15	95	107	37	6	7	12	18	29	45	83	70	111	4	47	478	4780
1990	190907	239763	239765	3	3	1994	1	4	15	17	25	33	9	33	109	601	12	7	22	13	13	27	99	76	794	7	78	780	7802
1991	191003	239884	239885	3	3	1995	1	8	2	7	25	23	54	30	139	292	7	6	21	13	26	44	90	166	876	8	80	802	8027
1992	191099	240004	240006	3	3	1996	1	16	7	4	5	7	53	77	241	915	14	2	12	15	21	41	29	221	727	0	2	27	275
1993	191193	240122	240124	3	3	1997	1	14	10	16	3	4	4	58	34	731	8	11	19	9	12	12	73	102	175	2	27	275	2759
1994	191288	240242	240244	3	3	1998	1	7	5	1	26	1	8	23	168	365	4	15	3	16	3	24	69	2	86	7	75	759	7590
1995	191387	240365	240367	3	3	1999	1	8	12	25	11	22	12	62	97	722	7	17	17	2	23	36	85	40	148	5	59	590	5900
1996	191482	240485	240487	3	3	2000	1	16	18	19	18	37	52	84	31	920	14	16	28	23	25	38	50	93	742	9	90	900	9009
1997	191576	240604	240605	3	3	2001	1	4	9	3	5	5	51	67	149	420	12	8	9	15	15	35	100	196	251	0	0	9	99
1998	191674	240726	240728	3	3	2002	1	11	16	18	15	31	51	14	114	269	16	10	25	14	7	35	42	91	807	0	9	99	994
1999	191767	240844	240846	3	3	2003	1	15	18	27	23	27	40	99	68	124	11	16	23	7	38	2	95	204	372	9	99	994	9946
2000	191866	240967	240968	3	3	2004	1	3	11	6	9	39	40	15	86	518	9	14	18	27	31	2	45	7	545	9	94	946	9465
2001	191959	241085	241087	3	3	2005	1	4	15	23	20	19	21	44	151	213	12	7	11	29	14	4	31	202	639	4	46	465	4657
2002	192053	241203	241209	57	3*19	2006	1	9	10	24	4	4	12	89	147	224	3	0	5	11	13	35	23	96	660	6	65	657	6576
2003	192153	241328	241330	3	3	2007	1	6	5	26	21	6	35	82	104	863	1	15	20	1	18	46	44	61	571	5	57	576	5764
2004	192247	241446	241448	3	3	2008	1	14	16	6	3	8	12	100	211	494	8	10	18	9	24	36	98	131	473	7	76	764	7640
2005	192345	241569	241570	3	3	2009	1	16	6	24	10	39	16	70	230	449	14	18	14	30	31	48	8	188	338	6	64	640	6407
2006	192440	241689	241691	3	3	2010	1	14	5	7	9	21	23	70	178	711	8	15	21	27	20	10	8	32	115	4	40	407	4078
2007	192536	241809	241811	3	3	2011	1	4	16	21	0	27	13	16	193	11	12	10	5	0	38	39	48	77	33	0	7	78	789
2008	192632	241930	241931	3	3	2012	1	12	6	11	1	13	3	28	174	562	2	18	4	3	39	9	84	20	677	7	78	789	7895
2009	192721	242043	242045	3	3	2013	1	10	11	3	7	37	35	45	54	253	13	14	9	21	25	46	34	162	759	8	89	895	8951
2010	192819	242166	242167	3	3	2014	1	5	8	0	0	24	27	34	77	773	15	5	0	0	29	22	1	231	301	9	95	951	9512
2011	192912	242283	242285	3	3	2015	1	1	7	24	19	40	53	77	75	623	3	2	14	26	34	41	29	225	860	5	51	512	5126
2012	193015	242411	242413	3	3	2016	1	9	12	7	15	20	22	30	25	838	10	17	21	14	17	7	90	75	496	1	12	126	1269
2013	193111	242532	242533	3	3	2017	1	6	16	17	16	39	20	28	55	912	1	10	22	17	31	1	84	165	718	2	26	269	2694
2014	193202	242647	242649	3	3	2018	1	8	4	14	12	8	32	70	160	723	7	12	13	5	24	37	8	229	151	6	69	694	6946
2015	193303	242772	242774	3	3	2019	1	8	11	4	3	25	36	67	193	297	7	14	12	9	32	49	100	77	891	9	94	946	9468
2016	193399	242893	242894	3	3	2020	1	7	11	1	2	32	1	81	22	25	4	14	3	6	10	3	41	66	75	4	46	468	4683
2017	193494	243013	243015	3	3	2021	1	12	10	25	25	2	39	90	65	193	2	11	17	13	6	58	68	195	579	6	68	683	6839
2018	193588	243131	243133	3	3	2022	1	14	5	14	18	29	42	26	157	511	8	15	13	23	1	8	78	220	524	8	83	839	8398
2019	193684	243251	243253	3	3	2023	1	6	15	6	18	15	21	77	52	233	1	7	18	23	2	4	29	156	699	3	39	398	3983
2020	193782	243374	243376	3	3	2024	1	7	6	12	7	9	17	93	221	463	4	18	7	21	27	51	77	161	380	9	98	983	9835
2021	193878	243494	243496	3	3	2025	1	12	10	21	14	32	2	5	160	259	2	11	5	11	10	6	15	229	777	8	83	835	8352
2022	193971	243612	243614	3	3	2026	1	7	14	19	23	40	47	19	101	359	4	4	28	7	34	23	57	52	68	3	35	352	3525
2023	194069	243735	243737	3	3	2027	1	5	18	19	25	20	4	21	165	251	15	16	28	13	17	12	63	244	753	5	52	525	5259
2024	194163	243853	243855	3	3	2028	1	11	9	28	5	40	36	91	243	808	16	8	26	15	34	49	71	227	406	2	25	259	2595
2025	194261	243976	243977	3	3	2029	1	11	1	11	21	2	48	22	59	448	16	3	4	1	6	26	66	177	335	5	59	595	5957
2026	194354	244094	244095	3	3	2030	1	3	13	4	19	5	28	56	212	131	9	1	12	26	15	25	67	134	393	9	95	957	9570
2027	194453	244217	244218	3	3	2031	1	5	5	8	30	40	27	60	9	368	15	15	24	28	34	22	79	27	95	5	57	570	5709
2028	194548	244337	244338	3	3	2032	1	1	14	16	29	29	35	98	143	358	3	4	19	25	1	46	92	178	65	7	70	709	7098
2029	194642	244455	244457	3	3	2033	1	6	12	9	24	21	36	59	239	708	1	17	27	10	20	49	76	215	106	0	9	98	982
2030	194740	244578	244579	3	3	2034	1	0	11	28	15	33	4	28	205	666	0	14	26	14	13	12	84	113	989	9	98	982	9825
2031	194836	244698	244700	3	3	2035	1	2	12	2	12	24	49	41	224	605	6	17	6	5	29	29	22	170	806	8	82	825	8258
2032	194932	244818	244820	3	3	2036	1	13	12	10	25	30	57	31	144	324	5	17	1	13	4	53	93	181	972	2	25	258	2582
2033	195027	244939	244940	3	3	2037	1	7	4	6	18	42	8	12	231	946	4	12	18	23	40	24	36	191	820	5	58	582	5822
2034	195119	245054	245056	3	3	2038	1	6	8	1	20	34	35	23	66	121	1	5	3	29	16	46	69	198	363	8	82	822	8226
2035	195217	245177	245179	3	3	2039	1	3	11	18	23	30	40	55	40	777	9	14	25	7	4	2	64	120	313	2	22	226	2262
2036	195310	245295	245301	87	3*29	2040	1	15	2	21	27	20	28	68	203	718	13	3	0	24	20	17	58	91	917	2	26	262	2620
2037	195411	245420	245422	3	3	2041	1	11	13	28	17	6	11	61	97	470	16	1	26	20	18	33	82	40	401	6	62	620	6205
2038	195507	245540	245542	3	3	2042	1	1	0	22	10	7	55	1	206	223	3	0	8	30	21	47	3	116	669	2	20	205	2052
2039	195598	245656	245658	3	3	2043	1	16	17	1	24	34	21	94	37	159	14	13	3	10	16	4	80	111	477	0	5	52	522
2040	195698	245781	245783	3	3	2044	1	3	6	0	30	40	14	69	123	164	9	18	0	28	34	42	5	118	492	5	52	522	5224
2041	195794	245902	245903	3	3	2045	1	4	6	24	12	37	51	34	241	34	12	18	14	5	25	35	1	221	102	2	22	224	2248
2042	195890	246022	246023	3	3	2046	1	7	1	17	15	35	7	52	179	537	4	3	22	14	19	21	55	35	602	2	24	248	2489
2043	195983	246140	246142	3	3	2047	1	1	15	21	6	5	35	81	151	506	3	7	5	18	15	46	41	202	509	4	48	489	4894
2044	196079	246260	246262	3	3	2048	1	7	18	9	3	34	12	62	38	833	4	16	27	9	16	36	85	114	481	8	89	894	8940
2045	196177	246383	246385	3	3	2049	1	1	15	1	5	21	45	8	200	378	3	7	3	15	20	17	24	98	125	9	94	940	9407
2046	196273	246503	246505	3	3	2050	1	12	13	15	3	10	37	95	124	912	2	1	16	9	30	52	83	121	718	4	40	407	4077
2047	196367	246621	246623	3	3	2051	1	2	3	26	6	21	43	53	95	694	6	9	20	18	20	11	58	34	64	0	7	77	772
2048	196465	246744	246746	3	3	2052	1	9	2	4	22	39	17	72	99	53	10	6	12	4	31	51	14	46	159	7	77	772	7726
2049	196558	246862	246864	3	3	2053	1	10	9	26	14	36	31	7	98	372	13	8	20	11	22	34	21	43	107	7	72	726	7267
2050	196656	246985	246986	3	3	2054	1	7	12	6	14	34	55	63	133	416	4	17	18	11	16	47	88	148	239	2	26	267	2671
2051	196742	247095	247096	3	3	2055	1	1	16	26	6	20	38	8	111	868	3	10	20	18	17	55	24	82	586	6	67	671	6719
2052	196848	247225	247227	3	3	2056	1	16	12	22	23	8	1	14	147	111	14	17	8	7	24	3	42	190	333	7	71	719	7194
2053	196944	247346	247347	3	3	2057	1	15	18	14	16	33	43	82	28	61	11	16	13	17	13	11	44	84	183	1	19	194	1947
2054	197037	247464	247465	3	3	2058	1	2	9	2	13	23	12	53	215	485	6	8	6	8	26	36	58	143	446	9	94	947	9478
2055	197135	247587	247588	3	3	2059	1	8	16	27	14	5	37	93	59	151	7	10	23	11	15	52	77	177	453	4	47	478	4782
2056	197231	247707	247708	3	3	2060	1	7	14	24	20	17	23	34	230	67	4	4	14	29	8	10	1	188	201	7	78	782	7826
2057	197327	247827	247829	3	3	2061	1	12	11	9	15	37	49	19	196	581	2	14	27	14	25	29	57	86	734	8	82	826	8268
2058	197423	247948	247949	3	3	2062	1	4	18	15	23	35	58	86	99	636	12	16	16	7	19	56	56	46	899	2	26	268	2684
2059	197510	248059	248065	57	3*19	2063	1	9	5	16	13	11	36	97	116	51	3	0	13	28	25	46	75	86	889	6	68	684	6848
2060	197612	248186	248188	3	3	2064	1	10	1	26	4	14	11	52	172	700	13	3	20	12	42	33	55	14	82	8	84	848	8482
2061	197710	248309	248310	3	3	2065	1	2	4	15	1	12	28	63	57	945	6	12	16	3	36	25	88	171	817	4	48	482	4826
2062	197806	248429	248431	3	3	2066	1	1	6	26	18	0	48	74	174	930	3	18	20	23	0	26	20	20	772	8	82	826	8260
2063	197902	248549	248551	3	3	2067	1	8	5	4	30	37	10	97	189	848	7	15	12	28	25	30	89	65	526	2	26	260	2601
2064	197993	248665	248667	3	3	2068	1	2	9	12	6	12	48	3	200	15	6	8	7	18	36	26	9	98	45	6	60	601	6014
2065	198094	248790	248792	3	3	2069	1	3	6	26	1	30	28	49	110	84	9	18	20	3	4	25	46	79	252	0	1	14	147
2066	198189	248910	248912	3	3	2070	1	11	7	21	5	12	45	39	7	596	16	2	5	15	36	17	16	21	779	1	14	147	1476
2067	198285	249031	249032	3	3	2071	1	7	10	5	4	11	52	6	241	911	4	11	15	12	33	38	18	221	715	4	47	476	4769
2068	198379	249149	249150	3	3	2072	1	4	4	28	19	42	25	48	139	852	12	12	26	26	40	16	43	166	538	7	76	769	7699
2069	198474	249269	249271	3	3	2073	1	4	10	1	6	0	36	51	232	737	12	11	3	18	0	49	52	194	193	6	69	699	6990
2070	198568	249387	249393	87	3*29	2074	1	10	13	8	0	3	2	20	40	446	3	10	0	0	3	56	23	217	460	9	99	990	9909
2071	198668	249512	249514	3	3	2075	1	6	5	24	14	39	23	24	75	855	1	15	14	11	31	10	72	225	547	9	90	909	9090
2072	198760	249628	249630	3	3	2076	1	13	5	25	25	36	44	76	118	994	5	15	17	13	22	14	26	103	964	0	9	90	902
2073	198860	249753	249755	3	3	2077	1	16	11	7	15	34	42	41	69	907	14	14	21	14	16	8	22	207	703	9	90	902	9026
2074	198954	249871	249873	3	3	2078	1	13	2	17	12	31	58	96	250	879	5	6	22	5	7	56	86	248	619	0	2	26	264
2075	199052	249994	249995	3	3	2079	1	4	6	10	13	32	14	83	94	716	12	18	1	8	10	42	47	31	130	2	26	264	2640
2076	199143	250109	250113	15	3*5	2080	1	10	3	9	20	24	19	29	233	366	14	7	19	21	16	49	31	232	445	6	64	640	6401
2077	199243	250234	250236	3	3	2081	1	9	6	9	3	33	35	27	42	660	10	18	27	9	13	46	81	126	971	4	40	401	4013
2078	199339	250355	250356	3	3	2082	1	6	10	22	24	22	38	65	142	290	1	11	8	10	23	55	94	175	870	0	1	13	136
2079	199433	250473	250474	3	3	2083	1	7	14	27	28	23	36	69	184	933	4	4	23	22	26	49	5	50	781	1	13	136	1363
2080	199531	250595	250597	3	3	2084	1	9	18	24	30	32	54	65	116	125	10	16	14	28	10	44	94	97	375	3	36	363	3639
2081	199627	250716	250717	3	3	2085	1	6	7	2	17	8	23	85	64	974	1	2	6	20	24	10	53	192	904	6	63	639	6394
2082	199722	250836	250838	3	3	2086	1	13	1	12	13	24	1	73	122	801	5	3	7	8	29	3	17	115	385	3	39	394	3944
2083	199818	250957	250958	3	3	2087	1	8	8	13	10	17	3	54	4	190	7	5	10	30	8	9	61	12	570	9	94	944	9443
2084	199909	251072	251074	3	3	2088	1	3	4	6	20	29	36	47	211	659	9	12	18	29	1	49	40	131	968	4	44	443	4437
2085	200008	251195	251196	3	3	2089	1	16	18	24	29	14	11	51	241	996	14	16	14	25	42	33	52	221	970	4	43	437	4374
2086	200106	251318	251319	3	3	2090	1	2	3	10	23	29	51	54	66	232	6	9	1	7	1	35	61	198	696	3	37	374	3745
2087	200201	251438	251440	3	3	2091	1	13	11	3	18	5	42	23	228	844	5	14	9	23	15	8	69	182	514	7	74	745	7455
2088	200297	251558	251560	3	3	2092	1	7	12	13	10	36	58	47	184	813	4	17	10	30	22	56	40	50	421	4	45	455	4553
2089	200388	251674	251676	3	3	2093	1	10	2	19	14	30	19	59	213	913	13	6	28	11	4	57	76	137	721	5	55	553	5530
2090	200481	251791	251793	3	3	2094	1	1	9	26	1	12	27	91	234	1	3	8	20	3	36	22	71	200	3	5	53	530	5305
2091	200585	251919	251921	3	3	2095	1	5	10	13	6	18	4	26	195	979	15	11	10	18	11	12	78	83	919	3	30	305	3050
2092	200681	252040	252041	3	3	2096	1	4	17	18	4	14	43	89	22	195	12	13	25	12	42	11	65	66	585	0	5	50	506
2093	200772	252155	252157	3	3	2097	1	12	16	12	26	19	51	83	98	438	2	10	7	16	14	35	47	43	305	5	50	506	5068
2094	200870	252278	252280	3	3	2098	1	3	14	21	8	26	1	51	43	711	9	4	5	24	35	3	52	129	115	0	6	68	682
2095	200968	252401	252402	3	3	2099	1	5	0	15	11	9	17	54	72	749	15	0	16	2	27	51	61	216	229	6	68	682	6820
2096	201064	252521	252523	3	3	2100	1	1	7	0	26	3	28	41	200	980	3	2	0	16	9	25	22	98	922	8	82	820	8203
2097	201157	252639	252641	3	3	2101	1	6	5	26	19	9	20	13	59	451	1	15	20	26	27	1	39	177	344	2	20	203	2034
2098	201255	252762	252763	3	3	2102	1	0	6	28	27	17	49	52	80	661	0	18	26	19	8	29	55	240	974	0	3	34	349
2099	201349	252880	252881	3	3	2103	1	14	4	25	13	39	43	5	139	440	8	12	17	8	31	11	15	166	311	3	34	349	3496
2100	201447	253003	253004	3	3	2104	1	13	18	11	8	42	4	62	86	461	5	16	4	24	40	12	85	7	374	4	49	496	4962
2101	201541	253121	253122	3	3	2105	1	15	18	1	8	22	51	96	98	942	11	16	3	24	23	35	86	43	808	9	96	962	9625
2102	201639	253243	253245	3	3	2106	1	14	15	22	13	42	49	53	67	125	8	7	8	8	40	29	58	201	375	6	62	625	6252
2103	201735	253364	253365	3	3	2107	1	15	13	16	22	42	25	8	164	986	11	1	19	4	40	16	24	241	940	2	25	252	2524
2104	201823	253477	253483	87	3*29	2108	1	3	6	16	14	41	28	99	65	324	6	9	0	9	41	17	28	133	945	5	52	524	5245
2105	201926	253604	253606	3	3	2109	1	11	2	11	27	4	47	16	244	747	16	6	4	19	12	23	48	230	223	2	24	245	2451
2106	202022	253725	253726	3	3	2110	1	1	7	20	9	2	58	33	200	574	3	2	2	27	6	56	99	98	713	4	45	451	4517
2107	202118	253845	253847	3	3	2111	1	9	12	11	2	14	49	93	32	925	10	17	4	6	42	29	77	96	757	5	51	517	5174
2108	202214	253965	253967	3	3	2112	1	3	6	26	3	26	9	63	47	511	9	18	20	9	35	27	88	141	524	1	17	174	1749
2109	202305	254081	254083	3	3	2113	1	9	2	25	29	34	51	6	206	45	10	6	17	25	16	35	18	116	135	7	74	749	7493
2110	202403	254204	254205	3	3	2114	1	15	15	21	7	26	16	72	41	518	11	7	5	21	35	48	14	123	545	4	49	493	4939
2111	202501	254326	254328	3	3	2115	1	5	7	13	12	18	1	62	99	705	15	2	10	5	11	3	85	46	97	9	93	939	9399
2112	202597	254447	254448	3	3	2116	1	1	16	20	23	30	58	6	66	493	3	10	2	7	4	56	18	198	470	3	39	399	3996
2113	202693	254567	254569	3	3	2117	1	1	14	20	21	38	40	17	1	92	3	4	2	1	28	2	51	3	276	9	99	996	9965
2114	202781	254681	254682	3	3	2118	1	2	1	8	15	20	4	23	151	604	6	3	24	14	17	12	69	202	803	9	96	965	9651
2115	202884	254808	254809	3	3	2119	1	10	18	5	11	27	12	86	240	206	13	16	15	2	38	36	56	218	618	6	65	651	6514
2116	202976	254924	254930	57	3*19	2120	1	13	12	19	3	29	3	72	184	836	10	0	10	16	19	53	64	197	229	5	51	514	5143
2117	203076	255049	255050	3	3	2121	1	16	5	17	10	1	18	96	95	340	14	15	22	30	3	54	86	34	11	1	14	143	1431
2118	203164	255161	255168	177	3*59	2122	1	4	8	27	28	33	9	63	232	212	11	10	23	27	36	0	41	151	191	4	43	431	4314
2119	203265	255287	255289	3	3	2123	1	1	5	14	0	33	15	33	54	275	3	15	13	0	13	45	99	162	825	3	31	314	3142
2120	203363	255410	255411	3	3	2124	1	16	5	26	12	2	24	4	246	597	14	15	20	5	6	13	12	236	782	1	14	142	1429
2121	203459	255530	255532	3	3	2125	1	15	16	24	23	3	7	64	31	165	11	10	14	7	9	21	91	93	495	4	42	429	4298
2122	203553	255648	255650	3	3	2126	1	2	5	25	8	21	50	39	9	668	6	15	17	24	20	32	16	27	995	2	29	298	2980
2123	203651	255771	255772	3	3	2127	1	8	7	25	10	14	4	17	19	123	7	2	17	30	42	12	51	57	369	9	98	980	9809
2124	203744	255889	255890	3	3	2128	1	15	2	22	17	39	38	47	15	73	11	6	8	20	31	55	40	45	219	8	80	809	8091
2125	203842	256011	256013	3	3	2129	1	12	1	20	29	6	40	71	88	723	2	3	2	25	18	2	11	13	151	0	9	91	919
2126	203936	256130	256131	3	3	2130	1	11	10	14	21	10	17	8	221	272	16	11	13	1	30	51	24	161	816	9	91	919	9190
2127	204034	256252	256254	3	3	2131	1	8	16	26	14	27	4	1	67	592	7	10	20	11	38	12	3	201	767	1	19	190	1906
2128	204130	256373	256374	3	3	2132	1	16	5	4	27	30	36	66	70	284	14	15	12	19	4	49	97	210	852	9	90	906	9065
2129	204223	256491	256492	3	3	2133	1	14	6	6	27	34	48	26	175	290	8	18	18	19	16	26	78	23	870	0	6	65	659
2130	204314	256605	256607	3	3	2134	1	1	1	9	27	10	36	64	24	800	3	3	27	19	30	49	91	72	382	6	65	659	6592
2131	204417	256734	256735	3	3	2135	1	8	10	12	26	35	17	15	175	683	7	11	7	16	19	51	45	23	31	5	59	592	5925
2132	204513	256854	256856	3	3	2136	1	16	6	12	27	37	1	99	110	375	14	18	7	19	25	3	95	79	116	9	92	925	9250
2133	204609	256974	256976	3	3	2137	1	3	18	11	11	41	40	57	236	140	9	16	4	2	37	2	70	206	420	2	25	250	2509
2134	204695	257085	257087	3	3	2138	1	10	16	5	5	23	42	72	231	391	13	10	15	15	26	8	14	191	164	5	50	509	5093
2135	204794	257208	257210	3	3	2139	1	4	13	10	15	24	14	56	234	284	12	1	1	14	29	42	67	200	852	0	9	93	937
2136	204896	257335	257337	3	3	2140	1	3	13	22	23	38	49	1	111	624	9	1	8	7	28	29	3	82	863	9	93	937	9372
2137	204992	257456	257457	3	3	2141	1	3	18	7	1	32	23	55	117	828	9	16	21	3	10	10	64	100	466	3	37	372	3722
2138	205083	257571	257578	87	3*29	2142	1	10	14	5	1	34	32	28	187	528	3	2	0	25	34	11	12	205	531	7	72	722	7221
2139	205179	257692	257693	3	3	2143	1	5	16	25	15	31	10	67	150	702	15	10	17	14	7	30	100	199	88	2	22	221	2216
2140	205280	257817	257818	3	3	2144	1	2	8	28	19	32	21	59	56	562	6	5	26	26	10	4	76	168	677	2	21	216	2169
2141	205375	257937	257939	3	3	2145	1	16	5	19	11	8	20	57	244	800	14	15	28	2	24	1	70	230	382	1	16	169	1696
2142	205471	258058	258059	3	3	2146	1	14	14	16	7	14	8	92	211	178	8	4	19	21	42	24	74	131	534	6	69	696	6964
2143	205565	258176	258177	3	3	2147	1	11	12	27	7	4	54	7	48	927	16	17	23	21	12	44	21	144	763	9	96	964	9646
2144	205661	258296	258298	3	3	2148	1	16	6	2	26	12	3	97	84	497	14	18	6	16	36	9	89	1	482	6	64	646	6461
2145	205759	258419	258420	3	3	2149	1	9	12	21	25	2	17	23	102	43	10	17	5	13	6	51	69	55	129	4	46	461	4615
2146	205855	258539	258541	3	3	2150	1	6	12	8	25	8	6	93	245	465	1	17	24	13	24	18	77	233	386	6	61	615	6151
2147	205948	258657	258659	3	3	2151	1	7	16	15	1	17	29	55	74	571	4	10	16	3	8	28	64	222	704	1	15	151	1515
2148	206046	258780	258781	3	3	2152	1	9	10	18	15	3	40	98	160	217	10	11	25	14	9	2	92	229	651	5	51	515	5157
2149	206140	258898	258899	3	3	2153	1	8	11	14	26	41	39	33	110	948	7	14	13	16	37	58	99	79	826	1	15	157	1570
2150	206238	259020	259022	3	3	2154	1	13	1	15	11	5	35	42	85	357	5	3	16	2	15	46	25	4	62	5	57	570	5709
2151	206331	259138	259140	3	3	2155	1	5	14	3	16	24	31	71	117	674	15	4	9	17	29	34	11	100	4	7	70	709	7098
2152	206429	259261	259263	3	3	2156	1	7	0	9	25	37	40	76	191	212	4	0	27	13	25	2	26	71	636	0	9	98	985
2153	206525	259381	259383	3	3	2157	1	12	7	9	15	29	19	48	201	82	2	2	27	14	1	57	43	101	246	9	98	985	9858
2154	206619	259499	259501	3	3	2158	1	14	5	5	23	23	27	52	123	112	8	15	15	7	26	22	55	118	336	8	85	858	8583
2155	206717	259622	259624	3	3	2159	1	13	6	13	9	1	42	60	181	376	5	18	10	27	3	8	79	41	119	5	58	583	5838
2156	206813	259743	259744	3	3	2160	1	7	1	14	7	34	46	100	248	843	4	3	13	21	16	20	98	242	511	8	83	838	8387
2157	206908	259863	259864	3	3	2161	1	12	18	12	14	4	3	26	245	861	2	16	7	11	12	9	78	233	565	3	38	387	3874
2158	207004	259983	259985	3	3	2162	1	1	14	9	21	36	2	11	125	68	3	4	27	1	22	6	33	124	204	8	87	874	8741
2159	207095	260099	260101	3	3	2163	1	7	12	17	13	21	48	62	88	446	4	17	22	8	20	26	85	13	329	7	74	741	7410
2160	207194	260222	260223	3	3	2164	1	11	14	9	2	18	12	18	247	822	16	4	27	6	11	36	54	239	448	4	41	410	4105
2161	207292	260344	260346	3	3	2165	1	11	15	21	9	6	13	38	232	254	16	7	5	27	18	39	13	194	762	1	10	105	1059
2162	207388	260465	260466	3	3	2166	1	15	2	21	0	16	46	97	4	521	11	6	5	0	5	20	89	12	554	0	5	59	597
2163	207483	260585	260587	3	3	2167	1	5	7	28	1	11	32	26	122	467	15	2	26	3	33	37	78	115	392	5	59	597	5978
2164	207575	260701	260702	3	3	2168	1	15	2	28	4	26	52	54	111	643	11	6	26	12	35	38	61	82	920	9	97	978	9788
2165	207675	260826	260827	3	3	2169	1	13	6	28	0	34	26	4	198	876	5	18	26	0	16	19	12	92	610	7	78	788	7885
2166	207771	260946	260948	3	3	2170	1	0	12	4	15	36	31	77	30	998	0	17	12	14	22	34	29	90	976	8	88	885	8859
2167	207867	261066	261068	3	3	2171	1	2	18	6	15	29	35	52	105	412	6	16	18	14	1	46	55	64	227	8	85	859	8595
2168	207960	261184	261186	3	3	2172	1	6	9	1	28	23	11	44	69	482	1	8	3	22	26	33	31	207	437	5	59	595	5959
2169	208056	261305	261306	3	3	2173	1	15	7	0	29	9	32	65	174	857	11	2	0	25	27	37	94	20	553	9	95	959	9597
2170	208146	261420	261421	3	3	2174	1	14	3	20	10	25	14	50	7	389	8	9	2	30	32	42	49	21	158	5	59	597	5977
2171	208250	261548	261549	3	3	2175	1	15	11	13	2	42	9	27	223	137	11	14	10	6	40	27	81	167	411	9	97	977	9772
2172	208339	261661	261667	87	3*29	2176	1	3	11	5	13	26	16	24	19	599	6	7	0	15	26	35	68	147	654	7	77	772	7729
2173	208437	261784	261790	57	3*19	2177	1	14	13	4	8	3	46	57	172	783	16	0	25	22	42	26	17	15	235	7	72	729	7297
2174	208535	261907	261908	3	3	2178	1	7	1	20	18	4	6	11	185	516	4	3	2	23	12	18	33	53	539	2	29	297	2975
2175	208633	262029	262031	3	3	2179	1	9	4	20	7	14	14	60	212	211	10	12	2	21	42	42	79	134	633	9	97	975	9754
2176	208727	262147	262149	3	3	2180	1	4	5	18	9	37	6	38	132	959	12	15	25	27	25	18	13	145	859	7	75	754	7549
2177	208825	262270	262272	3	3	2181	1	4	5	27	22	12	34	57	157	791	12	15	23	4	36	43	70	220	355	5	54	549	5498
2178	208921	262390	262392	3	3	2182	1	7	16	3	25	5	32	93	150	826	4	10	9	13	15	37	77	199	460	4	49	498	4989
2179	209014	262508	262510	3	3	2183	1	1	5	7	5	38	3	11	163	183	3	15	21	15	28	9	33	238	549	9	98	989	9893
2180	209112	262631	262633	3	3	2184	1	1	7	4	21	8	13	92	50	450	3	2	12	1	24	39	74	150	341	8	89	893	8930
2181	209208	262751	262753	3	3	2185	1	1	10	17	2	15	47	72	162	246	3	11	22	6	2	23	14	235	738	9	93	930	9301
2182	209304	262872	262873	3	3	2186	1	12	1	9	30	28	31	11	113	657	2	3	27	28	41	34	33	88	962	3	30	301	3016
2183	209393	262986	262994	219	3*73	2187	1	2	15	5	28	37	48	42	150	310	13	17	22	25	19	10	7	220	287	0	1	16	161
2184	209491	263108	263109	3	3	2188	1	16	9	22	11	10	50	67	57	169	14	8	8	2	30	32	100	171	507	1	16	161	1617
2185	209589	263231	263232	3	3	2189	1	10	1	4	3	36	19	12	110	336	13	3	12	9	22	57	36	79	1008	6	61	617	6175
2186	209687	263353	263355	3	3	2190	1	7	11	2	12	31	28	84	49	896	4	14	6	5	7	25	50	147	670	1	17	175	1753
2187	209783	263474	263475	3	3	2191	1	5	11	8	25	5	43	86	140	343	15	14	24	13	15	11	56	169	20	7	75	753	7539
2188	209879	263594	263596	3	3	2192	1	16	10	22	18	39	8	96	111	786	14	11	8	23	31	24	86	82	340	5	53	539	5392
2189	209970	263710	263711	3	3	2193	1	4	1	12	20	37	16	2	208	868	12	3	7	29	25	48	6	122	586	3	39	392	3928
2190	210070	263835	263836	3	3	2194	1	10	18	9	22	6	29	10	123	177	13	16	27	4	18	28	30	118	531	9	92	928	9284
2191	210166	263955	263957	3	3	2195	1	8	6	5	8	35	56	9	240	624	7	18	15	24	19	50	27	218	863	2	28	284	2846
2192	210262	264075	264077	3	3	2196	1	7	10	7	17	25	4	44	195	278	4	11	21	20	32	12	31	83	834	8	84	846	8468
2193	210355	264193	264195	3	3	2197	1	16	14	15	2	14	56	48	156	636	14	4	16	6	42	50	43	217	899	4	46	468	4681
2194	210451	264314	264315	3	3	2198	1	11	15	13	27	38	50	17	183	2	16	7	10	19	28	32	51	47	6	6	68	681	6813
2195	210549	264436	264438	3	3	2199	1	8	7	4	30	5	17	7	250	381	7	2	12	28	15	51	21	248	134	8	81	813	8138
2196	210645	264557	264558	3	3	2200	1	16	1	22	12	38	30	97	185	173	14	3	8	5	28	31	89	53	519	1	13	138	1382
2197	210736	264672	264674	3	3	2201	1	13	14	6	13	13	47	27	238	754	5	4	18	8	39	23	81	212	244	3	38	382	3826
2198	210837	264797	264799	3	3	2202	1	1	5	25	30	26	39	30	16	464	3	15	17	28	35	58	90	48	383	8	82	826	8268
2199	210930	264916	264917	3	3	2203	1	5	18	27	3	34	24	84	82	549	15	16	23	9	16	13	50	246	638	2	26	268	2686
2200	211029	265038	265040	3	3	2204	1	16	3	15	5	36	55	66	28	160	14	9	16	15	22	47	97	84	480	6	68	686	6868
2201	211120	265154	265158	15	3*5	2205	1	11	5	10	15	1	33	72	227	227	12	18	5	8	15	23	70	142	378	8	86	868	8683
2202	211220	265279	265280	3	3	2206	1	11	12	19	30	38	53	37	248	185	16	17	28	28	28	41	10	242	555	6	68	683	6838
2203	211316	265399	265401	3	3	2207	1	7	12	6	22	30	22	37	32	151	4	17	18	4	4	7	10	96	453	8	83	838	8386
2204	211409	265517	265519	3	3	2208	1	4	16	23	14	11	30	32	178	423	12	10	11	11	33	31	96	32	260	3	38	386	3868
2205	211508	265640	265642	3	3	2209	1	3	10	21	14	38	47	30	118	366	9	11	5	11	28	23	90	103	89	8	86	868	8689
2206	211603	265760	265762	3	3	2210	1	1	17	26	9	30	2	69	147	684	3	13	20	27	4	6	5	190	34	6	68	689	6894
2207	211699	265881	265882	3	3	2211	1	6	1	1	23	31	24	61	45	505	1	3	3	7	7	13	82	135	506	8	89	894	8942
2208	211795	266001	266003	3	3	2212	1	2	13	24	16	1	58	52	16	465	6	1	14	17	3	56	55	48	386	9	94	942	9427
2209	211886	266117	266118	3	3	2213	1	2	0	20	15	42	38	71	63	329	6	0	2	14	40	55	11	189	987	4	42	427	4277
2210	211976	266232	266233	3	3	2214	1	13	6	18	30	11	22	5	184	690	5	18	25	28	33	7	15	50	52	2	27	277	2774
2211	212082	266362	266364	3	3	2215	1	4	6	11	20	1	18	17	244	530	12	18	4	29	3	54	51	230	581	7	77	774	7741
2212	212178	266482	266484	3	3	2216	1	12	6	27	15	40	55	3	223	336	2	18	23	14	34	47	9	167	1008	7	74	741	7415
2213	212274	266603	266604	3	3	2217	1	9	1	0	23	18	6	81	38	506	10	3	0	7	11	18	41	114	509	4	41	415	4155
2214	212365	266719	266720	3	3	2218	1	5	3	16	30	7	55	27	74	493	15	9	19	28	21	47	81	222	470	1	15	155	1559
2215	212466	266844	266845	3	3	2219	1	1	14	7	20	0	2	87	16	711	3	4	21	29	0	6	59	48	115	5	55	559	5599
2216	212562	266964	266965	3	3	2220	1	9	15	17	1	19	5	35	29	825	10	7	22	3	14	15	4	87	457	5	59	599	5991
2217	212657	267084	267086	3	3	2221	1	6	13	2	18	14	56	46	199	963	1	1	6	23	42	50	37	95	871	9	99	991	9918
2218	212749	267200	267202	3	3	2222	1	8	12	28	26	12	32	6	232	519	7	17	26	16	36	37	18	194	548	9	91	918	9185
2219	212847	267323	267324	3	3	2223	1	5	8	6	30	32	41	53	146	643	15	5	18	28	10	5	58	187	920	1	18	185	1855
2220	212945	267445	267447	3	3	2224	1	7	7	25	1	16	46	53	128	572	4	2	17	3	5	20	58	133	707	8	85	855	8559
2221	213041	267566	267567	3	3	2225	1	12	12	12	5	24	21	97	230	536	2	17	7	15	29	4	89	188	599	5	55	559	5592
2222	213134	267684	267685	3	3	2226	1	14	5	6	7	23	29	8	227	3	8	15	18	21	26	28	24	179	9	5	59	592	5925
2223	213232	267806	267808	3	3	2227	1	13	12	12	2	10	49	66	19	147	5	17	7	6	30	29	97	57	441	9	92	925	9252
2224	213326	267924	267926	3	3	2228	1	15	15	10	6	14	22	14	124	859	11	7	1	18	42	7	42	121	559	2	25	252	2524
2225	213424	268047	268049	3	3	2229	1	12	7	8	0	5	49	82	156	148	2	2	24	0	15	29	44	217	444	5	52	524	5245
2226	213517	268165	268167	3	3	2230	1	7	7	27	9	34	45	73	64	809	4	2	23	27	16	17	17	192	409	2	24	245	2459
2227	213615	268288	268289	3	3	2231	1	5	14	24	5	38	50	100	165	469	15	4	14	15	28	32	98	244	398	4	45	459	4595
2228	213711	268408	268410	3	3	2232	1	4	11	11	15	40	30	97	203	498	12	14	4	14	34	31	89	107	485	5	59	595	5953
2229	213805	268526	268528	3	3	2233	1	9	15	4	12	3	55	63	206	474	10	7	12	5	9	47	88	116	413	9	95	953	9539
2230	213899	268645	268650	57	3*19	2234	1	16	14	5	17	17	31	26	232	286	11	0	24	8	23	56	68	172	158	5	53	539	5395
2231	213999	268769	268771	3	3	2235	1	5	5	16	4	8	54	58	117	18	15	15	19	12	24	44	73	100	54	3	39	395	3959
2232	214095	268890	268891	3	3	2236	1	1	4	16	3	39	19	11	228	598	3	12	19	9	31	57	33	182	785	9	95	959	9594
2233	214190	269010	269012	3	3	2237	1	13	6	28	24	42	35	39	111	149	5	18	26	10	40	46	16	82	447	5	59	594	5943
2234	214282	269126	269127	3	3	2238	1	0	4	14	18	3	29	96	136	185	0	12	13	23	9	28	86	157	555	9	94	943	9431
2235	214380	269248	269250	3	3	2239	1	14	7	2	6	25	10	37	244	320	8	2	6	18	32	30	10	230	960	4	43	431	4310
2236	214478	269371	269373	3	3	2240	1	13	6	6	17	37	45	31	73	218	5	18	18	20	25	17	93	219	654	3	31	310	3104
2237	214574	269491	269493	3	3	2241	1	7	7	25	13	7	6	27	94	489	4	2	17	8	21	18	81	31	458	1	10	104	1049
2238	214669	269612	269613	3	3	2242	1	14	10	3	10	3	33	52	240	487	8	11	9	30	9	40	55	218	452	0	4	49	499
2239	214751	269718	269724	87	3*29	2243	1	5	18	13	12	32	0	55	36	862	10	8	0	21	32	0	38	120	328	4	49	499	4997
2240	214861	269852	269854	3	3	2244	1	10	12	28	21	27	33	91	182	761	13	17	26	1	38	40	71	44	265	9	99	997	9972
2241	214957	269973	269974	3	3	2245	1	11	16	22	23	25	25	51	164	812	16	10	8	7	32	16	52	241	418	9	97	972	9725
2242	215053	270093	270095	3	3	2246	1	1	5	25	18	35	56	3	32	163	3	15	17	23	19	50	9	96	489	7	72	725	7252
2243	215146	270211	270213	3	3	2247	1	12	6	0	2	27	42	48	49	801	2	18	0	6	38	8	43	147	385	2	25	252	2524
2244	215242	270332	270333	3	3	2248	1	4	6	28	8	24	26	89	91	668	12	18	26	24	29	19	65	22	995	5	52	524	5246
2245	215340	270454	270456	3	3	2249	1	4	10	17	22	35	54	17	225	235	12	11	22	4	19	44	51	173	705	2	24	246	2468
2246	215436	270575	270576	3	3	2250	1	7	6	18	6	23	48	39	30	957	4	18	25	18	26	26	16	90	853	4	46	468	4680
2247	215529	270693	270694	3	3	2251	1	1	15	9	7	17	18	59	229	837	3	7	27	21	8	54	76	185	493	6	68	680	6808
2248	215628	270815	270817	3	3	2252	1	1	6	1	30	9	22	1	98	128	3	18	3	28	27	7	3	43	384	8	80	808	8084
2249	215721	270933	270935	3	3	2253	1	7	2	3	8	8	37	26	215	1003	4	6	9	24	24	52	78	143	991	0	8	84	845
2250	215811	271048	271050	3	3	2254	1	12	15	2	16	16	40	45	173	169	2	7	6	17	5	2	34	17	507	8	84	845	8459
2251	215913	271174	271176	3	3	2255	1	2	15	24	30	1	28	22	186	426	6	7	14	28	3	25	66	56	269	4	45	459	4598
2252	216011	271297	271298	3	3	2256	1	9	7	14	2	18	44	46	67	525	10	2	13	6	11	14	37	201	566	5	59	598	5987
2253	216107	271417	271419	3	3	2257	1	16	1	6	27	10	31	44	204	763	14	3	18	19	30	34	31	110	271	9	98	987	9872
2254	216200	271535	271537	3	3	2258	1	15	13	8	13	17	29	62	89	858	11	1	24	8	8	28	85	16	556	8	87	872	8727
2255	216298	271658	271659	3	3	2259	1	5	5	22	8	41	33	99	160	548	15	15	8	24	37	40	95	229	635	7	72	727	7273
2256	216394	271778	271780	3	3	2260	1	16	14	14	9	24	28	65	31	514	14	4	13	27	29	25	94	93	533	2	27	273	2736
2257	216490	271898	271900	3	3	2261	1	15	3	10	13	29	12	75	185	55	11	9	1	8	1	36	23	53	165	7	73	736	7364
2258	216586	272019	272020	3	3	2262	1	10	11	27	22	9	43	58	143	772	13	14	23	4	27	11	73	178	298	3	36	364	3644
2259	216675	272132	272134	3	3	2263	1	7	8	22	15	39	52	39	242	934	4	5	8	14	31	38	16	224	784	6	64	644	6446
2260	216773	272255	272257	3	3	2264	1	3	2	5	11	16	24	53	214	4	9	6	15	2	5	13	58	140	12	4	44	446	4469
2261	216873	272380	272382	3	3	2265	1	12	4	15	9	1	25	0	20	333	2	12	16	27	3	16	0	60	999	4	46	469	4695
2262	216969	272500	272502	3	3	2266	1	4	10	2	2	41	51	69	41	136	12	11	6	6	37	35	5	123	408	6	69	695	6958
2263	217065	272621	272622	3	3	2267	1	8	17	14	3	35	38	14	250	443	7	13	13	9	19	55	42	248	320	9	95	958	9584
2264	217156	272736	272738	3	3	2268	1	2	16	18	29	13	43	53	214	785	6	10	25	25	39	11	58	140	337	5	58	584	5848
2265	217256	272861	272863	3	3	2269	1	2	13	26	4	24	58	95	41	410	6	1	20	12	29	56	83	123	221	8	84	848	8486
2266	217352	272982	272983	3	3	2270	1	1	0	4	12	30	45	100	201	543	3	0	12	5	4	17	98	101	620	4	48	486	4865
2267	217448	273102	273104	3	3	2271	1	8	7	10	23	6	35	23	1	881	7	2	1	7	18	46	69	3	625	8	86	865	8653
2268	217542	273220	273222	3	3	2272	1	10	5	11	29	38	0	43	162	684	13	15	4	25	28	0	28	235	34	6	65	653	6538
2269	217637	273340	273342	3	3	2273	1	4	5	10	3	21	0	91	243	409	12	15	1	9	20	0	71	227	218	5	53	538	5383
2270	217736	273463	273465	3	3	2274	1	11	1	5	11	6	44	54	23	885	16	3	15	2	18	14	61	69	637	3	38	383	3836
2271	217831	273583	273585	3	3	2275	1	7	18	24	26	31	37	10	29	843	4	16	14	16	7	52	30	87	511	8	83	836	8367
2272	217925	273702	273703	3	3	2276	1	4	18	1	2	17	50	89	16	855	12	16	3	6	8	32	65	48	547	3	36	367	3673
2273	218018	273819	273826	87	3*29	2277	1	13	11	17	24	3	20	11	113	841	9	7	0	11	3	29	48	42	519	6	67	673	6736
2274	218116	273942	273944	3	3	2278	1	7	14	28	0	14	27	85	25	327	4	4	26	0	42	22	53	75	981	7	73	736	7362
2275	218215	274065	274066	3	3	2279	1	6	15	16	12	32	28	86	149	629	1	7	19	5	10	25	56	196	878	3	36	362	3622
2276	218308	274183	274185	3	3	2280	1	14	8	13	17	0	54	9	241	378	8	5	10	20	0	44	27	221	125	6	62	622	6222
2277	218406	274306	274307	3	3	2281	1	16	7	27	9	23	26	73	136	992	14	2	23	27	26	19	17	157	958	2	22	222	2226
2278	218502	274426	274428	3	3	2282	1	14	12	10	10	27	17	97	116	828	8	17	1	30	38	51	89	97	466	2	22	226	2262
2279	218596	274544	274546	3	3	2283	1	11	5	16	17	3	10	92	185	459	16	15	19	20	9	30	74	53	368	2	26	262	2626
2280	218694	274667	274668	3	3	2284	1	12	12	9	29	29	30	18	99	442	2	17	27	25	1	31	54	46	317	6	62	626	6260
2281	218789	274787	274789	3	3	2285	1	9	18	22	12	19	55	49	172	317	10	16	8	5	14	47	46	14	951	2	26	260	2609
2282	218885	274907	274909	3	3	2286	1	6	7	19	14	6	23	71	53	960	1	2	28	11	18	10	11	159	862	6	60	609	6099
2283	218981	275028	275029	3	3	2287	1	1	16	24	27	34	44	42	15	610	3	10	14	19	16	14	25	45	821	0	9	99	991
2284	219072	275143	275145	3	3	2288	1	16	15	14	24	37	5	14	10	737	14	7	13	10	25	15	42	30	193	9	99	991	9912
2285	219170	275266	275268	3	3	2289	1	8	6	14	1	31	25	5	208	152	7	18	13	3	7	16	15	122	456	9	91	912	9124
2286	219269	275389	275390	3	3	2290	1	13	18	13	26	9	18	79	44	705	5	16	10	16	27	54	35	132	97	1	12	124	1246
2287	219360	275505	275511	57	3*19	2291	1	4	15	14	21	38	12	15	62	642	7	0	15	19	16	35	47	20	270	2	24	246	2460
2288	219460	275630	275631	3	3	2292	1	7	5	4	11	31	23	26	103	446	4	15	12	2	7	10	78	58	329	4	46	460	4608
2289	219551	275745	275747	3	3	2293	1	10	7	12	1	6	30	22	143	697	13	2	7	3	18	31	66	178	73	6	60	608	6080
2290	219644	275862	275864	3	3	2294	1	2	4	17	19	39	9	79	92	155	6	12	22	26	31	27	35	25	465	0	8	80	805
2291	219748	275991	275992	3	3	2295	1	13	5	13	23	33	15	95	61	15	5	15	10	7	13	45	83	183	45	8	80	805	8051
2292	219843	276111	276113	3	3	2296	1	7	16	11	1	23	12	5	70	633	4	10	4	3	26	36	15	210	890	0	5	51	512
2293	219937	276229	276231	3	3	2297	1	16	5	19	12	10	41	23	2	768	14	15	28	5	30	5	69	6	286	5	51	512	5124
2294	220033	276349	276351	3	3	2298	1	7	9	20	13	4	56	40	2	94	4	8	2	8	12	50	19	6	282	1	12	124	1243
2295	220131	276472	276474	3	3	2299	1	5	10	18	19	5	4	25	112	564	15	11	25	26	15	12	75	85	683	2	24	243	2438
2296	220227	276592	276594	3	3	2300	1	4	1	10	11	22	22	39	233	189	12	3	1	2	23	7	16	197	567	4	43	438	4388
2297	220320	276710	276712	3	3	2301	1	9	10	21	20	16	44	18	51	783	10	11	5	29	5	14	54	153	331	3	38	388	3884
2298	220418	276833	276835	3	3	2302	1	15	16	15	4	25	3	94	142	832	11	10	16	12	32	9	80	175	478	8	88	884	8843
2299	220512	276951	276953	3	3	2303	1	1	1	0	26	32	1	70	149	877	3	3	0	16	10	3	8	196	613	8	84	843	8439
2300	220610	277074	277075	3	3	2304	1	1	11	14	25	6	3	59	17	762	3	14	13	13	18	9	76	51	268	4	43	439	4390
2301	220703	277192	277193	3	3	2305	1	6	6	23	5	25	35	66	125	544	1	18	11	15	32	46	97	124	623	3	39	390	3904
2302	220802	277315	277316	3	3	2306	1	0	10	9	5	9	33	93	131	228	0	11	27	15	27	40	77	142	684	9	90	904	9045
2303	220897	277435	277436	3	3	2307	1	2	6	11	15	33	33	3	50	595	6	18	4	14	13	40	9	150	776	0	4	45	451
2304	220991	277553	277554	3	3	2308	1	6	15	1	26	27	4	17	52	115	1	7	3	16	38	12	51	156	345	4	45	451	4512
2305	221083	277670	277677	201	3*67	2309	1	10	12	25	27	16	55	39	80	265	4	18	8	2	34	22	62	16	797	5	51	512	5124
2306	221185	277796	277798	3	3	2310	1	14	10	16	18	39	35	26	229	256	8	11	19	23	31	46	78	185	768	1	12	124	1244
2307	221276	277911	277918	87	3*29	2311	1	14	7	26	3	20	38	26	158	437	11	1	0	13	20	2	40	192	686	2	24	244	2441
2308	221376	278037	278038	3	3	2312	1	10	18	11	15	27	5	64	245	125	13	16	4	14	38	15	91	233	375	4	44	441	4413
2309	221460	278144	278154	723	3*241	2313	1	4	13	22	2	37	6	4	92	959	2	13	14	20	5	31	64	1	174	4	41	413	4136
2310	221566	278275	278277	3	3	2314	1	7	4	8	8	22	46	7	104	479	4	12	24	24	23	20	21	61	428	1	13	136	1365
2311	221664	278398	278399	3	3	2315	1	9	8	26	7	41	19	17	204	693	10	5	20	21	37	57	51	110	61	3	36	365	3654
2312	221760	278518	278520	3	3	2316	1	3	5	16	14	14	50	43	48	936	9	15	19	11	42	32	28	144	790	6	65	654	6549
2313	221856	278638	278640	3	3	2317	1	4	14	18	21	20	47	4	23	65	12	4	25	1	17	23	12	69	195	5	54	549	5497
2314	221947	278754	278756	3	3	2318	1	3	10	4	13	5	28	56	148	475	9	11	12	8	15	25	67	193	416	4	49	497	4976
2315	222047	278879	278881	3	3	2319	1	5	11	20	10	28	2	61	214	455	15	14	2	30	41	6	82	140	356	9	97	976	9762
2316	222143	279000	279001	3	3	2320	1	1	12	20	9	25	11	44	234	281	3	17	2	27	32	33	31	200	843	7	76	762	7627
2317	222239	279120	279121	3	3	2321	1	1	12	14	0	32	22	12	187	288	3	17	13	0	10	7	36	59	864	6	62	627	6278
2318	222332	279238	279239	3	3	2322	1	16	16	1	25	9	18	90	3	910	14	10	3	13	27	54	68	9	712	2	27	278	2780
2319	222428	279358	279360	3	3	2323	1	2	2	20	20	29	49	32	178	629	6	6	2	29	1	29	96	32	878	7	78	780	7807
2320	222526	279481	279483	3	3	2324	1	9	17	17	0	32	58	50	147	140	10	13	22	0	10	56	49	190	420	8	80	807	8079
2321	222622	279601	279603	3	3	2325	1	16	1	19	15	9	34	75	209	480	14	3	28	14	27	43	23	125	431	0	7	79	797
2322	222713	279717	279719	3	3	2326	1	3	18	26	13	3	42	16	104	603	9	16	20	8	9	8	48	61	800	7	79	797	7977
2323	222814	279842	279844	3	3	2327	1	5	0	26	16	28	41	82	87	659	15	0	20	17	41	5	44	10	968	9	97	977	9771
2324	222907	279960	279962	3	3	2328	1	10	9	28	29	4	58	37	230	432	13	8	26	25	12	56	10	188	287	7	77	771	7715
2325	223005	280083	280084	3	3	2329	1	15	6	9	3	28	38	76	92	485	11	18	27	9	41	55	26	25	446	7	71	715	7156
2326	223096	280198	280202	15	3*5	2330	1	14	1	1	10	19	8	100	165	482	6	15	15	26	27	2	86	216	167	1	15	156	1569
2327	223197	280323	280325	3	3	2331	1	8	1	23	25	25	15	5	56	642	7	3	11	13	32	45	15	168	917	5	56	569	5691
2328	223293	280444	280445	3	3	2332	1	7	18	20	28	40	58	40	204	161	4	16	2	22	34	56	19	110	483	6	69	691	6914
2329	223378	280554	280555	3	3	2333	1	16	12	2	29	35	52	74	146	263	14	17	6	25	19	38	20	187	789	9	91	914	9143
2330	223484	280684	280686	3	3	2334	1	4	15	26	7	19	6	94	145	28	12	7	20	21	14	18	80	184	84	1	14	143	1435
2331	223580	280805	280806	3	3	2335	1	8	13	4	14	33	37	39	235	610	7	1	12	11	13	52	16	203	821	4	43	435	4359
2332	223676	280925	280927	3	3	2336	1	16	15	1	22	24	4	86	217	254	14	7	3	4	29	12	56	149	762	3	35	359	3599
2333	223772	281046	281047	3	3	2337	1	2	2	5	25	30	57	72	97	257	6	6	15	13	4	53	14	40	771	5	59	599	5997
2334	223863	281161	281163	3	3	2338	1	15	17	26	1	12	53	95	160	436	11	13	20	3	36	41	83	229	299	9	99	997	9977
2335	223961	281284	281286	3	3	2339	1	5	10	14	29	41	37	27	116	515	15	11	13	25	37	52	81	97	536	9	97	977	9770
2336	224059	281407	281408	3	3	2340	1	16	6	11	2	21	18	10	162	728	14	18	4	6	20	54	30	235	166	7	77	770	7700
2337	224155	281527	281529	3	3	2341	1	3	12	22	30	21	4	91	242	593	9	17	8	28	20	12	71	224	770	7	70	700	7001
2338	224251	281647	281649	3	3	2342	1	11	18	3	29	6	25	15	91	281	16	16	9	25	18	16	45	22	843	0	0	1	12
2339	224342	281763	281765	3	3	2343	1	3	17	9	11	2	20	62	226	85	9	13	27	2	6	1	85	176	255	0	1	12	129
2340	224442	281888	281890	3	3	2344	1	3	16	7	15	33	57	30	154	21	9	10	21	14	13	53	90	211	63	1	12	129	1296
2341	224533	282004	282010	87	3*29	2345	1	13	9	25	25	34	3	86	47	943	9	4	0	5	34	25	8	73	312	2	29	296	2961
2342	224634	282129	282130	3	3	2346	1	1	11	16	25	37	7	76	240	282	3	14	19	13	25	21	26	218	846	9	96	961	9616
2343	224721	282240	282241	3	3	2347	1	7	10	9	16	9	35	55	160	625	4	11	27	17	27	46	64	229	866	6	61	616	6160
2344	224819	282363	282369	57	3*19	2348	1	7	7	6	2	41	2	27	85	285	8	0	23	21	15	55	24	76	101	1	16	160	1608
2345	224922	282490	282491	3	3	2349	1	16	5	16	22	41	10	95	105	128	14	15	19	4	37	30	83	64	384	6	60	608	6089
2346	225017	282610	282612	3	3	2350	1	14	4	19	8	21	54	76	180	756	8	12	28	24	20	44	26	38	250	0	8	89	894
2347	225111	282728	282730	3	3	2351	1	11	5	2	22	2	36	40	21	866	16	15	6	4	6	49	19	63	580	8	89	894	8944
2348	225209	282851	282852	3	3	2352	1	12	5	21	10	19	34	71	186	67	2	15	5	30	14	43	11	56	201	9	94	944	9441
2349	225302	282969	282971	3	3	2353	1	12	7	19	27	25	22	66	132	674	2	2	28	19	32	7	97	145	4	4	44	441	4416
2350	225401	283092	283093	3	3	2354	1	6	6	17	30	8	50	90	54	773	1	18	22	28	24	32	68	162	301	4	41	416	4169
2351	225494	283210	283211	3	3	2355	1	7	9	21	21	24	12	3	67	211	4	8	5	1	29	36	9	201	633	1	16	169	1694
2352	225592	283332	283334	3	3	2356	1	9	10	12	15	35	57	16	8	558	10	11	7	14	19	53	48	24	665	6	69	694	6948
2353	225688	283453	283454	3	3	2357	1	6	1	15	30	8	34	4	40	865	1	3	16	28	24	43	12	120	577	9	94	948	9486
2354	225782	283571	283572	3	3	2358	1	6	10	3	3	41	1	62	205	899	1	11	9	9	37	3	85	113	679	4	48	486	4868
2355	225880	283693	283695	3	3	2359	1	8	16	9	5	29	58	70	234	655	7	10	27	15	1	56	8	200	956	8	86	868	8685
2356	225976	283814	283815	3	3	2360	1	7	5	9	3	5	11	75	180	333	4	15	27	9	15	33	23	38	999	6	68	685	6855
2357	226071	283934	283936	3	3	2361	1	12	11	25	30	17	30	98	18	521	2	14	17	28	8	31	92	54	554	8	85	855	8555
2358	226167	284054	284056	3	3	2362	1	2	11	13	22	37	44	0	129	982	6	14	10	4	25	14	0	136	928	5	55	555	5558
2359	226258	284170	284172	3	3	2363	1	8	8	11	9	10	45	13	45	28	7	5	4	27	30	17	39	135	84	5	55	558	5584
2360	226356	284293	284294	3	3	2364	1	15	5	14	9	13	24	31	169	26	11	15	13	27	39	13	93	5	78	5	58	584	5848
2361	226455	284416	284417	3	3	2365	1	12	18	9	9	27	29	64	207	822	2	16	27	27	38	28	91	119	448	8	84	848	8484
2362	226550	284536	284537	3	3	2366	1	1	6	19	23	12	6	48	131	358	3	18	28	7	36	18	43	142	65	4	48	484	4840
2363	226646	284656	284658	3	3	2367	1	5	10	16	16	0	40	52	114	670	15	11	19	17	0	2	55	91	1001	8	84	840	8406
2364	226735	284770	284771	3	3	2368	1	12	15	12	3	23	22	99	29	180	2	7	7	9	26	7	95	87	540	4	40	406	4063
2365	226838	284897	284899	3	3	2369	1	11	18	21	14	42	44	39	196	397	16	16	5	11	40	14	16	86	182	0	6	63	635
2366	226934	285017	285019	3	3	2370	1	15	7	28	20	30	42	24	156	343	11	2	26	29	4	8	72	217	20	6	63	635	6353
2367	227029	285138	285139	3	3	2371	1	5	1	4	15	12	11	41	138	674	15	3	12	14	36	33	22	163	4	3	35	353	3534
2368	227123	285256	285257	3	3	2372	1	7	13	23	17	28	26	22	212	802	4	1	11	20	41	19	66	134	388	5	53	534	5342
2369	227211	285368	285370	3	3	2373	1	6	7	20	4	34	39	17	222	449	1	2	2	12	16	58	51	164	338	3	34	342	3422
2370	227317	285499	285500	3	3	2374	1	0	14	6	20	0	5	7	22	499	0	4	18	29	0	15	21	66	488	4	42	422	4220
2371	227413	285619	285621	3	3	2375	1	2	3	5	1	1	17	7	22	40	6	9	15	3	3	51	21	66	120	2	22	220	2207
2372	227506	285737	285739	3	3	2376	1	6	6	0	16	25	19	59	95	327	1	18	0	17	32	57	76	34	981	2	20	207	2072
2373	227604	285860	285861	3	3	2377	1	7	12	24	30	40	32	84	29	218	4	17	14	28	34	37	50	87	654	0	7	72	722
2374	227698	285978	285979	3	3	2378	1	13	10	20	30	24	18	96	229	423	5	11	2	28	29	54	86	185	260	7	72	722	7222
2375	227791	286096	286102	87	3*29	2379	1	14	8	12	15	35	15	67	42	174	11	12	0	3	35	7	72	140	3	2	22	222	2225
2376	227882	286211	286220	489	3*163	2380	1	7	14	6	4	27	48	49	148	954	6	6	5	3	2	49	24	84	348	2	22	225	2258
2377	227988	286341	286343	3	3	2381	1	11	17	13	4	41	40	0	74	227	16	13	10	12	37	2	0	222	681	2	25	258	2582
2378	228083	286462	286463	3	3	2382	1	1	1	20	2	33	56	18	85	643	3	3	2	6	13	50	54	4	920	5	58	582	5828
2379	228177	286580	286581	3	3	2383	1	12	14	18	6	13	40	87	212	118	2	4	25	18	39	2	59	134	354	8	82	828	8284
2380	228275	286702	286704	3	3	2384	1	3	0	27	0	29	25	21	219	923	9	0	23	0	1	16	63	155	751	2	28	284	2848
2381	228371	286823	286824	3	3	2385	1	4	7	3	14	32	34	30	162	958	12	2	9	11	10	43	90	235	856	8	84	848	8488
2382	228467	286943	286945	3	3	2386	1	7	6	6	5	8	0	3	94	405	4	18	18	15	24	0	9	31	206	4	48	488	4886
2383	228562	287063	287065	3	3	2387	1	5	6	4	15	24	36	53	213	777	15	18	12	14	29	49	58	137	313	8	88	886	8864
2384	228651	287177	287178	3	3	2388	1	3	7	18	29	28	24	100	185	970	9	2	25	25	41	13	98	53	892	8	86	864	8648
2385	228749	287299	287301	3	3	2389	1	15	3	5	3	29	54	12	156	712	11	9	15	9	1	44	36	217	118	6	64	648	6481
2386	228850	287424	287426	3	3	2390	1	12	14	17	4	27	32	90	33	338	2	4	22	12	38	37	68	99	5	4	48	481	4815
2387	228946	287545	287546	3	3	2391	1	10	15	28	3	29	49	5	8	325	13	7	26	9	1	29	15	24	975	8	81	815	8158
2388	229042	287665	287667	3	3	2392	1	9	13	20	24	5	4	98	118	1	10	1	2	10	15	12	92	103	3	1	15	158	1584
2389	229133	287781	287782	3	3	2393	1	2	12	14	18	41	12	88	43	955	6	17	13	23	37	36	62	129	847	5	58	584	5845
2390	229233	287906	287907	3	3	2394	1	7	2	8	30	19	51	100	173	743	4	6	24	28	14	35	98	17	211	8	84	845	8456
2391	229329	288026	288028	3	3	2395	1	5	7	22	17	30	15	4	35	870	15	2	8	20	4	45	12	105	592	4	45	456	4560
2392	229425	288147	288148	3	3	2396	1	16	12	10	13	18	52	50	53	581	14	17	1	8	11	38	49	159	734	5	56	560	5602
2393	229518	288265	288266	3	3	2397	1	3	5	25	2	20	9	20	138	325	9	15	17	6	17	27	60	163	975	6	60	602	6028
2394	229614	288385	288387	3	3	2398	1	2	10	1	7	9	33	44	44	446	6	11	3	21	27	40	31	132	329	0	2	28	285
2395	229712	288508	288509	3	3	2399	1	8	18	7	21	1	9	98	67	605	7	16	21	1	3	27	92	201	806	2	28	285	2850
2396	229808	288628	288630	3	3	2400	1	7	7	17	23	9	53	50	97	29	4	2	22	7	27	41	49	40	87	8	85	850	8506
2397	229902	288746	288748	3	3	2401	1	16	7	13	16	35	16	76	85	140	14	2	10	17	19	48	26	4	420	5	50	506	5060
2398	230000	288869	288870	3	3	2402	1	4	14	4	10	2	1	82	177	498	12	4	12	30	6	3	44	29	485	0	6	60	601
2399	230093	288987	288988	3	3	2403	1	5	6	16	8	12	53	51	231	223	15	18	19	24	36	41	52	191	669	6	60	601	6016
2400	230191	289109	289111	3	3	2404	1	16	18	5	22	23	13	14	161	679	14	16	15	4	26	39	42	232	19	0	1	16	168
2401	230281	289223	289229	57	3*19	2405	1	7	11	14	3	19	5	34	110	660	8	0	15	16	8	49	19	246	287	1	16	168	1684
2402	230377	289344	289352	219	3*73	2406	1	7	11	9	6	18	6	86	138	464	3	15	28	12	29	16	48	102	716	6	68	684	6842
2403	230473	289465	289472	177	3*59	2407	1	1	2	15	21	8	51	81	128	162	7	12	16	28	40	0	96	66	422	8	84	842	8427
2404	230572	289588	289590	3	3	2408	1	10	5	21	8	17	29	52	219	843	13	15	5	24	8	28	55	155	511	4	42	427	4273
2405	230670	289711	289713	3	3	2409	1	3	5	19	11	11	48	76	86	352	9	15	28	2	33	26	26	7	47	2	27	273	2739
2406	230766	289832	289833	3	3	2410	1	11	16	6	26	4	58	25	138	388	16	10	18	16	12	56	75	163	155	7	73	739	7394
2407	230862	289952	289953	3	3	2411	1	7	6	28	2	2	32	2	203	362	4	18	26	6	6	37	6	107	77	3	39	394	3945
2408	230958	290072	290074	3	3	2412	1	3	7	21	27	14	17	55	91	272	9	2	5	19	42	51	64	22	816	9	94	945	9452
2409	231041	290180	290182	3	3	2413	1	11	18	26	19	30	17	25	22	754	16	16	20	26	4	51	75	66	244	4	45	452	4522
2410	231147	290311	290312	3	3	2414	1	7	4	6	14	41	8	69	73	543	4	12	18	11	37	24	5	219	620	5	52	522	5226
2411	231245	290433	290435	3	3	2415	1	6	12	24	9	1	50	24	230	428	1	17	14	27	3	32	72	188	275	2	22	226	2267
2412	231341	290554	290555	3	3	2416	1	2	16	7	13	18	37	75	27	245	6	10	21	8	11	52	23	81	735	2	26	267	2674
2413	231437	290674	290676	3	3	2417	1	16	5	21	22	30	1	75	142	537	14	15	5	4	4	3	23	175	602	6	67	674	6746
2414	231528	290790	290791	3	3	2418	1	6	5	19	13	17	49	97	173	954	1	15	28	8	8	29	89	17	844	7	74	746	7467
2415	231629	290915	290916	3	3	2419	1	4	11	27	27	6	11	15	79	303	12	14	23	19	18	33	45	237	909	4	46	467	4676
2416	231724	291035	291037	3	3	2420	1	12	10	0	9	27	42	63	204	949	2	11	0	27	38	8	88	110	829	6	67	676	6767
2417	231820	291155	291157	3	3	2421	1	9	6	23	2	35	10	60	37	276	10	18	11	6	19	30	79	111	828	7	76	767	7678
2418	231914	291273	291275	3	3	2422	1	8	15	13	13	26	39	33	188	186	7	7	10	8	35	58	99	62	558	6	67	678	6788
2419	232009	291394	291395	3	3	2423	1	7	5	15	21	12	3	85	43	717	4	15	16	1	36	9	53	129	133	7	78	788	7889
2420	232108	291517	291518	3	3	2424	1	9	10	2	4	36	48	56	57	78	10	11	6	12	22	26	67	171	234	8	88	889	8895
2421	232203	291637	291638	3	3	2425	1	6	13	4	12	2	54	16	183	440	1	1	12	5	6	44	48	47	311	8	89	895	8952
2422	232297	291755	291756	3	3	2426	1	6	15	6	17	35	31	30	155	510	1	7	18	20	19	34	90	214	521	9	95	952	9525
2423	232395	291878	291879	3	3	2427	1	8	7	25	21	19	44	86	152	258	7	2	17	1	14	14	56	205	774	5	52	525	5252
2424	232489	291996	291997	3	3	2428	1	15	4	14	3	20	17	55	177	121	11	12	13	9	17	51	64	29	363	2	25	252	2521
2425	232587	292118	292120	3	3	2429	1	12	8	1	11	23	48	63	22	801	2	5	3	2	26	26	88	66	385	5	52	521	5213
2426	232680	292236	292238	3	3	2430	1	14	1	14	30	27	54	20	146	468	8	3	13	28	38	44	60	187	395	2	21	213	2138
2427	232778	292359	292361	3	3	2431	1	13	14	21	10	7	48	66	174	568	5	4	5	30	21	26	97	20	695	1	13	138	1385
2428	232874	292479	292481	3	3	2432	1	7	3	8	14	27	53	34	101	784	4	9	24	11	38	41	1	52	334	3	38	385	3852
2429	232968	292597	292599	3	3	2433	1	16	6	27	0	6	49	97	230	972	14	18	23	0	18	29	89	188	898	8	85	852	8522
2430	233066	292720	292722	3	3	2434	1	1	12	24	12	41	0	62	51	383	3	17	14	5	37	0	85	153	140	5	52	522	5225
2431	233162	292840	292842	3	3	2435	1	5	12	11	23	25	35	63	115	459	15	17	4	7	32	46	88	94	368	2	22	225	2254
2432	233257	292961	292962	3	3	2436	1	4	4	20	9	35	5	27	180	43	12	12	2	27	19	15	81	38	129	2	25	254	2549
2433	233353	293081	293083	3	3	2437	1	11	10	8	10	37	20	82	181	218	16	11	24	30	25	1	44	41	654	5	54	549	5499
2434	233444	293197	293198	3	3	2438	1	4	6	25	22	24	4	13	245	512	12	18	17	4	29	12	39	233	527	4	49	499	4995
2435	233543	293320	293321	3	3	2439	1	1	4	9	12	37	17	43	149	509	3	12	27	5	25	51	28	196	518	9	99	995	9954
2436	233641	293442	293444	3	3	2440	1	1	13	28	12	33	35	73	146	773	3	1	26	5	13	46	17	187	301	9	95	954	9546
2437	233736	293563	293564	3	3	2441	1	13	0	2	14	38	22	13	225	1	5	0	6	11	28	7	39	173	3	5	54	546	5466
2438	233832	293683	293685	3	3	2442	1	0	7	10	27	32	21	82	15	422	0	2	1	19	10	4	44	45	257	4	46	466	4666
2439	233923	293799	293800	3	3	2443	1	13	1	13	24	36	37	12	190	760	5	3	10	10	22	52	36	68	262	6	66	666	6667
2440	234024	293924	293925	3	3	2444	1	13	6	25	5	1	15	41	100	354	5	18	17	15	3	45	22	49	53	6	66	667	6672
2441	234120	294044	294046	3	3	2445	1	7	1	3	26	32	14	15	186	406	4	3	9	16	10	42	45	56	209	6	67	672	6727
2442	234211	294159	294166	87	3*29	2446	1	4	17	18	2	24	13	7	187	921	8	16	0	19	24	10	3	205	416	7	72	727	7278
2443	234309	294282	294284	3	3	2447	1	3	18	23	27	20	1	88	63	401	9	16	11	19	17	3	62	189	194	2	27	278	2782
2444	234405	294403	294404	3	3	2448	1	2	3	16	5	4	27	73	38	272	6	9	19	15	12	22	17	114	816	7	78	782	7823
2445	234503	294525	294527	3	3	2449	1	11	13	25	15	17	33	21	80	832	16	1	17	14	8	40	63	240	478	8	82	823	8239
2446	234599	294646	294647	3	3	2450	1	1	15	0	23	2	45	80	157	314	3	7	0	7	6	17	38	220	942	2	23	239	2398
2447	234688	294759	294761	3	3	2451	1	10	14	22	1	41	23	49	166	782	13	4	8	3	37	10	46	247	328	3	39	398	3986
2448	234790	294886	294888	3	3	2452	1	3	7	17	29	42	6	11	197	581	9	2	22	25	40	18	33	89	734	9	98	986	9864
2449	234876	294997	294998	3	3	2453	1	11	13	3	2	14	50	39	83	809	16	1	9	6	42	32	16	249	409	8	86	864	8645
2450	234982	295127	295129	3	3	2454	1	7	6	16	19	33	42	15	233	140	4	18	19	26	13	8	45	197	420	6	64	645	6456
2451	235069	295238	295247	375	3*5^3	2455	1	3	13	20	27	32	40	18	38	906	3	11	18	19	3	14	84	194	726	4	45	456	4565
2452	235174	295368	295369	3	3	2456	1	1	18	15	7	34	16	2	210	792	3	16	16	21	16	48	6	128	358	5	56	565	5659
2453	235269	295488	295490	3	3	2457	1	1	7	14	4	37	18	63	57	285	3	2	13	12	25	54	88	171	855	6	65	659	6596
2454	235363	295606	295608	3	3	2458	1	16	7	24	26	23	27	60	75	710	14	2	14	16	26	22	79	225	112	5	59	596	5961
2455	235461	295729	295731	3	3	2459	1	10	14	14	25	29	9	14	117	623	13	4	13	13	1	27	42	100	860	9	96	961	9611
2456	235557	295849	295851	3	3	2460	1	9	11	6	25	1	7	37	164	816	10	14	18	13	3	21	10	241	430	6	61	611	6116
2457	235653	295970	295971	3	3	2461	1	16	18	11	5	34	21	87	206	650	14	16	4	15	16	4	59	116	941	1	11	116	1163
2458	235744	296086	296092	57	3*19	2462	1	12	18	21	22	7	15	3	226	4	4	0	8	14	12	29	70	81	228	1	16	163	1635
2459	235840	296206	296207	3	3	2463	1	7	4	11	30	41	8	42	200	432	4	12	4	28	37	24	25	98	287	6	63	635	6354
2460	235938	296328	296330	3	3	2464	1	10	16	2	27	19	39	87	49	46	13	10	6	19	14	58	59	147	138	3	35	354	3548
2461	236036	296451	296453	3	3	2465	1	15	6	27	18	4	38	77	109	564	11	18	23	23	12	55	29	76	683	5	54	548	5488
2462	236132	296571	296573	3	3	2466	1	10	5	24	25	6	3	17	22	93	13	15	14	13	18	9	51	66	279	4	48	488	4886
2463	236228	296692	296693	3	3	2467	1	8	16	9	15	16	0	13	92	219	7	10	27	14	5	0	39	25	657	8	88	886	8862
2464	236319	296808	296809	3	3	2468	1	3	1	18	17	40	1	86	61	412	9	3	25	20	34	3	56	183	227	8	86	862	8623
2465	236419	296933	296934	3	3	2469	1	12	7	2	9	5	27	82	245	999	2	2	6	27	15	22	44	233	979	6	62	623	6230
2466	236515	297053	297054	3	3	2470	1	4	10	14	7	34	51	46	110	695	12	11	13	21	16	35	37	79	67	2	23	230	2305
2467	236611	297173	297175	3	3	2471	1	8	1	15	14	36	32	74	161	836	7	3	16	11	22	37	20	232	490	3	30	305	3057
2468	236702	297289	297291	3	3	2472	1	2	2	8	12	39	43	20	159	476	6	6	24	5	31	11	60	226	419	0	5	57	577
2469	236800	297412	297413	3	3	2473	1	14	7	24	3	23	51	51	148	46	8	2	14	9	26	35	52	193	138	5	57	577	5774
2470	236898	297534	297536	3	3	2474	1	1	5	10	10	2	23	89	184	601	3	15	1	30	6	10	65	50	794	7	77	774	7745
2471	236994	297655	297656	3	3	2475	1	8	11	26	9	41	42	11	66	201	7	14	20	27	37	8	33	198	603	7	74	745	7456
2472	237088	297773	297774	3	3	2476	1	10	6	10	0	17	34	51	148	141	13	18	1	0	8	43	52	193	423	4	45	456	4564
2473	237186	297895	297897	3	3	2477	1	3	10	5	1	29	5	20	4	607	9	11	15	3	1	15	60	12	812	5	56	564	5649
2474	237279	298013	298015	3	3	2478	1	9	5	28	20	20	57	84	167	448	10	15	26	29	17	53	50	250	335	6	64	649	6498
2475	237377	298136	298138	3	3	2479	1	7	18	5	0	20	23	51	14	727	4	16	15	0	17	10	52	42	163	4	49	498	4980
2476	237466	298249	298256	87	3*29	2480	1	6	10	11	14	17	34	47	198	933	12	15	0	9	17	8	49	158	451	9	98	980	9803
2477	237569	298377	298378	3	3	2481	1	3	10	24	15	13	13	87	131	145	9	11	14	14	39	39	59	142	435	8	80	803	8035
2478	237665	298497	298499	3	3	2482	1	1	13	16	16	12	37	24	70	834	3	1	19	17	36	52	72	210	484	0	3	35	355
2479	237758	298615	298617	3	3	2483	1	8	15	13	29	1	22	16	107	375	7	7	10	25	3	7	48	70	116	3	35	355	3559
2480	237856	298738	298739	3	3	2484	1	2	7	27	3	18	24	5	213	693	6	2	23	9	11	13	15	137	61	5	55	559	5593
2481	237952	298858	298860	3	3	2485	1	16	1	10	2	8	57	89	73	864	14	3	1	6	24	53	65	219	574	5	59	593	5936
2482	238048	298979	298980	3	3	2486	1	14	8	22	25	15	58	96	41	194	8	5	8	13	2	56	86	123	582	9	93	936	9363
2483	238144	299099	299101	3	3	2487	1	4	5	9	28	28	16	24	65	315	12	15	27	22	41	48	72	195	945	3	36	363	3634
2484	238235	299215	299216	3	3	2488	1	10	15	9	16	10	47	15	215	696	13	7	27	17	30	23	45	143	70	6	63	634	6345
2485	238333	299337	299339	3	3	2489	1	12	12	27	20	7	44	86	8	811	2	17	23	29	21	14	56	24	415	3	34	345	3456
2486	238431	299460	299462	3	3	2490	1	6	11	24	14	8	38	7	8	327	1	14	14	11	24	55	21	24	981	4	45	456	4568
2487	238527	299580	299582	3	3	2491	1	1	12	2	22	31	16	84	55	618	3	17	6	4	7	48	50	165	845	5	56	568	5681
2488	238623	299701	299702	3	3	2492	1	9	12	12	25	5	14	70	75	231	10	17	7	13	15	42	8	225	693	6	68	681	6817
2489	238704	299806	299808	3	3	2493	1	1	6	20	11	9	54	43	96	1003	3	18	2	2	27	44	28	37	991	8	81	817	8174
2490	238815	299941	299943	3	3	2494	1	13	10	5	21	22	27	34	136	620	5	11	15	1	23	22	1	157	851	1	17	174	1743
2491	238910	300062	300063	3	3	2495	1	8	17	4	2	6	12	9	64	286	7	13	12	6	18	36	27	192	858	7	74	743	7432
2492	239006	300182	300184	3	3	2496	1	7	1	10	30	35	12	77	234	575	4	3	1	28	19	36	29	200	716	4	43	432	4324
2493	239100	300300	300302	3	3	2497	1	16	14	18	12	5	34	12	13	637	14	4	25	5	15	43	36	39	902	3	32	324	3241
2494	239196	300421	300422	3	3	2498	1	14	0	20	24	14	24	11	115	714	8	0	2	10	42	13	33	94	124	2	24	241	2411
2495	239294	300543	300545	3	3	2499	1	13	7	11	15	18	37	62	231	699	5	2	4	14	11	52	85	191	79	4	41	411	4112
2496	239389	300664	300665	3	3	2500	1	7	6	8	12	5	6	28	236	337	4	18	24	5	15	18	84	206	2	1	11	112	1125
2497	239483	300782	300783	3	3	2501	1	16	5	20	5	42	24	18	46	527	14	15	2	15	40	13	54	138	572	1	12	125	1251
2498	239581	300904	300906	3	3	2502	1	1	1	18	18	24	20	85	9	31	3	3	25	23	29	1	53	27	93	2	25	251	2515
2499	239668	301015	301024	393	3*131	2503	1	10	2	4	1	37	49	57	24	461	3	7	6	21	7	23	80	145	562	5	51	515	5150
2500	239773	301145	301147	3	3	2504	1	4	14	18	22	41	22	91	104	833	12	4	25	4	37	7	71	61	481	1	15	150	1507
2501	239866	301263	301265	3	3	2505	1	9	3	3	14	33	5	12	7	907	10	9	9	11	13	15	36	21	703	5	50	507	5076
2502	239964	301386	301387	3	3	2506	1	15	13	0	17	25	57	89	234	768	11	1	0	20	32	53	65	200	286	0	7	76	760
2503	240060	301506	301508	3	3	2507	1	5	15	14	10	38	5	12	181	248	15	7	13	30	28	15	36	41	744	7	76	760	7606
2504	240154	301624	301626	3	3	2508	1	7	8	23	27	6	23	13	202	243	4	5	11	19	18	10	39	104	729	6	60	606	6069
2505	240252	301747	301748	3	3	2509	1	13	7	9	30	12	12	3	134	219	5	2	27	28	36	36	9	151	657	0	6	69	694
2506	240348	301867	301869	3	3	2510	1	0	12	11	12	38	27	7	28	724	0	17	4	5	28	22	21	84	154	6	69	694	6947
2507	240443	301987	301989	3	3	2511	1	2	6	5	15	30	43	92	30	963	6	18	15	14	4	11	74	90	871	9	94	947	9479
2508	240539	302108	302109	3	3	2512	1	13	12	22	30	31	46	91	214	821	5	17	8	28	7	20	71	140	445	4	47	479	4794
2509	240628	302221	302223	3	3	2513	1	4	12	5	15	32	19	66	8	141	12	17	15	14	10	57	97	24	423	7	79	794	7945
2510	240721	302339	302345	87	3*29	2514	1	9	15	7	3	40	26	24	63	69	1	13	0	13	40	20	68	210	958	9	94	945	9451
2511	240827	302469	302470	3	3	2515	1	15	16	11	3	30	7	84	157	507	11	10	4	9	4	21	50	220	512	4	45	451	4510
2512	240922	302589	302591	3	3	2516	1	10	14	20	30	1	32	42	89	288	13	4	2	28	3	37	25	16	864	5	51	510	5109
2513	241018	302710	302711	3	3	2517	1	11	11	11	22	40	45	50	185	633	16	14	4	4	34	17	49	53	890	1	10	109	1096
2514	241109	302825	302827	3	3	2518	1	15	3	8	9	42	3	61	182	587	11	9	24	27	40	9	82	44	752	0	9	96	965
2515	241206	302946	302952	57	3*19	2519	1	13	0	10	4	16	8	25	152	892	10	0	19	11	9	43	11	130	394	9	96	965	9659
2516	241306	303071	303072	3	3	2520	1	3	5	18	9	0	6	29	33	797	9	15	25	27	0	18	87	99	373	6	65	659	6596
2517	241402	303191	303193	3	3	2521	1	4	4	13	23	19	2	82	144	394	12	12	10	7	14	6	44	181	173	5	59	596	5960
2518	241495	303309	303311	3	3	2522	1	15	5	4	28	20	23	81	213	627	11	15	12	22	17	10	41	137	872	9	96	960	9609
2519	241591	303429	303431	3	3	2523	1	1	1	4	13	17	8	64	180	638	3	3	12	8	8	24	91	38	905	6	60	609	6094
2520	241689	303552	303554	3	3	2524	1	1	16	14	14	31	0	50	171	813	3	10	13	11	7	0	49	11	421	0	9	94	940
2521	241785	303672	303674	3	3	2525	1	1	6	5	20	16	30	50	238	668	3	18	15	29	5	31	49	212	995	9	94	940	9402
2522	241878	303790	303792	3	3	2526	1	16	9	20	3	22	43	87	208	174	14	8	2	9	23	11	59	122	522	4	40	402	4025
2523	241976	303913	303915	3	3	2527	1	10	10	17	23	29	16	68	176	488	13	11	22	7	1	48	2	26	455	0	2	25	252
2524	242070	304031	304033	3	3	2528	1	12	4	27	26	2	24	65	127	962	2	12	23	16	6	13	94	130	868	2	25	252	2522
2525	242168	304154	304155	3	3	2529	1	16	12	12	20	27	0	21	0	418	14	17	7	29	38	0	63	0	245	5	52	522	5228
2526	242262	304272	304273	3	3	2530	1	15	7	11	25	1	43	0	164	305	11	2	4	13	3	11	0	241	915	2	22	228	2288
2527	242360	304395	304396	3	3	2531	1	5	5	24	18	41	43	39	242	91	15	15	14	23	37	11	16	224	273	2	28	288	2887
2528	242456	304515	304517	3	3	2532	1	16	11	9	30	38	54	34	126	630	14	14	27	28	28	44	1	127	881	8	88	887	8879
2529	242541	304625	304627	3	3	2533	1	3	4	9	7	29	4	55	235	29	9	12	27	21	1	12	64	203	87	8	87	879	8797
2530	242647	304756	304757	3	3	2534	1	10	10	23	1	15	11	58	174	802	13	11	11	3	2	33	73	20	388	7	79	797	7971
2531	242743	304876	304878	3	3	2535	1	8	6	20	5	22	21	84	142	252	7	18	2	15	23	4	50	175	756	9	97	971	9710
2532	242839	304996	304998	3	3	2536	1	7	18	12	4	8	15	39	35	665	4	16	7	12	24	45	16	105	986	7	71	710	7108
2533	242935	305117	305118	3	3	2537	1	12	6	26	2	39	16	42	82	13	2	18	20	6	31	48	25	246	39	1	10	108	1089
2534	243026	305232	305234	3	3	2538	1	9	8	28	26	12	37	61	234	518	10	5	26	16	36	52	82	200	545	0	8	89	893
2535	243124	305355	305357	3	3	2539	1	5	14	6	0	15	12	5	246	642	15	4	18	0	2	36	15	236	917	8	89	893	8931
2536	243222	305478	305479	3	3	2540	1	16	18	5	14	39	57	14	70	486	14	16	15	11	31	53	42	210	449	9	93	931	9314
2537	243318	305598	305600	3	3	2541	1	2	7	12	5	37	24	56	155	861	6	2	7	15	25	13	67	214	565	3	31	314	3145
2538	243414	305718	305720	3	3	2542	1	1	1	12	15	7	40	32	237	822	3	3	7	14	21	2	96	209	448	1	14	145	1456
2539	243505	305834	305836	3	3	2543	1	1	14	19	21	7	15	84	35	101	3	4	28	1	21	45	50	105	303	4	45	456	4566
2540	243605	305959	305961	3	3	2544	1	16	5	22	13	16	43	64	90	966	14	15	8	8	5	11	91	19	880	5	56	566	5669
2541	243701	306080	306081	3	3	2545	1	3	14	3	4	27	41	95	201	123	9	4	9	12	38	5	83	101	369	6	66	669	6691
2542	243797	306200	306201	3	3	2546	1	11	3	22	3	25	48	39	102	191	16	9	8	9	32	26	16	55	573	6	69	691	6913
2543	243890	306318	306320	3	3	2547	1	15	6	13	11	7	14	98	43	210	11	18	10	2	21	42	92	129	630	9	91	913	9136
2544	243981	306433	306440	87	3*29	2548	1	6	1	9	17	38	30	64	238	163	12	11	0	22	38	14	13	124	55	1	13	136	1368
2545	244084	306561	306563	3	3	2549	1	3	12	16	30	34	28	6	200	31	9	17	19	28	16	25	18	98	93	3	36	368	3686
2546	244180	306681	306683	3	3	2550	1	1	4	28	17	35	27	67	36	602	3	12	26	20	19	22	100	108	797	6	68	686	6867
2547	244274	306799	306801	3	3	2551	1	8	2	27	15	39	3	1	169	496	7	6	23	14	31	9	3	5	479	8	86	867	8672
2548	244372	306922	306924	3	3	2552	1	2	17	16	10	42	12	19	139	98	6	13	19	30	40	36	57	166	294	6	67	672	6722
2549	244465	307040	307042	3	3	2553	1	10	4	27	7	19	42	88	228	286	13	12	23	21	14	8	62	182	858	7	72	722	7228
2550	244563	307163	307164	3	3	2554	1	14	13	10	21	40	44	38	195	934	8	1	1	1	34	14	13	83	784	2	22	228	2287
2551	244657	307281	307282	3	3	2555	1	11	0	10	17	8	34	60	123	883	16	0	1	20	24	43	79	118	631	2	28	287	2874
2552	244755	307403	307405	3	3	2556	1	12	7	8	18	5	3	27	94	945	2	2	24	23	15	9	81	31	817	8	87	874	8748
2553	244851	307524	307525	3	3	2557	1	9	6	17	10	18	26	38	138	152	10	18	22	30	11	19	13	163	456	7	74	748	7489
2554	244944	307642	307643	3	3	2558	1	8	5	21	8	2	3	52	141	319	7	15	5	24	6	9	55	172	957	4	48	489	4894
2555	245042	307765	307766	3	3	2559	1	1	1	12	22	42	56	11	250	839	3	3	7	4	40	50	33	248	499	8	89	894	8940
2556	245138	307885	307886	3	3	2560	1	9	18	15	6	41	43	5	77	3	10	16	16	18	37	11	15	231	9	9	94	940	9405
2557	245234	308005	308007	3	3	2561	1	6	14	15	4	24	5	20	149	950	1	4	16	12	29	15	60	196	832	4	40	405	4056
2558	245330	308126	308127	3	3	2562	1	13	15	9	30	29	57	32	19	548	5	7	27	28	1	53	96	57	635	0	5	56	560
2559	245421	308241	308243	3	3	2563	1	1	18	5	14	21	22	81	91	877	3	16	15	11	20	7	41	22	613	5	56	560	5601
2560	245519	308364	308366	3	3	2564	1	15	3	5	27	29	32	19	116	258	11	9	15	19	1	37	57	97	774	6	60	601	6010
2561	245617	308487	308488	3	3	2565	1	12	2	13	26	13	22	66	93	970	2	6	10	16	39	7	97	28	892	0	1	10	101
2562	245713	308607	308609	3	3	2566	1	2	7	14	2	1	4	93	101	245	6	2	13	6	3	12	77	52	735	1	10	101	1015
2563	245809	308727	308729	3	3	2567	1	13	12	12	27	41	23	40	6	357	5	17	7	19	37	10	19	18	62	0	1	15	150
2564	245900	308843	308845	3	3	2568	1	3	1	5	15	10	27	67	48	911	9	3	15	14	30	22	100	144	715	1	15	150	1503
2565	246001	308968	308970	3	3	2569	1	12	12	19	8	24	53	52	77	154	2	17	28	24	29	41	55	231	462	5	50	503	5033
2566	246096	309088	309090	3	3	2570	1	1	18	16	9	24	32	53	238	1005	3	16	19	27	29	37	58	212	997	0	3	33	330
2567	246192	309209	309210	3	3	2571	1	5	7	21	13	30	34	24	145	271	15	2	5	8	4	43	72	184	813	3	33	330	3308
2568	246278	309319	309321	3	3	2572	1	11	11	18	25	28	17	10	84	380	16	14	25	13	41	51	30	1	131	3	30	308	3086
2569	246382	309447	309449	3	3	2573	1	9	18	23	3	38	50	19	214	918	10	16	11	9	28	32	57	140	736	0	8	86	861
2570	246480	309570	309571	3	3	2574	1	15	11	4	27	19	51	12	249	850	11	14	12	19	14	35	36	245	532	8	86	861	8617
2571	246576	309690	309692	3	3	2575	1	5	18	28	9	6	11	16	249	653	15	16	26	27	18	33	48	245	950	6	61	617	6179
2572	246662	309802	309808	57	3*19	2576	1	16	16	3	25	37	56	35	100	478	11	0	26	30	2	6	76	178	3	1	17	179	1792
2573	246767	309931	309933	3	3	2577	1	13	5	6	3	42	35	85	65	784	5	15	18	9	40	46	53	195	334	7	79	792	7928
2574	246861	310049	310051	3	3	2578	1	0	16	1	21	26	42	78	22	781	0	10	3	1	35	8	32	66	325	9	92	928	9286
2575	246959	310172	310173	3	3	2579	1	2	6	0	4	27	24	2	22	420	6	18	0	12	38	13	6	66	251	2	28	286	2868
2576	247050	310287	310291	15	3*5	2580	1	8	4	23	29	3	47	57	119	129	1	3	26	1	2	56	47	28	926	8	86	868	8680
2577	247150	310412	310414	3	3	2581	1	7	16	13	23	0	57	46	66	699	4	10	10	7	0	53	37	198	79	6	68	680	6809
2578	247241	310528	310534	87	3*29	2582	1	4	12	28	5	26	54	26	173	4	8	18	0	1	26	37	40	242	348	8	80	809	8092
2579	247340	310651	310652	3	3	2583	1	3	9	21	3	14	19	72	238	337	9	8	5	9	42	57	14	212	2	0	9	92	920
2580	247438	310773	310775	3	3	2584	1	10	10	13	11	15	42	38	205	943	13	11	10	2	2	8	13	113	811	9	92	920	9208
2581	247534	310894	310895	3	3	2585	1	11	1	20	26	29	26	4	113	142	16	3	2	16	1	19	12	88	426	2	20	208	2087
2582	247629	311014	311016	3	3	2586	1	1	12	3	10	19	16	13	169	250	3	17	9	30	14	48	39	5	750	0	8	87	874
2583	247725	311134	311136	3	3	2587	1	9	16	27	14	6	58	42	243	593	10	10	23	11	18	56	25	227	770	8	87	874	8747
2584	247816	311250	311252	3	3	2588	1	11	4	21	0	22	11	8	33	81	16	12	5	0	23	33	24	99	243	7	74	747	7476
2585	247915	311373	311374	3	3	2589	1	11	6	7	21	13	33	21	233	248	16	18	21	1	39	40	63	197	744	4	47	476	4760
2586	248013	311496	311497	3	3	2590	1	7	11	4	23	26	20	54	46	479	4	14	12	7	35	1	61	138	428	7	76	760	7609
2587	248109	311616	311617	3	3	2591	1	5	10	17	9	9	27	63	50	418	15	11	22	27	27	22	88	150	245	6	60	609	6091
2588	248204	311736	311738	3	3	2592	1	1	6	9	10	34	38	96	187	225	3	18	27	30	16	55	86	59	675	0	9	91	917
2589	248296	311852	311854	3	3	2593	1	15	3	3	22	15	44	65	9	208	11	9	9	4	2	14	94	27	624	9	91	917	9178
2590	248396	311977	311979	3	3	2594	1	12	6	28	29	21	45	48	90	476	2	18	26	25	20	17	43	19	419	1	17	178	1782
2591	248492	312097	312099	3	3	2595	1	10	10	20	12	33	15	0	84	873	13	11	2	5	13	45	0	1	601	7	78	782	7824
2592	248588	312218	312219	3	3	2596	1	9	13	2	14	33	17	20	122	501	10	1	6	11	13	51	60	115	494	8	82	824	8249
2593	248679	312333	312335	3	3	2597	1	2	3	27	11	25	36	4	87	768	6	9	23	2	32	49	12	10	286	2	24	249	2493
2594	248777	312456	312458	3	3	2598	1	15	9	16	27	10	48	17	223	423	11	8	19	19	30	26	51	167	260	4	49	493	4938
2595	248875	312579	312580	3	3	2599	1	5	1	10	5	20	42	3	77	434	15	3	1	15	17	8	9	231	293	9	93	938	9385
2596	248971	312699	312701	3	3	2600	1	16	8	9	26	5	8	71	70	389	14	5	27	16	15	24	11	210	158	3	38	385	3858
2597	249064	312817	312819	3	3	2601	1	3	1	1	24	13	17	15	197	1003	9	3	3	10	39	51	45	89	991	8	85	858	8589
2598	249162	312940	312941	3	3	2602	1	10	14	7	11	37	34	30	51	25	13	4	21	2	25	43	90	153	75	5	58	589	5890
2599	249256	313058	313059	3	3	2603	1	5	12	15	5	5	26	6	146	55	15	17	16	15	15	19	18	187	165	8	89	890	8900
2600	249354	313181	313182	3	3	2604	1	7	11	7	15	31	24	17	216	613	4	14	21	14	7	13	51	146	830	9	90	900	9009
2601	249448	313299	313300	3	3	2605	1	16	10	24	17	27	45	78	139	858	14	11	14	20	38	17	32	166	556	0	0	9	97
2602	249546	313421	313423	3	3	2606	1	4	12	22	1	39	9	86	14	330	12	17	8	3	31	27	56	42	990	0	9	97	971
2603	249642	313542	313543	3	3	2607	1	8	4	5	29	9	36	95	116	223	7	12	15	25	27	49	83	97	669	9	97	971	9714
2604	249735	313660	313661	3	3	2608	1	10	2	5	13	41	16	0	21	209	13	6	15	8	37	48	0	63	627	7	71	714	7149
2605	249833	313782	313784	3	3	2609	1	2	17	19	19	6	15	9	184	164	6	13	28	26	18	45	27	50	492	1	14	149	1490
2606	249929	313903	313904	3	3	2610	1	1	1	15	11	40	8	49	147	796	3	3	16	2	34	24	46	190	370	4	49	490	4909
2607	250025	314023	314025	3	3	2611	1	8	13	18	7	39	5	58	65	884	7	1	25	21	31	15	73	195	634	9	90	909	9096
2608	250113	314135	314137	3	3	2612	1	16	0	11	3	17	44	14	77	845	14	0	4	9	8	14	42	231	517	0	9	96	967
2609	250212	314259	314261	3	3	2613	1	11	17	13	30	20	7	84	192	534	16	13	10	28	17	21	50	74	593	9	96	967	9675
2610	250310	314382	314383	3	3	2614	1	9	5	23	5	37	51	58	44	711	10	15	11	15	25	35	73	132	115	6	67	675	6759
2611	250408	314504	314506	3	3	2615	1	7	6	21	25	24	42	61	134	185	4	18	5	13	29	8	82	151	555	7	75	759	7598
2612	250504	314625	314626	3	3	2616	1	3	1	26	5	41	29	30	107	262	9	3	20	15	37	28	90	70	786	5	59	598	5985
2613	250600	314745	314747	3	3	2617	1	3	18	1	15	14	36	57	65	32	9	16	3	14	42	49	70	195	96	9	98	985	9852
2614	250689	314859	314860	3	3	2618	1	3	3	22	6	38	40	75	210	570	9	9	8	18	28	2	23	128	701	8	85	852	8526
2615	250791	314986	314987	3	3	2619	1	6	15	7	11	39	22	89	232	347	1	7	21	2	31	7	65	194	32	5	52	526	5261
2616	250887	315106	315108	3	3	2620	1	2	13	21	18	28	41	69	249	202	6	1	5	23	41	5	5	245	606	2	26	261	2613
2617	250983	315227	315228	3	3	2621	1	16	15	11	25	25	7	39	1	289	14	7	4	13	32	21	16	3	867	6	61	613	6136
2618	251076	315345	315346	3	3	2622	1	13	8	17	3	15	49	79	177	415	5	5	22	9	2	29	35	29	236	1	13	136	1365
2619	251172	315465	315467	3	3	2623	1	11	9	0	23	9	8	70	104	728	16	8	0	7	27	24	8	61	166	3	36	365	3655
2620	251270	315588	315589	3	3	2624	1	12	12	23	9	16	38	40	185	321	2	17	11	27	5	55	19	53	963	6	65	655	6554
2621	251360	315702	315710	219	3*73	2625	1	12	17	14	26	24	48	6	0	778	10	18	21	21	10	10	1	0	870	5	55	554	5549
2622	251460	315826	315828	3	3	2626	1	8	10	15	9	19	15	24	14	332	7	11	16	27	14	45	72	42	996	5	54	549	5497
2623	251558	315949	315950	3	3	2627	1	1	18	2	21	32	54	83	65	273	3	16	6	1	10	44	47	195	819	4	49	497	4978
2624	251651	316067	316068	3	3	2628	1	12	9	24	3	40	31	18	227	96	2	8	14	9	34	34	54	179	288	9	97	978	9781
2625	251749	316189	316191	3	3	2629	1	6	16	1	10	20	44	19	44	394	1	10	3	30	17	14	57	132	173	7	78	781	7818
2626	251843	316307	316309	3	3	2630	1	6	18	5	8	40	32	25	239	481	1	16	15	24	34	37	75	215	434	8	81	818	8189
2627	251941	316430	316432	3	3	2631	1	8	11	12	0	2	21	74	115	624	7	14	7	0	6	4	20	94	863	1	18	189	1893
2628	252037	316550	316552	3	3	2632	1	7	18	1	1	25	6	66	120	658	4	16	3	3	32	18	97	109	965	8	89	893	8931
2629	252126	316664	316670	57	3*19	2633	1	8	8	16	19	14	4	64	67	641	14	0	13	29	24	51	12	54	213	9	93	931	9312
2630	252229	316791	316793	3	3	2634	1	2	5	21	0	29	13	86	70	443	6	15	5	0	1	39	56	210	320	3	31	312	3129
2631	252324	316912	316913	3	3	2635	1	13	4	8	15	19	52	85	115	989	5	12	24	14	14	38	53	94	949	1	12	129	1297
2632	252420	317032	317033	3	3	2636	1	7	6	19	15	33	36	7	33	929	4	18	28	14	13	49	21	99	769	2	29	297	2978
2633	252516	317152	317154	3	3	2637	1	12	5	24	16	24	2	53	23	407	2	15	14	17	29	6	58	69	212	9	97	978	9784
2634	252605	317266	317267	3	3	2638	1	3	17	27	21	14	28	42	198	752	9	13	23	1	42	25	25	92	238	7	78	784	7848
2635	252703	317388	317390	3	3	2639	1	7	1	24	15	12	10	60	49	225	4	3	14	14	36	30	79	147	675	8	84	848	8482
2636	252803	317513	317515	3	3	2640	1	4	7	8	2	33	2	77	102	980	12	2	24	6	13	6	29	55	922	4	48	482	4821
2637	252899	317634	317635	3	3	2641	1	11	10	16	25	21	7	89	142	277	16	11	19	13	20	21	65	175	831	8	82	821	8216
2638	252995	317754	317756	3	3	2642	1	15	1	16	28	21	6	44	71	467	11	3	19	22	20	18	31	213	392	2	21	216	2168
2639	253086	317870	317871	3	3	2643	1	7	2	22	16	14	8	79	250	521	4	6	8	17	42	24	35	248	554	1	16	168	1682
2640	253187	317995	317996	3	3	2644	1	1	16	2	7	7	1	25	35	124	3	10	6	21	21	3	75	105	372	6	68	682	6829
2641	253282	318115	318117	3	3	2645	1	13	5	10	14	33	23	9	7	725	5	15	1	11	13	10	27	21	157	8	82	829	8299
2642	253378	318235	318237	3	3	2646	1	0	11	6	22	40	54	80	76	567	0	14	18	4	34	44	38	228	692	2	29	299	2998
2643	253472	318353	318355	3	3	2647	1	14	6	5	5	16	19	58	239	2	8	18	15	15	5	57	73	215	6	9	99	998	9989
2644	253568	318474	318475	3	3	2648	1	6	2	18	5	7	54	79	61	541	1	6	25	15	21	44	35	183	614	9	98	989	9894
2645	253661	318592	318598	87	3*29	2649	1	2	12	2	5	32	34	46	57	518	4	18	0	1	32	8	63	190	670	8	89	894	8948
2646	253762	318717	318718	3	3	2650	1	14	18	28	2	41	51	49	175	203	8	16	26	6	37	35	46	23	609	9	94	948	9487
2647	253855	318835	318836	3	3	2651	1	3	5	16	6	30	47	78	93	3	9	15	19	18	4	23	32	28	9	4	48	487	4872
2648	253945	318950	318951	3	3	2652	1	10	13	16	14	4	8	5	223	41	13	1	19	11	12	24	15	167	123	8	87	872	8722
2649	254047	319076	319077	3	3	2653	1	9	14	0	24	21	12	37	15	621	10	4	0	10	20	36	10	45	854	7	72	722	7226
2650	254145	319198	319200	3	3	2654	1	1	18	24	15	39	40	88	236	84	3	16	14	14	31	2	62	206	252	2	22	226	2265
2651	254238	319316	319318	3	3	2655	1	12	9	15	21	36	42	15	229	530	2	8	16	1	22	8	45	185	581	2	26	265	2658
2652	254336	319439	319441	3	3	2656	1	3	1	18	25	34	14	64	222	327	9	3	25	13	16	42	91	164	981	6	65	658	6588
2653	254432	319559	319561	3	3	2657	1	4	8	16	18	35	13	42	144	690	12	5	19	23	19	39	25	181	52	5	58	588	5880
2654	254526	319677	319679	3	3	2658	1	15	1	6	7	36	24	59	67	117	11	3	18	21	22	13	76	201	351	8	88	880	8804
2655	254624	319800	319802	3	3	2659	1	5	14	15	22	33	22	35	241	953	15	4	16	4	13	7	4	221	841	8	80	804	8048
2656	254720	319920	319922	3	3	2660	1	1	3	14	8	29	6	22	81	7	3	9	13	24	1	18	66	243	21	0	4	48	485
2657	254815	320041	320042	3	3	2661	1	1	11	4	17	5	9	69	200	942	3	14	12	20	15	27	5	98	808	4	48	485	4857
2658	254911	320161	320163	3	3	2662	1	12	12	14	10	17	21	10	213	804	2	17	13	30	8	4	30	137	394	8	85	857	8575
2659	255002	320277	320278	3	3	2663	1	14	2	13	24	29	55	76	212	569	8	6	10	10	1	47	26	134	698	5	57	575	5756
2660	255101	320400	320401	3	3	2664	1	12	16	8	6	7	2	13	137	915	2	10	24	18	21	6	39	160	727	7	75	756	7564
2661	255199	320522	320524	3	3	2665	1	16	10	22	12	22	29	66	155	352	14	11	8	5	23	28	97	214	47	5	56	564	5640
2662	255295	320643	320644	3	3	2666	1	7	17	14	15	27	25	10	149	978	4	13	13	14	38	16	30	196	916	6	64	640	6401
2663	255390	320763	320765	3	3	2667	1	5	1	10	30	12	44	49	151	433	15	3	1	28	36	14	46	202	290	4	40	401	4014
2664	255482	320879	320880	3	3	2668	1	2	18	15	13	0	50	82	88	61	6	16	16	8	0	32	44	13	183	0	1	14	142
2665	255582	321004	321005	3	3	2669	1	15	0	24	5	37	29	57	85	702	11	0	14	15	25	28	70	4	88	1	14	142	1427
2666	255678	321124	321126	3	3	2670	1	10	7	9	3	42	21	75	142	13	13	2	27	9	40	4	23	175	39	4	42	427	4270
2667	255774	321244	321246	3	3	2671	1	8	6	15	30	30	16	24	233	459	7	18	16	28	4	48	72	197	368	2	27	270	2704
2668	255867	321362	321364	3	3	2672	1	15	5	12	23	11	18	19	139	421	11	15	7	7	33	54	57	166	254	7	70	704	7047
2669	255963	321483	321484	3	3	2673	1	16	4	26	14	28	5	81	148	230	14	12	20	11	41	15	41	193	690	0	4	47	477
2670	256061	321605	321607	3	3	2674	1	4	18	15	14	38	44	42	198	17	12	16	16	11	28	14	25	92	51	4	47	477	4775
2671	256157	321726	321727	3	3	2675	1	8	14	26	9	0	1	13	79	438	7	4	20	27	0	3	39	237	305	7	77	775	7755
2672	256250	321844	321845	3	3	2676	1	10	3	24	17	26	50	75	87	860	13	9	14	20	35	32	23	10	562	7	75	755	7555
2673	256349	321966	321968	3	3	2677	1	2	13	10	16	39	49	59	158	301	6	1	1	17	31	29	76	223	903	5	55	555	5551
2674	256442	322085	322086	3	3	2678	1	7	3	11	13	8	36	60	236	901	4	9	4	8	24	49	79	206	685	5	55	551	5513
2675	256540	322207	322209	3	3	2679	1	8	2	21	14	34	39	70	46	548	7	6	5	11	16	58	8	138	635	5	51	513	5132
2676	256634	322325	322327	3	3	2680	1	10	9	1	4	31	13	71	99	724	13	8	3	12	7	39	11	46	154	1	13	132	1323
2677	256732	322448	322449	3	3	2681	1	3	12	24	15	32	49	71	226	112	9	17	14	14	10	29	11	176	336	3	32	323	3237
2678	256828	322568	322570	3	3	2682	1	11	6	5	23	41	33	49	25	314	16	18	15	7	37	40	46	75	942	2	23	237	2379
2679	256916	322681	322688	87	3*29	2683	1	14	1	7	18	37	3	46	96	902	11	11	0	16	37	25	63	69	781	3	37	379	3796
2680	257019	322809	322811	3	3	2684	1	3	18	24	20	22	4	80	225	743	9	16	14	29	23	12	38	173	211	7	79	796	7964
2681	257115	322929	322931	3	3	2685	1	3	7	16	1	29	11	74	95	56	9	2	19	3	1	33	20	34	168	9	96	964	9641
2682	257211	323050	323051	3	3	2686	1	1	16	7	18	32	15	29	25	436	3	10	21	23	10	45	87	75	299	6	64	641	6414
2683	257307	323170	323172	3	3	2687	1	6	14	27	30	8	1	27	95	517	1	4	23	28	24	3	81	34	542	4	41	414	4145
2684	257398	323286	323287	3	3	2688	1	13	5	12	6	13	9	83	176	86	5	15	7	18	39	27	47	26	258	1	14	145	1451
2685	257496	323408	323410	3	3	2689	1	10	15	16	25	12	42	41	23	58	13	7	19	13	36	8	22	69	174	4	45	451	4515
2686	257590	323527	323533	57	3*19	2690	1	7	3	2	28	11	12	19	170	299	8	0	27	15	25	35	73	152	899	5	51	515	5152
2687	257690	323651	323653	3	3	2691	1	4	5	22	4	27	36	63	146	362	12	15	8	12	38	49	88	187	77	1	15	152	1523
2688	257778	323764	323765	3	3	2692	1	12	9	11	17	3	21	20	121	258	2	8	4	20	9	4	60	112	774	5	52	523	5237
2689	257877	323888	323889	3	3	2693	1	16	1	23	26	26	24	40	201	720	14	3	11	16	35	13	19	101	142	2	23	237	2374
2690	257977	324013	324014	3	3	2694	1	6	5	2	0	36	55	4	80	463	1	15	6	0	22	47	12	240	380	3	37	374	3746
2691	258073	324133	324134	3	3	2695	1	1	16	12	14	19	5	97	111	471	3	10	7	11	14	15	89	82	404	7	74	746	7462
2692	258169	324253	324255	3	3	2696	1	9	6	13	5	30	14	72	144	784	10	18	10	15	4	42	14	181	334	4	46	462	4623
2693	258262	324371	324373	3	3	2697	1	8	9	1	3	38	50	65	218	146	7	8	3	9	28	32	94	152	438	6	62	623	6234
2694	258358	324492	324493	3	3	2698	1	6	2	24	12	20	55	51	179	748	1	6	14	5	17	47	52	35	226	2	23	234	2343
2695	258456	324614	324616	3	3	2699	1	8	1	10	13	2	15	95	88	339	7	3	1	8	6	45	83	13	8	3	34	343	3436
2696	258552	324735	324736	3	3	2700	1	7	12	3	4	1	32	7	212	288	4	17	9	12	3	37	21	134	864	4	43	436	4364
2697	258643	324850	324852	3	3	2701	1	10	9	4	15	21	6	45	34	202	13	8	12	14	20	18	34	102	606	3	36	364	3645
2698	258744	324975	324977	3	3	2702	1	2	5	11	24	3	40	2	11	821	6	15	4	10	9	2	6	33	445	6	64	645	6454
2699	258837	325093	325095	3	3	2703	1	6	6	19	28	9	15	39	189	96	1	18	28	22	27	45	16	65	288	4	45	454	4542
2700	258935	325216	325218	3	3	2704	1	7	11	13	30	17	34	24	191	733	4	14	10	28	8	43	72	71	181	5	54	542	5428
2701	259027	325332	325336	15	3*5	2705	1	10	8	10	23	25	51	31	185	706	14	6	5	4	31	57	61	14	500	4	42	428	4285
2702	259127	325457	325458	3	3	2706	1	1	6	10	13	42	15	54	201	421	3	18	1	8	40	45	61	101	254	2	28	285	2858
2703	259223	325577	325579	3	3	2707	1	5	18	18	10	24	15	9	174	901	15	16	25	30	29	45	27	20	685	8	85	858	8584
2704	259316	325695	325697	3	3	2708	1	11	5	3	7	17	35	9	136	725	16	15	9	21	8	46	27	157	157	5	58	584	5844
2705	259415	325818	325819	3	3	2709	1	11	10	0	21	42	17	67	200	852	16	11	0	1	40	51	100	98	538	8	84	844	8444
2706	259510	325938	325940	3	3	2710	1	15	13	14	23	11	26	35	168	618	11	1	13	7	33	19	4	2	845	4	44	444	4447
2707	259606	326059	326060	3	3	2711	1	5	18	28	18	4	40	70	145	760	15	16	26	23	12	2	8	184	262	4	44	447	4479
2708	259702	326179	326180	3	3	2712	1	1	7	9	10	2	34	59	151	17	3	2	27	30	6	43	76	202	51	4	47	479	4795
2709	259793	326295	326296	3	3	2713	1	8	16	19	14	4	47	27	22	139	7	10	28	11	12	23	81	66	417	7	79	795	7952
2710	259891	326417	326419	3	3	2714	1	0	13	1	23	31	45	10	243	515	0	1	3	7	7	17	30	227	536	9	95	952	9526
2711	259989	326540	326542	3	3	2715	1	2	5	22	6	33	30	64	240	0	6	15	8	18	13	31	91	218	0	5	52	526	5265
2712	260085	326660	326662	3	3	2716	1	13	14	16	4	1	22	95	203	834	5	4	19	12	3	7	83	107	484	2	26	265	2658
2713	260176	326776	326782	87	3*29	2717	1	2	6	5	16	11	45	70	131	490	4	9	0	28	11	21	30	102	252	6	65	658	6586
2714	260272	326896	326898	3	3	2718	1	6	5	19	14	27	45	86	243	655	1	15	28	11	38	17	56	227	956	5	58	586	5867
2715	260373	327021	327023	3	3	2719	1	15	12	20	11	38	7	26	92	25	11	17	2	2	28	21	78	25	75	8	86	867	8678
2716	260468	327142	327143	3	3	2720	1	10	12	11	26	6	57	61	170	562	13	17	4	16	18	53	82	8	677	6	67	678	6782
2717	260564	327262	327264	3	3	2721	1	11	4	26	2	27	4	9	84	900	16	12	20	6	38	12	27	1	682	7	78	782	7821
2718	260649	327372	327379	237	3*79	2722	1	6	9	15	28	17	17	70	143	116	11	5	17	2	30	17	26	6	249	8	82	821	8210
2719	260754	327500	327502	3	3	2723	1	12	11	21	13	26	44	41	100	442	2	14	5	8	35	14	22	49	317	2	21	210	2105
2720	260852	327623	327625	3	3	2724	1	3	1	13	8	17	47	12	72	531	9	3	10	24	8	23	36	216	584	1	10	105	1051
2721	260948	327744	327745	3	3	2725	1	4	13	20	9	36	45	30	194	365	12	1	2	27	22	17	90	80	86	0	5	51	511
2722	261041	327862	327863	3	3	2726	1	15	0	4	15	9	10	40	105	624	11	0	12	14	27	30	19	64	863	5	51	511	5114
2723	261139	327984	327986	3	3	2727	1	5	7	14	22	3	0	76	212	869	15	2	13	4	9	0	26	134	589	1	11	114	1141
2724	261233	328102	328104	3	3	2728	1	7	5	1	3	21	3	53	53	774	4	15	3	9	20	9	58	159	304	1	14	141	1413
2725	261331	328225	328227	3	3	2729	1	1	6	13	27	14	16	80	231	780	3	18	10	19	42	48	38	191	322	4	41	413	4135
2726	261424	328343	328345	3	3	2730	1	16	4	15	8	39	39	58	39	778	14	12	16	24	31	58	73	117	316	1	13	135	1354
2727	261522	328466	328467	3	3	2731	1	10	18	19	2	6	10	48	15	932	13	16	28	6	18	30	43	45	778	3	35	354	3547
2728	261610	328578	328580	3	3	2732	1	9	3	10	10	20	50	30	186	924	10	9	1	30	17	32	90	56	754	5	54	547	5473
2729	261712	328704	328706	3	3	2733	1	10	3	11	21	14	50	85	171	128	13	9	4	1	42	32	53	11	384	4	47	473	4735
2730	261810	328827	328828	3	3	2734	1	7	13	24	4	30	53	69	129	853	4	1	14	12	4	41	5	136	541	7	73	735	7357
2731	261906	328947	328949	3	3	2735	1	5	15	9	12	41	53	17	146	495	15	7	27	5	37	41	51	187	476	3	35	357	3573
2732	262002	329067	329069	3	3	2736	1	16	2	25	23	25	10	67	171	498	14	6	17	7	32	30	100	11	485	5	57	573	5739
2733	262097	329188	329189	3	3	2737	1	15	7	23	21	35	26	69	168	987	11	2	11	1	19	19	5	2	943	7	73	739	7395
2734	262188	329304	329305	3	3	2738	1	14	2	24	13	29	2	90	6	970	8	6	14	8	1	6	68	18	892	3	39	395	3952
2735	262287	329426	329428	3	3	2739	1	5	5	14	27	34	45	51	58	34	15	15	13	19	16	17	52	174	102	9	95	952	9523
2736	262385	329549	329550	3	3	2740	1	7	12	26	26	13	11	16	110	159	4	17	20	16	39	33	48	79	477	5	52	523	5231
2737	262481	329669	329671	3	3	2741	1	12	18	4	10	33	17	91	204	654	2	16	12	30	13	51	71	110	953	2	23	231	2311
2738	262576	329790	329791	3	3	2742	1	4	7	1	14	38	20	16	208	737	12	2	3	11	28	1	48	122	193	3	31	311	3113
2739	262665	329903	329905	3	3	2743	1	7	17	7	0	35	35	77	180	352	4	13	21	0	19	46	29	38	47	1	11	113	1134
2740	262768	330030	330032	3	3	2744	1	16	14	12	12	40	32	76	112	952	14	4	7	5	34	37	26	85	838	1	13	134	1342
2741	262864	330151	330152	3	3	2745	1	2	11	12	23	1	49	81	79	905	6	14	7	7	3	29	41	237	697	3	34	342	3427
2742	262960	330271	330273	3	3	2746	1	1	18	11	9	32	14	21	159	282	3	16	4	27	10	42	63	226	846	4	42	427	4271
2743	263049	330385	330391	57	3*19	2747	1	11	16	10	5	20	0	16	165	485	15	0	19	6	22	0	3	118	402	2	27	271	2716
2744	263149	330509	330511	3	3	2748	1	10	1	18	17	20	28	50	228	331	13	3	25	20	17	25	49	182	993	7	71	716	7166
2745	263247	330632	330634	3	3	2749	1	3	4	22	29	20	2	59	35	911	9	12	8	25	17	6	76	105	715	1	16	166	1661
2746	263343	330752	330754	3	3	2750	1	11	6	7	12	17	21	46	81	765	16	18	21	5	8	4	37	243	277	6	66	661	6610
2747	263432	330866	330872	87	3*29	2751	1	14	2	13	11	27	17	76	2	292	11	3	0	27	27	4	47	174	179	6	61	610	6102
2748	263535	330993	330995	3	3	2752	1	3	16	16	27	8	44	21	45	401	9	10	19	19	24	14	63	135	194	1	10	102	1021
2749	263628	331111	331113	3	3	2753	1	4	5	23	27	17	18	64	5	86	12	15	11	19	8	54	91	15	258	0	2	21	213
2750	263726	331234	331235	3	3	2754	1	1	7	19	5	3	22	11	38	119	3	2	28	15	9	7	33	114	357	2	21	213	2135
2751	263820	331352	331353	3	3	2755	1	8	2	9	30	41	29	82	165	124	7	6	27	28	37	28	44	244	372	1	13	135	1359
2752	263918	331475	331476	3	3	2756	1	2	1	19	27	5	40	41	103	771	6	3	28	19	15	2	22	58	295	3	35	359	3596
2753	264014	331595	331596	3	3	2757	1	16	12	10	11	34	12	9	96	334	14	17	1	2	16	36	27	37	1002	5	59	596	5969
2754	264107	331713	331715	3	3	2758	1	13	7	10	5	16	31	40	112	638	5	2	1	15	5	34	19	85	905	9	96	969	9695
2755	264205	331836	331837	3	3	2759	1	4	5	8	15	29	13	8	156	817	12	15	24	14	1	39	24	217	433	6	69	695	6953
2756	264301	331956	331958	3	3	2760	1	12	11	17	23	29	40	24	17	491	2	14	22	7	1	2	72	51	464	9	95	953	9536
2757	264397	332076	332078	3	3	2761	1	9	11	18	1	1	15	80	26	496	10	14	25	3	3	45	38	78	479	5	53	536	5362
2758	264493	332197	332198	3	3	2762	1	6	10	12	29	34	15	95	46	237	1	11	7	25	16	45	83	138	711	3	36	362	3623
2759	264579	332308	332309	3	3	2763	1	4	16	10	13	17	24	12	236	960	12	10	1	8	8	13	36	206	862	6	62	623	6231
2760	264677	332430	332432	3	3	2764	1	10	12	21	19	34	37	11	204	219	13	17	5	26	16	52	33	110	657	2	23	231	2314
2761	264780	332558	332559	3	3	2765	1	6	6	9	11	9	4	35	167	291	1	18	27	2	27	12	4	250	873	3	31	314	3144
2762	264876	332678	332680	3	3	2766	1	13	10	9	7	4	58	98	31	321	5	11	27	21	12	56	92	93	963	1	14	144	1442
2763	264972	332798	332800	3	3	2767	1	8	13	25	4	6	26	64	163	423	7	1	17	12	18	19	91	238	260	4	44	442	4429
2764	265063	332914	332916	3	3	2768	1	3	3	4	30	23	6	33	181	380	9	9	12	28	26	18	99	41	131	4	42	429	4295
2765	265163	333039	333041	3	3	2769	1	12	7	14	25	11	51	0	55	530	2	2	13	13	33	35	0	165	581	2	29	295	2952
2766	265259	333160	333161	3	3	2770	1	2	1	12	25	5	47	65	41	880	6	3	7	13	15	23	94	123	622	9	95	952	9524
2767	265355	333280	333281	3	3	2771	1	13	8	9	5	34	18	35	225	790	5	5	27	15	16	54	4	173	352	5	52	524	5248
2768	265441	333390	333392	3	3	2772	1	15	7	8	10	39	23	54	66	830	11	2	24	30	31	10	61	198	472	2	24	248	2484
2769	265544	333518	333520	3	3	2773	1	16	18	9	26	23	24	29	33	478	14	16	27	16	26	13	87	99	425	4	48	484	4849
2770	265642	333641	333643	3	3	2774	1	1	3	21	11	29	40	59	224	261	3	9	5	2	1	2	76	170	783	8	84	849	8493
2771	265738	333761	333763	3	3	2775	1	5	11	21	18	2	46	41	227	522	15	14	5	23	6	20	22	179	557	4	49	493	4937
2772	265832	333879	333881	3	3	2776	1	11	10	23	5	34	15	12	0	302	16	11	11	15	16	45	36	0	906	9	93	937	9371
2773	265930	334002	334004	3	3	2777	1	11	12	4	15	42	36	92	8	81	16	17	12	14	40	49	74	24	243	3	37	371	3718
2774	266023	334120	334122	3	3	2778	1	3	16	23	23	23	17	65	42	300	9	10	11	7	26	51	94	126	900	7	71	718	7187
2775	266121	334243	334244	3	3	2779	1	5	10	4	9	14	32	34	124	860	15	11	12	27	42	37	1	121	562	1	18	187	1871
2776	266215	334361	334362	3	3	2780	1	7	11	7	20	4	48	90	199	370	4	14	21	29	12	26	68	95	101	8	87	871	8711
2777	266313	334483	334485	3	3	2781	1	13	1	5	14	14	26	0	66	788	5	3	15	11	42	19	0	198	346	7	71	711	7110
2778	266409	334604	334605	3	3	2782	1	0	13	0	21	13	42	7	107	656	0	1	0	1	39	8	21	70	959	1	11	110	1101
2779	266502	334722	334723	3	3	2783	1	14	0	28	3	11	20	94	180	390	8	0	26	9	33	1	80	38	161	1	10	101	1014
2780	266601	334844	334846	3	3	2784	1	13	7	13	10	5	11	11	11	93	5	2	10	30	15	33	33	33	279	0	1	14	145
2781	266692	334960	334966	87	3*29	2785	1	2	12	15	11	11	19	48	174	626	4	18	0	27	11	1	35	78	985	1	14	145	1457
2782	266792	335085	335087	3	3	2786	1	14	6	18	0	8	57	26	145	440	8	18	25	0	24	53	78	184	311	4	45	457	4576
2783	266888	335206	335207	3	3	2787	1	15	1	13	1	15	16	87	156	521	11	3	10	3	2	48	59	217	554	5	57	576	5765
2784	266979	335321	335323	3	3	2788	1	14	3	24	4	8	38	76	104	290	8	9	14	12	24	55	26	61	870	7	76	765	7654
2785	267077	335444	335446	3	3	2789	1	9	18	18	0	7	44	20	166	205	10	16	25	0	21	14	60	247	615	6	65	654	6540
2786	267175	335567	335568	3	3	2790	1	1	15	27	15	35	30	17	74	24	3	7	23	14	19	31	51	222	72	5	54	540	5403
2787	267271	335687	335689	3	3	2791	1	9	13	3	15	8	58	17	39	388	10	1	9	14	24	56	51	117	155	4	40	403	4035
2788	267367	335807	335809	3	3	2792	1	3	15	6	16	31	14	85	71	652	9	7	18	17	7	42	53	213	947	0	3	35	359
2789	267458	335923	335925	3	3	2793	1	9	13	28	12	26	39	47	92	862	10	1	26	5	35	58	40	25	568	3	35	359	3590
2790	267559	336048	336050	3	3	2794	1	7	7	17	3	39	34	83	140	795	4	2	22	9	31	43	47	169	367	5	59	590	5902
2791	267655	336168	336170	3	3	2795	1	5	12	9	2	22	16	85	64	933	15	17	27	6	23	48	53	192	781	9	90	902	9027
2792	267750	336289	336290	3	3	2796	1	1	6	17	25	6	2	6	141	365	3	18	22	13	18	6	18	172	86	0	2	27	279
2793	267844	336407	336408	3	3	2797	1	7	10	23	18	7	31	14	12	331	4	11	11	23	21	34	42	36	993	2	27	279	2799
2794	267940	336527	336529	3	3	2798	1	16	15	4	18	5	40	21	154	705	14	7	12	23	15	2	63	211	97	7	79	799	7993
2795	268038	336650	336651	3	3	2799	1	10	7	2	7	27	26	74	139	226	13	2	6	21	38	19	20	166	678	9	99	993	9934
2796	268134	336770	336772	3	3	2800	1	9	16	8	14	18	46	90	197	101	10	10	24	11	11	20	68	89	303	9	93	934	9344
2797	268227	336888	336890	3	3	2801	1	10	18	16	23	1	51	90	200	190	13	16	19	7	3	35	68	98	570	3	34	344	3440
2798	268325	337011	337012	3	3	2802	1	7	11	10	25	38	41	93	231	359	4	14	1	13	28	5	77	191	68	4	44	440	4403
2799	268419	337129	337131	3	3	2803	1	1	15	25	5	22	40	14	139	991	3	7	17	15	23	2	42	166	955	4	40	403	4037
2800	268513	337247	337253	57	3*19	2804	1	8	5	14	6	24	20	91	207	367	14	0	15	1	35	19	36	2	739	0	3	37	374
2801	268610	337370	337371	3	3	2805	1	3	1	13	19	34	58	55	159	606	9	3	10	26	16	56	64	226	809	3	37	374	3742
2802	268708	337492	337494	3	3	2806	1	10	4	17	30	36	2	46	101	167	13	12	22	28	22	6	37	52	501	7	74	742	7420
2803	268804	337613	337614	3	3	2807	1	8	6	7	29	25	37	8	91	871	7	18	21	25	32	52	24	22	595	4	42	420	4200
2804	268898	337731	337732	3	3	2808	1	15	1	24	24	42	0	86	111	71	11	3	14	10	40	0	56	82	213	2	20	200	2007
2805	268996	337853	337855	3	3	2809	1	12	16	22	15	30	5	86	163	617	2	10	8	14	4	15	56	238	842	0	0	7	73
2806	269092	337974	337975	3	3	2810	1	4	6	5	12	12	57	96	246	724	12	18	15	5	36	53	86	236	154	0	7	73	731
2807	269180	338086	338088	3	3	2811	1	8	11	16	11	41	37	64	29	84	7	14	19	2	37	52	91	87	252	7	73	731	7310
2808	269283	338214	338216	3	3	2812	1	16	10	19	18	30	5	19	140	520	14	11	28	23	4	15	57	169	551	3	31	310	3105
2809	269375	338330	338332	3	3	2813	1	13	16	18	20	15	27	80	173	100	5	10	25	29	2	22	38	17	300	1	10	105	1057
2810	269473	338453	338454	3	3	2814	1	7	10	21	23	26	2	1	61	847	4	11	5	7	35	6	3	183	523	0	5	57	578
2811	269571	338576	338577	3	3	2815	1	8	16	19	8	18	22	52	124	911	7	10	28	24	11	7	55	121	715	5	57	578	5785
2812	269667	338696	338697	3	3	2816	1	16	5	6	17	30	11	71	42	256	14	15	18	20	4	33	11	126	768	7	78	785	7853
2813	269762	338816	338818	3	3	2817	1	3	11	28	10	1	24	57	208	320	9	14	26	30	3	13	70	122	960	8	85	853	8539
2814	269854	338932	338934	3	3	2818	1	12	5	2	24	36	32	43	165	931	2	15	6	10	22	37	28	244	775	5	53	539	5390
2815	269954	339057	339059	3	3	2819	1	7	10	26	30	18	8	21	14	721	4	11	20	28	11	24	63	42	145	3	39	390	3906
2816	270050	339177	339179	3	3	2820	1	3	6	1	12	3	14	37	143	92	9	18	3	5	9	42	10	178	276	9	90	906	9062
2817	270146	339298	339299	3	3	2821	1	3	18	24	15	0	13	40	175	63	9	16	14	14	0	39	19	23	189	0	6	62	621
2818	270239	339416	339417	3	3	2822	1	7	5	13	6	21	45	99	63	199	4	15	10	18	20	17	95	189	597	6	62	621	6219
2819	270335	339536	339538	3	3	2823	1	8	2	10	3	20	5	32	206	518	7	6	1	9	17	15	96	116	545	2	21	219	2198
2820	270433	339659	339660	3	3	2824	1	2	13	11	5	42	48	20	248	241	6	1	4	15	40	26	60	242	723	1	19	198	1983
2821	270529	339779	339781	3	3	2825	1	16	18	27	3	31	57	30	124	847	14	16	23	9	7	53	90	121	523	9	98	983	9838
2822	270620	339895	339896	3	3	2826	1	6	17	0	26	23	22	0	223	608	1	13	0	16	26	7	0	167	815	8	83	838	8387
2823	270721	340020	340021	3	3	2827	1	4	1	23	22	24	38	42	144	330	12	3	11	4	29	55	25	181	990	3	38	387	3874
2824	270814	340138	340139	3	3	2828	1	16	13	13	14	23	56	59	236	259	14	1	10	11	26	50	76	206	777	8	87	874	8744
2825	270912	340260	340262	3	3	2829	1	9	5	17	14	10	39	87	107	140	10	15	22	11	30	58	59	70	420	7	74	744	7447
2826	271003	340376	340380	15	3*5	2830	1	5	15	14	14	20	46	58	232	127	7	16	7	24	42	41	62	217	896	4	44	447	4478
2827	271104	340501	340503	3	3	2831	1	1	3	4	23	5	45	71	246	594	3	9	12	7	15	17	11	236	773	4	47	478	4780
2828	271200	340622	340623	3	3	2832	1	9	11	1	16	41	22	46	183	622	10	14	3	17	37	7	37	47	857	7	78	780	7808
2829	271293	340740	340741	3	3	2833	1	8	10	5	13	42	36	83	1	297	7	11	15	8	40	49	47	3	891	8	80	808	8084
2830	271391	340862	340864	3	3	2834	1	13	12	12	14	40	43	27	96	213	5	17	7	11	34	11	81	37	639	0	8	84	847
2831	271487	340983	340984	3	3	2835	1	8	4	1	20	15	30	2	47	353	7	12	3	29	2	31	6	141	50	8	84	847	8478
2832	271583	341103	341105	3	3	2836	1	7	10	12	15	22	16	45	146	359	4	11	7	14	23	48	34	187	68	4	47	478	4784
2833	271679	341223	341225	3	3	2837	1	12	17	21	23	8	12	74	74	942	2	13	5	7	24	36	20	222	808	7	78	784	7848
2834	271770	341339	341341	3	3	2838	1	13	16	27	30	5	48	13	153	52	5	10	23	28	15	26	39	208	156	8	84	848	8489
2835	271868	341462	341463	3	3	2839	1	6	14	27	4	17	10	91	244	279	1	4	23	12	8	30	71	230	837	4	48	489	4896
2836	271966	341584	341586	3	3	2840	1	7	0	24	1	32	34	60	244	2	4	0	14	3	10	43	79	230	6	8	89	896	8968
2837	272062	341705	341706	3	3	2841	1	12	7	11	18	39	26	30	50	18	2	2	4	23	31	19	90	150	54	9	96	968	9683
2838	272158	341825	341827	3	3	2842	1	1	6	20	30	37	26	19	222	524	3	18	2	28	25	19	57	164	563	6	68	683	6833
2839	272249	341941	341942	3	3	2843	1	7	1	27	6	2	3	15	68	295	4	3	23	18	6	9	45	204	885	8	83	833	8332
2840	272343	342060	342067	219	3*73	2844	1	11	6	3	17	13	19	99	128	23	12	3	19	3	9	31	67	171	1001	3	33	332	3321
2841	272445	342186	342188	3	3	2845	1	11	18	16	5	16	39	5	15	763	16	16	19	15	5	58	15	45	271	3	32	321	3214
2842	272541	342307	342308	3	3	2846	1	15	14	28	4	27	50	50	234	661	11	4	26	12	38	32	49	200	974	2	21	214	2144
2843	272632	342422	342424	3	3	2847	1	7	12	14	10	1	4	54	210	88	4	17	13	30	3	12	61	128	264	1	14	144	1445
2844	272730	342545	342546	3	3	2848	1	7	14	2	6	7	36	37	217	692	4	4	6	18	21	49	10	149	58	4	44	445	4457
2845	272828	342668	342669	3	3	2849	1	13	15	6	0	6	30	33	42	328	5	7	18	0	18	31	99	126	984	4	45	457	4571
2846	272924	342788	342790	3	3	2850	1	0	2	25	14	34	11	52	79	312	0	6	17	11	16	33	55	237	936	5	57	571	5713
2847	273010	342898	342900	3	3	2851	1	14	6	15	24	20	51	55	192	916	8	18	16	10	17	35	64	74	730	7	71	713	7138
2848	273111	343024	343030	87	3*29	2852	1	11	5	15	8	26	0	99	236	923	5	17	0	14	26	0	28	201	590	1	13	138	1386
2849	273209	343147	343148	3	3	2853	1	15	5	23	12	17	6	44	224	223	11	15	11	5	8	18	31	170	669	3	38	386	3868
2850	273308	343269	343271	3	3	2854	1	14	12	22	13	9	8	17	9	722	8	17	8	8	27	24	51	27	148	8	86	868	8687
2851	273401	343387	343389	3	3	2855	1	3	15	5	7	8	17	46	203	267	9	7	15	21	24	51	37	107	801	6	68	687	6875
2852	273499	343510	343512	3	3	2856	1	10	7	0	3	40	23	9	71	778	13	2	0	9	34	10	27	213	316	8	87	875	8751
2853	273595	343630	343632	3	3	2857	1	11	16	24	24	5	55	49	85	255	16	10	14	10	15	47	46	4	765	7	75	751	7519
2854	273688	343748	343750	3	3	2858	1	7	18	15	28	38	28	85	88	172	4	16	16	22	28	25	53	13	516	5	51	519	5194
2855	273787	343871	343873	3	3	2859	1	9	11	18	30	10	1	53	183	697	10	14	25	28	30	3	58	47	73	1	19	194	1943
2856	273882	343991	343993	3	3	2860	1	3	18	16	17	42	4	8	233	785	9	16	19	20	40	12	24	197	337	9	94	943	9435
2857	273974	344108	344113	57	3*19	2861	1	2	6	26	17	18	15	66	87	823	12	0	3	8	37	29	25	190	497	4	43	435	4350
2858	274074	344232	344234	3	3	2862	1	7	5	15	10	24	15	94	39	685	4	15	16	30	29	45	80	117	37	3	35	350	3506
2859	274165	344348	344349	3	3	2863	1	7	7	11	20	39	33	31	206	752	4	2	4	29	31	40	93	116	238	5	50	506	5064
2860	274263	344471	344472	3	3	2864	1	7	5	24	29	19	56	5	44	674	4	15	14	25	14	50	15	132	4	0	6	64	643
2861	274361	344593	344595	3	3	2865	1	1	5	14	23	16	20	58	13	871	3	15	13	7	5	1	73	39	595	6	64	643	6430
2862	274457	344714	344715	3	3	2866	1	12	16	6	18	13	12	21	189	829	2	10	18	23	39	36	63	65	469	4	43	430	4302
2863	274553	344834	344836	3	3	2867	1	10	6	11	10	1	5	71	9	232	13	18	4	30	3	15	11	27	696	3	30	302	3021
2864	274637	344943	344944	3	3	2868	1	14	5	1	14	37	52	86	208	187	8	15	3	11	25	38	56	122	561	0	2	21	218
2865	274745	345075	345076	3	3	2869	1	16	10	14	22	35	36	32	79	445	14	11	13	4	19	49	96	237	326	2	21	218	2184
2866	274841	345195	345197	3	3	2870	1	7	1	10	6	24	40	16	80	529	4	3	1	18	29	2	48	240	578	1	18	184	1845
2867	274936	345315	345317	3	3	2871	1	5	12	27	4	24	39	56	182	995	15	17	23	12	29	58	67	44	967	8	84	845	8453
2868	275030	345433	345435	3	3	2872	1	10	7	28	6	6	4	12	93	84	13	2	26	18	18	12	36	28	252	4	45	453	4531
2869	275126	345554	345555	3	3	2873	1	3	1	25	8	27	4	20	237	135	9	3	17	24	38	12	60	209	405	5	53	531	5319
2870	275224	345676	345678	3	3	2874	1	10	11	15	11	18	25	71	249	666	13	14	16	2	11	16	11	245	989	3	31	319	3191
2871	275320	345797	345798	3	3	2875	1	8	11	2	26	19	22	91	218	976	7	14	6	16	14	7	71	152	910	1	19	191	1910
2872	275413	345915	345916	3	3	2876	1	15	2	26	19	27	37	79	29	258	11	6	20	26	38	52	35	87	774	9	91	910	9104
2873	275511	346038	346039	3	3	2877	1	12	6	15	27	31	38	72	38	269	2	18	16	19	7	55	14	114	807	1	10	104	1048
2874	275605	346156	346157	3	3	2878	1	11	15	11	13	17	36	13	116	372	16	7	4	8	8	49	39	97	107	0	4	48	484
2875	275703	346278	346280	3	3	2879	1	8	6	4	8	1	30	45	60	319	7	18	12	24	3	31	34	180	957	4	48	484	4848
2876	275796	346396	346398	3	3	2880	1	10	2	2	8	14	4	33	170	283	13	6	6	24	42	12	99	8	849	8	84	848	8481
2877	275894	346519	346521	3	3	2881	1	2	13	26	13	32	43	54	107	851	6	1	20	8	10	11	61	70	535	4	48	481	4810
2878	275990	346639	346641	3	3	2882	1	1	18	21	22	0	42	21	139	287	3	16	5	4	0	8	63	166	861	8	81	810	8100
2879	276084	346757	346759	3	3	2883	1	5	9	1	3	39	39	38	158	318	15	8	3	9	31	58	13	223	954	1	10	100	1005
2880	276174	346872	346882	573	3*191	2884	1	4	1	27	24	15	30	68	226	83	14	3	14	19	38	21	79	233	136	0	0	5	53
2881	276278	347000	347002	3	3	2885	1	3	8	5	9	15	19	19	148	51	9	5	15	27	2	57	57	193	153	0	5	53	537
2882	276369	347116	347122	87	3*29	2886	1	8	10	15	30	1	24	76	175	804	16	15	0	6	1	23	47	165	327	5	53	537	5370
2883	276469	347241	347243	3	3	2887	1	7	14	24	3	19	7	12	144	161	4	4	14	9	14	21	36	181	483	3	37	370	3706
2884	276558	347354	347356	3	3	2888	1	9	2	5	12	20	43	25	229	530	10	6	15	5	17	11	75	185	581	7	70	706	7061
2885	276656	347477	347479	3	3	2889	1	11	5	20	20	22	37	32	235	316	16	15	2	29	23	52	96	203	948	0	6	61	614
2886	276757	347602	347604	3	3	2890	1	1	12	27	12	22	44	48	102	714	3	17	23	5	23	14	43	55	124	6	61	614	6146
2887	276845	347715	347716	3	3	2891	1	6	8	18	25	19	16	79	135	200	1	5	25	13	14	48	35	154	600	1	14	146	1468
2888	276948	347843	347844	3	3	2892	1	2	4	22	21	9	12	57	212	880	6	12	8	1	27	36	70	134	622	4	46	468	4680
2889	277040	347959	347960	3	3	2893	1	2	8	5	13	22	10	58	219	162	6	5	15	8	23	30	73	155	486	6	68	680	6806
2890	277140	348084	348085	3	3	2894	1	14	17	22	11	31	45	8	208	352	8	13	8	2	7	17	24	122	47	8	80	806	8067
2891	277236	348204	348206	3	3	2895	1	4	1	19	26	21	14	95	95	420	12	3	28	16	20	42	83	34	251	0	6	67	674
2892	277332	348324	348326	3	3	2896	1	12	13	24	10	33	8	18	16	500	2	1	14	30	13	24	54	48	491	6	67	674	6749
2893	277425	348442	348444	3	3	2897	1	12	0	12	9	41	56	27	54	989	2	0	7	27	37	50	81	162	949	7	74	749	7491
2894	277521	348563	348564	3	3	2898	1	8	9	14	0	39	43	48	245	161	7	8	13	0	31	11	43	233	483	4	49	491	4919
2895	277619	348685	348687	3	3	2899	1	1	6	13	12	7	51	65	103	398	3	18	10	5	21	35	94	58	185	9	91	919	9192
2896	277715	348806	348807	3	3	2900	1	9	6	5	23	20	11	34	146	410	10	18	15	7	17	33	1	187	221	1	19	192	1927
2897	277808	348924	348925	3	3	2901	1	8	4	24	8	1	43	31	12	911	7	12	14	24	3	11	93	36	715	9	92	927	9278
2898	277907	349046	349048	3	3	2902	1	13	18	10	10	22	40	81	85	527	5	16	1	30	23	2	41	4	572	2	27	278	2781
2899	278000	349164	349166	3	3	2903	1	5	18	18	17	16	11	96	102	676	15	16	25	20	5	33	86	55	10	7	78	781	7819
2900	278090	349279	349289	849	3*283	2904	1	13	2	23	15	1	22	37	138	240	4	7	10	25	32	34	2	196	951	8	81	819	8191
2901	278192	349405	349407	3	3	2905	1	16	14	8	21	32	49	77	143	696	14	4	24	1	10	29	29	178	70	1	19	191	1911
2902	278290	349528	349529	3	3	2906	1	2	15	8	14	6	12	17	90	605	6	7	24	11	18	36	51	19	806	9	91	911	9119
2903	278386	349648	349650	3	3	2907	1	13	2	13	27	39	49	26	27	226	5	6	10	19	31	29	78	81	678	1	11	119	1197
2904	278479	349766	349768	3	3	2908	1	15	9	21	27	19	16	54	163	339	11	8	5	19	14	48	61	238	8	1	19	197	1979
2905	278577	349889	349890	3	3	2909	1	12	12	10	5	33	19	11	117	684	2	17	1	15	13	57	33	100	34	9	97	979	9793
2906	278673	350009	350011	3	3	2910	1	1	6	18	26	6	15	1	219	248	3	18	25	16	18	45	3	155	744	7	79	793	7939
2907	278769	350130	350131	3	3	2911	1	5	12	15	27	40	48	55	15	613	15	17	16	19	34	26	64	45	830	9	93	939	9399
2908	278865	350250	350252	3	3	2912	1	4	18	0	11	39	31	54	242	253	12	16	0	2	31	34	61	224	759	3	39	399	3995
2909	278956	350366	350367	3	3	2913	1	12	17	11	1	6	52	91	63	443	2	13	4	3	18	38	71	189	320	9	99	995	9952
2910	279054	350488	350490	3	3	2914	1	3	7	23	3	14	53	85	242	150	9	2	11	9	42	41	53	224	450	9	95	952	9520
2911	279152	350611	350613	3	3	2915	1	5	14	9	23	13	57	31	113	137	15	4	27	7	39	53	93	88	411	5	52	520	5206
2912	279248	350731	350733	3	3	2916	1	1	11	11	1	24	47	66	76	928	3	14	4	3	29	23	97	228	766	2	20	206	2061
2913	279344	350852	350853	3	3	2917	1	13	18	5	29	41	49	42	158	320	5	16	15	25	37	29	25	223	960	0	6	61	614
2914	279431	350963	350969	57	3*19	2918	1	0	17	2	22	7	22	45	145	911	0	0	27	14	12	15	40	233	468	6	61	614	6141
2915	279535	351092	351094	3	3	2919	1	2	5	16	19	20	58	4	233	26	6	15	19	26	17	56	12	197	78	1	14	141	1419
2916	279626	351208	351214	87	3*29	2920	1	11	8	9	10	31	54	98	136	376	5	12	0	2	31	37	42	35	424	4	41	419	4196
2917	279727	351333	351335	3	3	2921	1	7	6	11	7	28	1	10	36	614	4	18	4	21	41	3	30	108	833	1	19	196	1966
2918	279820	351451	351453	3	3	2922	1	13	1	4	7	5	11	8	83	713	5	3	12	21	15	33	24	249	121	9	96	966	9663
2919	279916	351572	351573	3	3	2923	1	3	7	8	26	15	56	76	204	832	9	2	24	16	2	50	26	110	478	6	66	663	6634
2920	280014	351694	351696	3	3	2924	1	10	6	26	25	2	28	13	191	754	13	18	20	13	6	25	39	71	244	6	63	634	6342
2921	280110	351815	351816	3	3	2925	1	11	7	16	25	16	6	39	39	784	16	2	19	13	5	18	16	117	334	3	34	342	3428
2922	280204	351933	351934	3	3	2926	1	7	2	21	1	15	10	63	133	515	4	6	5	3	2	30	88	148	536	4	42	428	4287
2923	280302	352055	352057	3	3	2927	1	9	1	13	15	9	5	16	137	703	10	3	10	14	27	15	48	160	91	2	28	287	2875
2924	280395	352173	352175	3	3	2928	1	4	10	4	26	15	12	80	236	454	12	11	12	16	2	36	38	206	353	8	87	875	8754
2925	280494	352296	352298	3	3	2929	1	4	16	20	11	28	58	35	0	129	12	10	2	2	41	56	4	0	387	7	75	754	7544
2926	280587	352414	352416	3	3	2930	1	15	1	26	16	4	51	94	104	417	11	3	20	17	12	35	80	61	242	5	54	544	5444
2927	280677	352529	352530	3	3	2931	1	5	1	9	11	37	49	94	169	991	15	3	27	2	25	29	80	5	955	4	44	444	4440
2928	280781	352657	352659	3	3	2932	1	1	11	13	15	2	48	75	180	362	3	14	10	14	6	26	23	38	77	4	44	440	4406
2929	280874	352775	352777	3	3	2933	1	7	2	15	23	5	2	30	106	498	4	6	16	7	15	6	90	67	485	4	40	406	4064
2930	280973	352898	352899	3	3	2934	1	12	6	19	9	40	41	50	190	213	2	18	28	27	34	5	49	68	639	0	6	64	643
2931	281068	353018	353020	3	3	2935	1	10	18	12	7	29	22	93	43	713	13	16	7	21	1	7	77	129	121	6	64	643	6437
2932	281164	353138	353140	3	3	2936	1	9	6	26	14	19	20	87	217	651	10	18	20	11	14	1	59	149	944	4	43	437	4374
2933	281260	353259	353260	3	3	2937	1	16	10	24	21	33	50	4	221	275	14	11	14	1	13	32	12	161	825	3	37	374	3745
2934	281351	353375	353376	3	3	2938	1	3	18	5	13	13	37	90	212	140	9	16	15	8	39	52	68	134	420	7	74	745	7451
2935	281449	353497	353499	3	3	2939	1	1	15	5	2	6	17	37	124	11	3	7	15	6	18	51	10	121	33	4	45	451	4512
2936	281547	353620	353621	3	3	2940	1	16	7	23	9	42	19	46	190	6	14	2	11	27	40	57	37	68	18	5	51	512	5123
2937	281643	353740	353742	3	3	2941	1	15	1	20	0	33	40	26	118	306	11	3	2	0	13	2	78	103	918	1	12	123	1237
2938	281739	353861	353862	3	3	2942	1	10	8	12	1	21	5	68	153	365	13	5	7	3	20	15	2	208	86	2	23	237	2371
2939	281830	353976	353978	3	3	2943	1	1	4	8	4	6	38	26	91	225	3	12	24	12	18	55	78	22	675	3	37	371	3718
2940	281931	354101	354103	3	3	2944	1	7	14	4	0	6	31	92	101	808	4	4	12	0	18	34	74	52	406	7	71	718	7181
2941	282027	354222	354223	3	3	2945	1	12	3	1	15	7	34	48	217	244	2	9	3	14	21	43	43	149	732	1	18	181	1819
2942	282122	354342	354344	3	3	2946	1	4	11	5	15	33	3	28	6	622	12	14	15	14	13	9	84	18	857	8	81	819	8192
2943	282216	354460	354462	3	3	2947	1	5	10	14	28	8	2	94	158	39	15	11	13	22	24	6	80	223	117	1	19	192	1921
2944	282312	354580	354582	3	3	2948	1	10	10	14	29	16	6	89	6	944	13	11	13	25	5	18	65	18	814	9	92	921	9217
2945	282410	354703	354705	3	3	2949	1	2	4	11	3	35	51	17	17	284	6	12	4	9	19	35	51	51	852	2	21	217	2179
2946	282506	354823	354825	3	3	2950	1	1	10	22	2	25	4	56	44	941	3	11	8	6	32	12	67	132	805	1	17	179	1799
2947	282597	354939	354941	3	3	2951	1	1	6	21	1	24	11	40	28	809	3	18	5	3	29	33	19	84	409	7	79	799	7999
2948	282697	355064	355066	3	3	2952	1	16	1	22	28	21	41	52	200	918	14	3	8	22	20	5	55	98	736	9	99	999	9998
2949	282782	355174	355184	1167	3*389	2953	1	15	10	18	12	1	3	89	134	254	12	4	10	23	6	20	35	5	781	9	99	998	9983
2950	282884	355300	355306	87	3*29	2954	1	8	0	27	12	14	53	9	172	395	16	0	0	21	14	9	76	155	59	9	98	983	9839
2951	282980	355421	355424	15	3*5	2955	1	3	17	25	8	5	28	48	130	179	11	8	27	27	32	7	13	193	667	8	83	839	8391
2952	283080	355546	355547	3	3	2956	1	3	6	28	22	8	18	69	226	555	9	18	26	4	24	54	5	176	656	3	39	391	3910
2953	283176	355666	355668	3	3	2957	1	3	6	19	25	34	33	17	231	309	9	18	28	13	16	40	51	191	927	9	91	910	9101
2954	283270	355784	355786	3	3	2958	1	7	4	9	5	7	1	80	142	331	4	12	27	15	21	3	38	175	993	1	10	101	1015
2955	283368	355907	355908	3	3	2959	1	6	18	19	21	8	57	37	130	775	1	16	28	1	24	53	10	139	307	0	1	15	159
2956	283464	356027	356029	3	3	2960	1	2	14	10	2	33	32	60	241	588	6	4	1	6	13	37	79	221	755	1	15	159	1591
2957	283560	356147	356149	3	3	2961	1	16	15	21	30	29	27	30	42	564	14	7	5	28	1	22	90	126	683	5	59	591	5919
2958	283655	356268	356269	3	3	2962	1	14	13	8	29	5	35	57	59	189	8	1	24	25	15	46	70	177	567	9	91	919	9195
2959	283747	356383	356385	3	3	2963	1	9	12	3	11	11	34	81	153	79	10	17	9	2	33	43	41	208	237	1	19	195	1956
2960	283845	356506	356508	3	3	2964	1	16	8	21	3	16	43	66	94	247	14	5	5	9	5	11	97	31	741	9	95	956	9561
2961	283943	356629	356630	3	3	2965	1	9	7	12	12	35	16	32	239	604	10	2	7	5	19	48	96	215	803	5	56	561	5618
2962	284039	356749	356751	3	3	2966	1	6	12	15	25	22	55	21	63	68	1	17	16	13	23	47	63	189	204	6	61	618	6181
2963	284134	356869	356871	3	3	2967	1	1	6	15	18	27	49	98	221	616	3	18	16	23	38	29	92	161	839	1	18	181	1814
2964	284226	356985	356987	3	3	2968	1	16	2	5	20	28	50	49	2	802	14	6	15	29	41	32	46	6	388	8	81	814	8146
2965	284326	357110	357112	3	3	2969	1	6	18	9	22	0	27	24	133	140	1	16	27	4	0	22	72	148	420	1	14	146	1467
2966	284422	357231	357232	3	3	2970	1	13	7	25	8	37	8	11	144	456	5	2	17	24	25	24	33	181	359	4	46	467	4675
2967	284510	357343	357345	3	3	2971	1	8	17	6	5	34	30	72	195	820	7	13	18	15	16	31	14	83	442	6	67	675	6751
2968	284607	357464	357466	3	3	2972	1	4	3	8	10	14	31	14	112	333	12	9	24	30	42	34	42	85	999	7	75	751	7514
2969	284707	357589	357591	3	3	2973	1	16	6	14	27	11	12	76	91	530	14	18	13	19	33	36	26	22	581	5	51	514	5142
2970	284805	357712	357714	3	3	2974	1	2	18	9	30	11	8	61	183	827	6	16	27	28	33	24	82	47	463	1	14	142	1426
2971	284897	357828	357834	57	3*19	2975	1	15	8	1	30	2	18	30	211	1003	5	0	28	5	28	23	94	230	667	4	42	426	4269
2972	284994	357950	357952	3	3	2976	1	15	1	9	3	0	50	14	114	85	11	3	27	9	0	32	42	91	255	2	26	269	2691
2973	285093	358073	358075	3	3	2977	1	12	4	21	30	1	43	35	9	522	2	12	5	28	3	11	4	27	557	6	69	691	6912
2974	285180	358185	358193	177	3*59	2978	1	3	12	10	30	15	1	63	149	136	4	15	1	9	32	0	41	18	865	9	91	912	9123
2975	285284	358314	358315	3	3	2979	1	5	5	28	5	40	0	41	151	810	15	15	26	15	34	0	22	202	412	1	12	123	1239
2976	285378	358432	358433	3	3	2980	1	11	7	24	13	24	39	35	79	355	16	2	14	8	29	58	4	237	56	2	23	239	2397
2977	285476	358554	358556	3	3	2981	1	11	6	28	30	26	46	22	187	409	16	18	26	28	35	20	66	59	218	3	39	397	3974
2978	285572	358675	358676	3	3	2982	1	15	7	4	22	32	19	40	217	315	11	2	12	4	10	57	19	149	945	9	97	974	9748
2979	285665	358793	358794	3	3	2983	1	1	2	7	14	34	7	63	18	791	3	6	21	11	16	21	88	54	355	7	74	748	7489
2980	285763	358916	358917	3	3	2984	1	1	1	5	14	33	31	19	222	887	3	3	15	11	13	34	57	164	643	4	48	489	4894
2981	285859	359036	359037	3	3	2985	1	13	12	0	9	22	11	6	49	861	5	17	0	27	23	33	18	147	565	8	89	894	8940
2982	285955	359156	359158	3	3	2986	1	0	16	24	23	29	26	35	104	314	0	10	14	7	1	19	4	61	942	9	94	940	9409
2983	286051	359277	359278	3	3	2987	1	2	5	13	16	32	41	28	2	116	6	15	10	17	10	5	84	6	348	4	40	409	4090
2984	286137	359387	359394	87	3*29	2988	1	12	10	14	8	13	40	19	137	107	7	15	0	14	13	58	37	122	228	0	9	90	907
2985	286240	359515	359517	3	3	2989	1	15	6	21	9	22	28	64	224	54	11	18	5	27	23	25	91	170	162	9	90	907	9071
2986	286338	359638	359639	3	3	2990	1	14	10	13	20	17	45	18	102	826	8	11	10	29	8	17	54	55	460	0	7	71	718
2987	286434	359758	359760	3	3	2991	1	15	6	20	15	37	58	100	14	199	11	18	2	14	25	56	98	42	597	7	71	718	7186
2988	286530	359878	359880	3	3	2992	1	10	18	3	23	27	15	47	76	924	13	16	9	7	38	45	40	228	754	1	18	186	1864
2989	286619	359992	359993	3	3	2993	1	16	4	3	6	25	58	75	83	980	14	12	9	18	32	56	23	249	922	8	86	864	8649
2990	286721	360119	360121	3	3	2994	1	1	10	3	20	5	4	13	125	638	3	11	9	29	15	12	39	124	905	6	64	649	6494
2991	286817	360239	360241	3	3	2995	1	9	13	6	1	36	0	6	207	370	10	1	18	3	22	0	18	119	101	4	49	494	4942
2992	286913	360360	360361	3	3	2996	1	3	18	4	18	19	6	62	79	684	9	16	12	23	14	18	85	237	34	9	94	942	9423
2993	287006	360478	360479	3	3	2997	1	11	9	15	6	6	36	90	19	779	16	8	16	18	18	49	68	57	319	4	42	423	4231
2994	287102	360598	360600	3	3	2998	1	15	4	25	30	38	3	38	199	277	11	12	17	28	28	9	13	95	831	2	23	231	2319
2995	287200	360721	360722	3	3	2999	1	5	8	17	1	14	32	35	37	515	15	5	22	3	42	37	4	111	536	3	31	319	3196
2996	287296	360841	360843	3	3	3000	1	1	5	28	5	2	33	21	131	611	3	15	26	15	6	40	63	142	824	1	19	196	1961
2997	287390	360959	360961	3	3	3001	1	7	18	4	7	26	19	87	23	428	4	16	12	21	35	57	59	69	275	9	96	961	9615
2998	287488	361082	361083	3	3	3002	1	12	3	2	2	9	48	50	219	578	2	9	6	6	27	26	49	155	725	6	61	615	6156
2999	287581	361200	361202	3	3	3003	1	2	6	19	6	35	42	89	72	230	6	18	28	18	19	8	65	216	690	1	15	156	1567
3000	287680	361323	361324	3	3	3004	1	9	12	22	0	2	15	18	70	724	10	17	8	0	6	45	54	210	154	5	56	567	5679
3001	287773	361441	361442	3	3	3005	1	10	10	2	9	12	39	97	81	86	13	11	6	27	36	58	89	243	258	6	67	679	6794
3002	287871	361563	361565	3	3	3006	1	7	4	9	5	23	56	85	91	987	4	12	27	15	26	50	53	22	943	7	79	794	7945
3003	287967	361684	361685	3	3	3007	1	5	10	5	15	42	46	65	10	224	15	11	15	14	40	20	94	30	672	9	94	945	9452
3004	288060	361802	361803	3	3	3008	1	10	11	13	12	22	6	25	83	45	13	14	10	5	23	18	75	249	135	4	45	452	4520
3005	288159	361924	361926	3	3	3009	1	15	1	17	13	42	42	21	143	382	11	3	22	8	40	8	63	178	137	5	52	520	5208
3006	288254	362045	362046	3	3	3010	1	10	13	7	4	42	7	24	56	591	13	1	21	12	40	21	72	168	764	2	20	208	2080
3007	288342	362157	362159	3	3	3011	1	8	0	13	10	13	50	93	169	376	7	0	10	30	39	32	77	5	119	0	8	80	809
3008	288446	362285	362287	3	3	3012	1	7	7	22	24	4	23	48	77	9	4	2	8	10	12	10	43	231	27	8	80	809	8095
3009	288535	362399	362400	3	3	3013	1	2	4	7	16	21	43	60	122	855	6	12	21	17	20	11	79	115	547	0	9	95	951
3010	288633	362522	362523	3	3	3014	1	9	1	1	26	4	33	99	8	689	10	3	3	16	12	40	95	24	49	9	95	951	9514
3011	288733	362647	362648	3	3	3015	1	8	1	19	17	26	54	35	213	795	7	3	28	20	35	44	4	137	367	5	51	514	5146
3012	288829	362767	362768	3	3	3016	1	16	18	15	13	33	12	30	153	847	14	16	16	8	13	36	90	208	523	1	14	146	1465
3013	288925	362887	362889	3	3	3017	1	2	14	18	10	1	30	1	222	787	6	4	25	30	3	31	3	164	343	4	46	465	4655
3014	289016	363003	363005	3	3	3018	1	15	12	17	20	42	18	69	169	949	11	17	22	29	40	54	5	5	829	6	65	655	6550
3015	289117	363128	363130	3	3	3019	1	8	13	6	21	30	2	41	232	905	7	1	18	1	4	6	22	194	697	5	55	550	5502
3016	289213	363248	363250	3	3	3020	1	16	15	28	23	38	16	61	223	60	14	7	26	7	28	48	82	167	180	5	50	502	5022
3017	289308	363369	363370	3	3	3021	1	3	2	21	18	6	45	100	97	953	9	6	5	23	18	17	98	40	841	0	2	22	225
3018	289402	363487	363488	3	3	3022	1	9	9	11	2	14	34	73	154	958	10	8	4	6	42	43	17	211	856	2	22	225	2252
3019	289498	363607	363609	3	3	3023	1	15	10	6	8	7	51	30	180	740	11	11	18	24	21	35	90	38	202	2	25	252	2523
3020	289596	363730	363731	3	3	3024	1	3	6	24	22	1	13	5	39	652	9	18	14	4	3	39	15	117	947	5	52	523	5231
3021	289692	363850	363852	3	3	3025	1	3	12	7	6	17	53	11	145	433	9	17	21	18	8	41	33	184	290	2	23	231	2316
3022	289785	363968	363970	3	3	3026	1	7	15	10	7	33	20	72	65	894	4	7	1	21	13	1	14	195	664	3	31	316	3160
3023	289883	364091	364092	3	3	3027	1	6	7	11	30	2	10	95	17	101	1	2	4	28	6	30	83	51	303	1	16	160	1603
3024	289977	364209	364210	3	3	3028	1	14	7	17	8	35	32	48	196	525	8	2	22	24	19	37	43	86	566	6	60	603	6038
3025	290075	364331	364333	3	3	3029	1	16	14	0	11	19	23	23	86	458	14	4	0	2	14	10	69	7	365	0	3	38	388
3026	290168	364450	364451	3	3	3030	1	13	6	22	30	20	48	22	2	803	5	18	8	28	17	26	66	6	391	3	38	388	3881
3027	290266	364572	364574	3	3	3031	1	4	18	7	2	23	51	87	3	415	12	16	21	6	26	35	59	9	236	8	88	881	8819
3028	290358	364688	364694	57	3*19	3032	1	6	9	7	21	32	9	40	168	42	2	0	22	19	18	41	58	38	376	8	81	819	8193
3029	290456	364811	364812	3	3	3033	1	12	1	12	13	10	15	40	178	647	2	3	7	8	30	45	19	32	932	1	19	193	1930
3030	290554	364933	364935	3	3	3034	1	6	4	4	8	27	27	66	211	179	1	12	12	24	38	22	97	131	537	9	93	930	9301
3031	290650	365054	365055	3	3	3035	1	1	6	1	9	30	56	96	41	577	3	18	3	27	4	50	86	123	722	3	30	301	3014
3032	290746	365174	365176	3	3	3036	1	9	5	25	13	41	5	56	195	627	10	15	17	8	37	15	67	83	872	0	1	14	142
3033	290841	365294	365296	3	3	3037	1	6	16	12	22	25	27	20	165	727	1	10	7	4	32	22	60	244	163	1	14	142	1420
3034	290933	365410	365412	3	3	3038	1	8	1	7	13	10	15	68	244	359	7	3	21	8	30	45	2	230	68	4	42	420	4209
3035	291031	365533	365534	3	3	3039	1	5	9	14	24	16	7	69	239	426	15	8	13	10	5	21	5	215	269	2	20	209	2093
3036	291129	365655	365657	3	3	3040	1	7	10	21	9	41	37	53	189	339	4	11	5	27	37	52	58	65	8	0	9	93	937
3037	291225	365776	365777	3	3	3041	1	12	1	8	2	13	5	91	111	471	2	3	24	6	39	15	71	82	404	9	93	937	9376
3038	291320	365896	365898	3	3	3042	1	2	12	19	3	33	7	18	243	336	6	17	28	9	13	21	54	227	1008	3	37	376	3762
3039	291412	366012	366013	3	3	3043	1	8	9	23	29	17	13	98	114	644	7	8	11	25	8	39	92	91	923	7	76	762	7621
3040	291512	366137	366138	3	3	3044	1	7	5	11	4	32	58	17	69	200	4	15	4	12	10	56	51	207	600	6	62	621	6213
3041	291608	366257	366259	3	3	3045	1	12	11	20	12	40	7	65	225	633	2	14	2	5	34	21	94	173	890	2	21	213	2137
3042	291698	366371	366379	201	3*67	3046	1	16	3	17	17	9	11	33	135	363	3	14	24	7	3	28	68	27	315	1	13	137	1378
3043	291797	366496	366497	3	3	3047	1	1	2	9	29	15	32	98	162	776	3	6	27	25	2	37	92	235	310	3	37	378	3785
3044	291893	366616	366617	3	3	3048	1	11	5	9	3	36	24	35	62	865	16	15	27	9	22	13	4	186	577	7	78	785	7855
3045	291991	366739	366740	3	3	3049	1	11	18	28	11	14	21	22	183	341	16	16	26	2	42	4	66	47	14	8	85	855	8559
3046	292079	366851	366853	3	3	3050	1	15	4	21	4	8	17	96	161	761	11	12	5	12	24	51	86	232	265	5	55	559	5595
3047	292180	366977	366979	3	3	3051	1	1	2	2	2	12	35	18	71	288	3	6	6	6	36	46	54	213	864	5	59	595	5956
3048	292279	367100	367101	3	3	3052	1	1	13	6	14	2	3	73	231	688	3	1	18	11	6	9	17	191	46	9	95	956	9566
3049	292372	367218	367219	3	3	3053	1	6	15	5	0	36	19	63	115	743	1	7	15	0	22	57	88	94	211	5	56	566	5663
3050	292470	367340	367342	3	3	3054	1	0	7	3	12	42	50	63	95	475	0	2	9	5	40	32	88	34	416	6	66	663	6638
3051	292559	367454	367460	87	3*29	3055	1	4	8	23	7	19	44	97	39	194	8	12	0	20	19	52	56	130	734	6	63	638	6389
3052	292662	367581	367583	3	3	3056	1	13	8	28	9	33	12	58	233	184	5	5	26	27	13	36	73	197	552	3	38	389	3893
3053	292758	367701	367703	3	3	3057	1	7	5	22	10	5	38	13	76	393	4	15	8	30	15	55	39	228	170	8	89	893	8937
3054	292851	367819	367821	3	3	3058	1	13	18	5	17	24	44	56	165	463	5	16	15	20	29	14	67	244	380	9	93	937	9377
3055	292949	367942	367944	3	3	3059	1	15	3	0	29	37	17	20	40	188	11	9	0	25	25	51	60	120	564	3	37	377	3778
3056	293045	368062	368064	3	3	3060	1	10	11	24	12	29	48	41	2	164	13	14	14	5	1	26	22	6	492	7	77	778	7787
3057	293141	368183	368184	3	3	3061	1	11	12	17	14	29	23	26	151	10	16	17	22	11	1	10	78	202	30	7	78	787	7870
3058	293237	368303	368305	3	3	3062	1	1	12	18	27	1	24	57	247	148	3	17	25	19	3	13	70	239	444	8	87	870	8708
3059	293322	368413	368420	219	3*73	3063	1	10	4	21	5	38	15	33	243	985	14	2	17	10	23	40	56	5	798	7	70	708	7083
3060	293426	368542	368543	3	3	3064	1	4	2	6	1	18	8	56	98	396	12	6	18	3	11	24	67	43	179	0	8	83	830
3061	293524	368664	368666	3	3	3065	1	4	17	15	26	36	54	44	19	688	12	13	16	16	22	44	31	57	46	8	83	830	8303
3062	293620	368785	368786	3	3	3066	1	7	1	14	27	9	4	22	24	623	4	3	13	19	27	12	66	72	860	3	30	303	3039
3063	293716	368905	368907	3	3	3067	1	5	13	4	11	4	44	16	154	251	15	1	12	2	12	14	48	211	753	0	3	39	390
3064	293807	369021	369022	3	3	3068	1	15	0	11	1	14	29	14	167	65	11	0	4	3	42	28	42	250	195	3	39	390	3906
3065	293907	369146	369147	3	3	3069	1	1	7	6	15	16	20	78	239	135	3	2	18	14	5	1	32	215	405	9	90	906	9069
3066	294003	369266	369268	3	3	3070	1	12	6	11	23	11	39	4	93	335	2	18	4	7	33	58	12	28	1005	0	6	69	697
3067	294099	369386	369388	3	3	3071	1	10	6	22	1	5	38	7	167	1000	13	18	8	3	15	55	21	250	982	6	69	697	6979
3068	294192	369504	369506	3	3	3072	1	12	4	26	12	24	43	78	226	833	2	12	20	5	29	11	32	176	481	9	97	979	9792
3069	294281	369618	369626	417	3*139	3073	1	9	12	19	5	42	25	87	65	955	13	7	6	8	13	41	20	248	689	7	79	792	7920
3070	294386	369747	369749	3	3	3074	1	7	14	27	19	29	54	76	217	446	4	4	23	26	1	44	26	149	329	9	92	920	9207
3071	294482	369868	369869	3	3	3075	1	5	15	24	11	29	55	93	185	209	15	7	14	2	1	47	77	53	627	2	20	207	2077
3072	294571	369981	369983	3	3	3076	1	14	15	1	7	21	32	61	71	62	8	7	3	21	20	37	82	213	186	0	7	77	773
3073	294674	370109	370110	3	3	3077	1	15	15	15	4	41	11	1	30	854	11	7	16	12	37	33	3	90	544	7	77	773	7734
3074	294767	370227	370228	3	3	3078	1	2	8	12	26	17	20	100	210	516	6	5	7	16	8	1	98	128	539	7	73	734	7346
3075	294866	370349	370351	3	3	3079	1	8	7	14	25	29	21	13	191	917	7	2	13	13	1	4	39	71	733	3	34	346	3467
3076	294954	370463	370469	75	3*5^2	3080	1	4	8	21	25	18	22	93	211	602	11	11	9	15	17	57	6	12	754	4	46	467	4672
3077	295057	370590	370592	3	3	3081	1	12	6	26	5	20	49	23	136	505	2	18	20	15	17	29	69	157	506	6	67	672	6722
3078	295153	370710	370712	3	3	3082	1	4	12	4	15	14	49	14	5	613	12	17	12	14	42	29	42	15	830	7	72	722	7221
3079	295246	370828	370830	3	3	3083	1	5	15	2	26	37	34	49	125	104	15	7	6	16	25	43	46	124	312	2	22	221	2218
3080	295345	370951	370953	3	3	3084	1	16	7	26	11	12	48	70	28	511	14	2	20	2	36	26	8	84	524	2	21	218	2182
3081	295440	371071	371073	3	3	3085	1	2	16	21	18	5	31	16	53	737	6	10	5	23	15	34	48	159	193	1	18	182	1825
3082	295536	371192	371193	3	3	3086	1	1	14	5	25	18	39	21	244	788	3	4	15	13	11	58	63	230	346	8	82	825	8256
3083	295632	371312	371314	3	3	3087	1	8	11	24	15	8	45	84	61	15	7	14	14	14	24	17	50	183	45	2	25	256	2562
3084	295723	371428	371429	3	3	3088	1	2	3	6	17	35	10	35	114	87	6	9	18	20	19	30	4	91	261	5	56	562	5625
3085	295812	371541	371552	1653	3*19*29	3089	1	3	4	3	21	38	41	81	111	871	12	0	0	24	34	41	68	2	929	6	62	625	6259
3086	295912	371665	371667	3	3	3090	1	11	16	20	13	14	46	21	149	976	16	10	2	8	42	20	63	196	910	2	25	259	2599
3087	296015	371793	371795	3	3	3091	1	7	4	16	14	35	31	57	223	562	4	12	19	11	19	34	70	167	677	5	59	599	5996
3088	296111	371914	371915	3	3	3092	1	3	6	7	21	8	3	51	142	788	9	18	21	1	24	9	52	175	346	9	99	996	9966
3089	296202	372030	372031	3	3	3093	1	11	4	15	13	15	45	41	23	8	16	12	16	8	2	17	22	69	24	9	96	966	9661
3090	296303	372155	372156	3	3	3094	1	1	16	10	10	5	5	23	122	829	3	10	1	30	15	15	69	115	469	6	66	661	6615
3091	296399	372275	372276	3	3	3095	1	6	6	22	9	39	10	93	15	757	1	18	8	27	31	30	77	45	253	6	61	615	6150
3092	296494	372395	372397	3	3	3096	1	2	7	9	0	22	34	0	109	166	6	2	27	0	23	43	0	76	498	1	15	150	1501
3093	296585	372511	372513	3	3	3097	1	2	8	9	5	14	32	50	218	179	6	5	27	15	42	37	49	152	537	5	50	501	5014
3094	296684	372634	372635	3	3	3098	1	13	4	27	20	7	20	47	39	805	5	12	23	29	21	1	40	117	397	0	1	14	142
3095	296782	372756	372758	3	3	3099	1	4	12	24	0	25	13	94	218	991	12	17	14	0	32	39	80	152	955	1	14	142	1421
3096	296878	372877	372878	3	3	3100	1	12	16	2	15	27	9	47	227	467	2	10	6	14	38	27	40	179	392	4	42	421	4215
3097	296971	372995	372996	3	3	3101	1	12	1	14	3	38	2	43	205	508	2	3	13	9	28	6	28	113	515	2	21	215	2150
3098	297069	373117	373119	3	3	3102	1	6	11	13	16	5	53	32	80	292	1	14	10	17	15	41	96	240	876	1	15	150	1503
3099	297163	373235	373237	3	3	3103	1	7	6	1	29	42	33	79	61	468	4	18	3	25	40	40	35	183	395	5	50	503	5030
3100	297261	373358	373360	3	3	3104	1	9	10	4	3	24	17	32	210	880	10	11	12	9	29	51	96	128	622	0	3	30	306
3101	297354	373476	373478	3	3	3105	1	8	5	2	19	31	49	85	17	642	7	15	6	26	7	29	53	51	917	3	30	306	3068
3102	297452	373599	373600	3	3	3106	1	13	18	3	25	41	55	46	203	354	5	16	9	13	37	47	37	107	53	0	6	68	680
3103	297548	373719	373721	3	3	3107	1	8	6	13	28	36	16	100	20	79	7	18	10	22	22	48	98	60	237	6	68	680	6803
3104	297642	373837	373839	3	3	3108	1	15	2	8	18	5	35	81	28	316	11	6	24	23	15	46	41	84	948	8	80	803	8038
3105	297734	373954	373961	249	3*83	3109	1	11	10	27	21	16	15	72	100	319	2	1	24	21	28	18	51	51	729	0	3	38	384
3106	297836	374080	374082	3	3	3110	1	2	18	13	14	30	47	55	72	249	6	16	10	11	4	23	64	216	747	3	38	384	3844
3107	297932	374201	374202	3	3	3111	1	13	7	18	22	12	42	9	55	856	5	2	25	4	36	8	27	165	550	8	84	844	8447
3108	298027	374321	374323	3	3	3112	1	7	1	10	25	38	16	18	87	155	4	3	1	13	28	48	54	10	465	4	44	447	4477
3109	298119	374437	374438	3	3	3113	1	10	14	10	1	27	20	100	227	761	13	4	1	3	38	1	98	179	265	4	47	477	4773
3110	298217	374559	374561	3	3	3114	1	7	1	3	29	32	19	7	112	124	4	3	9	25	10	57	21	85	372	7	77	773	7734
3111	298315	374682	374684	3	3	3115	1	5	14	0	2	1	39	93	150	276	15	4	0	6	3	58	77	199	828	7	73	734	7345
3112	298411	374802	374804	3	3	3116	1	4	3	14	30	18	34	11	107	35	12	9	13	28	11	43	33	70	105	3	34	345	3454
3113	298506	374923	374924	3	3	3117	1	11	11	28	29	30	38	76	90	406	16	14	26	25	4	55	26	19	209	4	45	454	4549
3114	298595	375036	375038	3	3	3118	1	11	8	1	27	32	15	77	170	923	16	5	3	19	10	45	29	8	751	5	54	549	5492
3115	298698	375163	375165	3	3	3119	1	5	12	11	15	40	39	1	196	338	15	17	4	14	34	58	3	86	5	4	49	492	4920
3116	298794	375284	375285	3	3	3120	1	1	4	5	12	18	55	97	8	512	3	12	15	5	11	47	89	24	527	9	92	920	9202
3117	298890	375404	375406	3	3	3121	1	13	10	22	25	3	57	62	217	902	5	11	8	13	9	53	85	149	688	2	20	202	2026
3118	298983	375522	375524	3	3	3122	1	0	11	9	16	0	35	16	148	711	0	14	27	17	0	46	48	193	115	0	2	26	260
3119	299074	375638	375644	87	3*29	3123	1	4	8	20	12	20	58	84	141	236	8	12	0	21	20	31	36	219	352	2	26	260	2605
3120	299177	375765	375767	3	3	3124	1	13	13	11	22	14	31	83	224	400	5	1	4	4	42	34	47	170	191	6	60	605	6054
3121	299273	375886	375887	3	3	3125	1	7	0	20	8	42	37	42	241	48	4	0	2	24	40	52	25	221	144	0	5	54	541
3122	299366	376004	376005	3	3	3126	1	13	9	8	22	32	44	29	116	72	5	8	24	4	10	14	87	97	216	5	54	541	5414
3123	299465	376126	376128	3	3	3127	1	15	6	26	10	16	39	88	119	648	11	18	20	30	5	58	62	106	935	4	41	414	4146
3124	299558	376244	376246	3	3	3128	1	2	5	9	27	22	14	56	216	198	6	15	27	19	23	42	67	146	594	1	14	146	1466
3125	299656	376367	376369	3	3	3129	1	11	1	18	30	29	57	87	140	36	16	3	25	28	1	53	59	169	108	4	46	466	4665
3126	299742	376477	376479	3	3	3130	1	7	10	7	8	18	39	84	120	428	4	11	21	24	11	58	50	109	275	6	66	665	6659
3127	299848	376608	376609	3	3	3131	1	9	14	20	15	27	41	19	174	949	10	4	2	14	38	5	57	20	829	6	65	659	6592
3128	299944	376728	376730	3	3	3132	1	3	15	20	30	5	22	7	223	711	9	7	2	28	15	7	21	167	115	5	59	592	5925
3129	300037	376846	376848	3	3	3133	1	11	14	26	3	34	17	60	137	932	16	4	20	9	16	51	79	160	778	9	92	925	9252
3130	300135	376969	376970	3	3	3134	1	7	15	5	5	38	49	10	56	161	4	7	15	15	28	29	30	168	483	2	25	252	2520
3131	300231	377089	377091	3	3	3135	1	5	2	13	3	40	14	60	116	197	15	6	10	9	34	42	79	97	591	5	52	520	5201
3132	300327	377209	377211	3	3	3136	1	1	7	17	30	15	55	19	123	99	3	2	22	28	2	47	57	118	297	2	20	201	2014
3133	300423	377330	377331	3	3	3137	1	1	12	19	22	22	2	21	211	1000	3	17	28	4	23	6	63	131	982	0	1	14	149
3134	300512	377443	377445	3	3	3138	1	2	4	11	8	41	2	38	163	593	6	12	4	24	37	6	13	238	770	1	14	149	1497
3135	300610	377566	377567	3	3	3139	1	14	2	8	8	5	13	89	80	529	8	6	24	24	15	39	65	240	578	4	49	497	4974
3136	300710	377691	377692	3	3	3140	1	9	18	24	9	42	30	12	192	491	10	16	14	27	40	31	36	74	464	9	97	974	9744
3137	300806	377811	377813	3	3	3141	1	16	7	9	23	32	36	52	179	835	14	2	27	7	10	49	55	35	487	7	74	744	7442
3138	300902	377932	377933	3	3	3142	1	7	16	25	16	39	51	90	117	811	4	10	17	17	31	35	68	100	415	4	44	442	4428
3139	300993	378047	378049	3	3	3143	1	7	15	16	15	29	54	90	163	722	4	7	19	14	1	44	68	238	148	4	42	428	4285
3140	301093	378172	378174	3	3	3144	1	16	11	20	14	7	29	29	206	699	14	14	2	11	21	28	87	116	79	2	28	285	2850
3141	301189	378293	378294	3	3	3145	1	15	18	12	20	3	2	63	150	115	11	16	7	29	9	6	88	199	345	8	85	850	8507
3142	301274	378402	378415	7239	3*19*127	3146	1	7	14	14	28	29	55	33	112	775	13	0	20	14	5	13	22	38	185	5	50	507	5073
3143	301378	378531	378533	3	3	3147	1	5	1	24	17	14	10	61	158	809	15	3	14	20	42	30	82	223	409	0	7	73	732
3144	301474	378651	378653	3	3	3148	1	15	16	6	26	5	1	94	105	159	11	10	18	16	15	3	80	64	477	7	73	732	7325
3145	301572	378774	378776	3	3	3149	1	12	6	5	20	35	3	14	185	220	2	18	15	29	19	9	42	53	660	3	32	325	3251
3146	301668	378894	378896	3	3	3150	1	4	5	12	1	6	0	96	101	361	12	15	7	3	18	0	86	52	74	2	25	251	2518
3147	301762	379012	379014	3	3	3151	1	5	7	14	16	24	14	38	235	341	15	2	13	17	29	42	13	203	14	5	51	518	5186
3148	301860	379135	379137	3	3	3152	1	16	6	11	30	35	19	13	118	865	14	18	4	28	19	57	39	103	577	1	18	186	1866
3149	301953	379253	379255	3	3	3153	1	14	9	16	30	39	38	90	246	1006	8	8	19	28	31	55	68	236	1000	8	86	866	8666
3150	302051	379376	379377	3	3	3154	1	1	10	3	1	42	24	100	105	301	3	11	9	3	40	13	98	64	903	6	66	666	6660
3151	302145	379494	379495	3	3	3155	1	5	4	16	1	19	52	83	76	668	15	12	19	3	14	38	47	228	995	6	66	660	6600
3152	302243	379617	379618	3	3	3156	1	16	12	7	4	40	58	4	161	112	14	17	21	12	34	56	12	232	336	6	60	600	6002
3153	302334	379732	379738	87	3*29	3157	1	13	13	18	30	34	8	66	199	59	9	10	0	6	34	47	86	245	88	0	0	2	21
3154	302432	379855	379857	3	3	3158	1	9	1	9	6	1	15	10	195	100	10	3	27	18	3	45	30	83	300	0	2	21	213
3155	302531	379978	379979	3	3	3159	1	7	11	28	0	18	14	95	145	735	4	14	26	0	11	42	83	184	187	2	21	213	2132
3156	302626	380098	380100	3	3	3160	1	3	11	19	14	10	29	42	218	62	9	14	28	11	30	28	25	152	186	1	13	132	1324
3157	302722	380218	380220	3	3	3161	1	3	10	16	5	42	15	22	249	91	9	11	19	15	40	45	66	245	273	3	32	324	3243
3158	302818	380339	380340	3	3	3162	1	1	6	19	15	41	25	18	198	92	3	18	28	14	37	16	54	92	276	2	24	243	2434
3159	302909	380454	380456	3	3	3163	1	5	3	12	21	13	37	51	114	576	15	9	7	1	39	52	52	91	719	4	43	434	4340
3160	303007	380577	380579	3	3	3164	1	14	5	10	15	23	3	85	210	93	8	15	1	14	26	9	53	128	279	3	34	340	3408
3161	303105	380700	380701	3	3	3165	1	16	10	8	4	9	6	28	35	834	14	11	24	12	27	18	84	105	484	4	40	408	4088
3162	303201	380820	380822	3	3	3166	1	14	13	17	3	16	47	28	77	475	8	1	22	9	5	23	84	231	416	0	8	88	881
3163	303297	380940	380942	3	3	3167	1	4	18	18	24	13	3	71	171	717	12	16	25	10	39	9	11	11	133	8	88	881	8819
3164	303388	381056	381058	3	3	3168	1	10	17	26	18	31	37	86	229	135	13	13	20	23	7	52	56	185	405	8	81	819	8190
3165	303489	381181	381183	3	3	3169	1	9	1	15	30	41	52	57	7	377	10	3	16	28	37	38	70	21	122	1	19	190	1907
3166	303577	381294	381295	3	3	3170	1	6	18	27	5	14	54	42	88	146	1	16	23	15	42	44	25	13	438	9	90	907	9071
3167	303680	381422	381423	3	3	3171	1	1	5	9	13	24	14	93	48	708	3	15	27	8	29	42	77	144	106	0	7	71	710
3168	303774	381540	381541	3	3	3172	1	12	18	25	2	22	22	72	57	909	2	16	17	6	23	7	14	171	709	7	71	710	7104
3169	303870	381660	381662	3	3	3173	1	8	12	5	7	6	17	24	192	868	7	17	15	21	18	51	72	74	586	1	10	104	1048
3170	303968	381783	381785	3	3	3174	1	13	11	13	21	6	7	53	122	952	5	14	10	1	18	21	58	115	838	0	4	48	486
3171	304064	381903	381905	3	3	3175	1	8	12	14	23	18	22	97	37	460	7	17	13	7	11	7	89	111	371	4	48	486	4863
3172	304157	382021	382023	3	3	3176	1	15	10	14	16	21	9	66	158	468	11	11	13	17	20	27	97	223	395	8	86	863	8633
3173	304255	382144	382146	3	3	3177	1	12	4	9	10	6	1	44	29	212	2	12	27	30	18	3	31	87	636	6	63	633	6331
3174	304349	382262	382264	3	3	3178	1	14	2	27	8	32	43	98	168	675	8	6	23	24	10	11	92	2	7	3	33	331	3317
3175	304447	382385	382386	3	3	3179	1	13	17	16	22	42	47	11	108	891	5	13	19	4	40	23	33	73	655	3	31	317	3173
3176	304540	382503	382504	3	3	3180	1	15	4	10	26	26	8	62	232	217	11	12	1	16	35	24	85	194	651	1	17	173	1734
3177	304638	382625	382627	3	3	3181	1	12	13	21	4	27	7	17	69	87	2	1	5	12	38	21	51	207	261	7	73	734	7346
3178	304734	382746	382747	3	3	3182	1	1	0	28	30	32	7	68	48	980	3	0	26	28	10	21	2	144	922	3	34	346	3464
3179	304828	382864	382865	3	3	3183	1	1	9	24	8	0	30	43	149	699	3	8	14	24	0	31	28	196	79	4	46	464	4649
3180	304926	382986	382988	3	3	3184	1	4	6	28	11	23	26	94	106	281	12	18	26	2	26	19	80	67	843	6	64	649	6496
3181	305022	383107	383108	3	3	3185	1	11	6	4	26	27	9	6	166	550	16	18	12	16	38	27	18	247	641	4	49	496	4965
3182	305118	383227	383229	3	3	3186	1	15	1	6	2	15	49	1	187	413	11	3	18	6	2	29	3	59	230	9	96	965	9651
3183	305213	383348	383349	3	3	3187	1	5	18	5	27	29	42	96	48	31	15	16	15	19	1	8	86	144	93	6	65	651	6514
3184	305304	383463	383465	3	3	3188	1	15	15	0	15	30	9	70	169	1005	11	7	0	14	4	27	8	5	997	5	51	514	5145
3185	305403	383586	383588	3	3	3189	1	6	3	28	14	27	9	37	156	789	1	9	26	11	38	27	10	217	349	1	14	145	1453
3186	305501	383709	383710	3	3	3190	1	0	13	13	9	34	33	24	12	445	0	1	10	27	16	40	72	36	326	4	45	453	4539
3187	305592	383824	383831	87	3*29	3191	1	3	11	18	9	23	5	27	49	740	6	7	0	8	23	22	26	247	813	5	53	539	5390
3188	305692	383949	383951	3	3	3192	1	13	2	18	22	26	41	97	36	370	5	6	25	4	35	5	89	108	101	3	39	390	3905
3189	305784	384065	384067	3	3	3193	1	3	17	4	13	21	31	26	83	784	9	13	12	8	20	34	78	249	334	9	90	905	9057
3190	305884	384190	384192	3	3	3194	1	14	12	20	27	34	51	75	130	879	8	17	2	19	16	35	23	139	619	0	5	57	579
3191	305980	384310	384312	3	3	3195	1	15	6	3	9	31	17	93	140	355	11	18	9	27	7	51	77	169	56	5	57	579	5796
3192	306076	384431	384432	3	3	3196	1	10	12	27	2	21	34	62	29	927	13	17	23	6	20	43	85	87	763	7	79	796	7962
3193	306169	384549	384550	3	3	3197	1	9	15	18	13	41	9	37	98	500	10	7	25	8	37	27	10	43	491	9	96	962	9626
3194	306265	384669	384671	3	3	3198	1	7	9	7	21	41	19	25	198	474	4	8	21	1	37	57	75	92	413	6	62	626	6268
3195	306363	384792	384793	3	3	3199	1	9	16	4	4	23	39	28	32	422	10	10	12	12	26	58	84	96	257	2	26	268	2685
3196	306459	384912	384914	3	3	3200	1	3	14	17	12	7	40	30	124	687	9	4	22	5	21	2	90	121	43	6	68	685	6856
3197	306550	385028	385029	3	3	3201	1	9	5	5	22	18	2	68	36	593	10	15	15	4	11	6	2	108	770	8	85	856	8561
3198	306651	385153	385154	3	3	3202	1	7	18	17	21	5	50	85	236	818	4	16	22	1	15	32	53	206	436	5	56	561	5610
3199	306740	385267	385272	57	3*19	3203	1	9	10	18	23	12	52	16	222	194	3	0	11	9	39	14	3	104	968	6	61	610	6100
3200	306842	385394	385395	3	3	3204	1	1	5	20	11	37	29	60	0	862	3	15	2	2	25	28	79	0	568	1	10	100	1005
3201	306933	385509	385513	15	3*5	3205	1	15	7	14	6	1	20	26	55	942	4	10	7	28	15	5	87	72	4	0	0	5	55
3202	307034	385634	385636	3	3	3206	1	12	6	8	10	31	4	62	12	953	2	18	24	30	7	12	85	36	841	0	5	55	550
3203	307130	385755	385756	3	3	3207	1	10	5	22	14	6	34	6	10	649	13	15	8	11	18	43	18	30	938	5	55	550	5508
3204	307223	385873	385874	3	3	3208	1	12	7	2	0	25	16	33	156	688	2	2	6	0	32	48	99	217	46	5	50	508	5081
3205	307321	385995	385997	3	3	3209	1	16	6	9	12	9	48	16	218	6	14	18	27	5	27	26	48	152	18	0	8	81	810
3206	307409	386108	386109	3	3	3210	1	7	11	9	25	39	49	46	141	956	4	14	27	13	31	29	37	172	850	8	81	810	8106
3207	307513	386236	386238	3	3	3211	1	5	10	7	9	6	23	8	173	879	15	11	21	27	18	10	24	17	619	1	10	106	1066
3208	307609	386356	386358	3	3	3212	1	16	1	17	10	40	54	67	249	95	14	3	22	30	34	44	100	245	285	0	6	66	665
3209	307700	386472	386474	3	3	3213	1	4	2	20	22	5	46	43	117	8	12	6	2	4	15	20	28	100	24	6	66	665	6658
3210	307798	386595	386596	3	3	3214	1	2	7	24	12	30	6	19	138	210	6	2	14	5	4	18	57	163	630	6	65	658	6587
3211	307896	386717	386719	3	3	3215	1	8	5	22	12	27	43	81	38	696	7	15	8	5	38	11	41	114	70	5	58	587	5879
3212	307992	386838	386839	3	3	3216	1	7	11	5	14	13	33	89	37	634	4	14	15	11	39	40	65	111	893	8	87	879	8796
3213	308088	386958	386960	3	3	3217	1	12	11	25	27	24	45	49	32	395	2	14	17	19	29	17	46	96	176	7	79	796	7969
3214	308179	387074	387075	3	3	3218	1	9	8	17	24	24	36	22	6	162	10	5	22	10	29	49	66	18	486	9	96	969	9699
3215	308279	387199	387200	3	3	3219	1	8	6	15	5	14	20	60	177	941	7	18	16	15	42	1	79	29	805	6	69	699	6998
3216	308375	387319	387321	3	3	3220	1	16	18	18	26	20	17	26	37	929	14	16	25	16	17	51	78	111	769	9	99	998	9981
3217	308471	387440	387441	3	3	3221	1	2	6	19	27	39	43	9	102	249	6	18	28	19	31	11	27	55	747	9	98	981	9816
3218	308562	387555	387557	3	3	3222	1	15	8	13	24	8	0	35	3	311	11	5	10	10	24	0	4	9	933	8	81	816	8163
3219	308660	387678	387680	3	3	3223	1	5	14	23	5	5	5	15	189	354	15	4	11	15	15	15	45	65	53	1	16	163	1635
3220	308758	387801	387802	3	3	3224	1	16	18	21	15	32	50	51	79	543	14	16	5	14	10	32	52	237	620	6	63	635	6357
3221	308854	387921	387923	3	3	3225	1	3	7	26	23	2	38	12	154	731	9	2	20	7	6	55	36	211	175	3	35	357	3574
3222	308948	388039	388041	3	3	3226	1	9	4	6	25	29	5	39	176	526	10	12	18	13	1	15	16	26	569	5	57	574	5747
3223	309046	388162	388163	3	3	3227	1	7	8	24	29	32	2	6	39	655	4	5	14	25	10	6	18	117	956	7	74	747	7473
3224	309139	388280	388281	3	3	3228	1	4	1	13	13	19	39	60	32	470	12	3	10	8	14	58	79	96	401	4	47	473	4736
3225	309237	388402	388404	3	3	3229	1	3	14	21	19	32	14	76	41	802	9	4	5	26	10	42	26	123	388	7	73	736	7363
3226	309331	388520	388522	3	3	3230	1	7	12	8	27	40	36	24	124	410	4	17	24	19	34	49	72	121	221	3	36	363	3638
3227	309429	388643	388645	3	3	3231	1	6	11	27	7	20	49	11	94	910	1	14	23	21	17	29	33	31	712	6	63	638	6384
3228	309525	388764	388765	3	3	3232	1	2	12	0	4	28	55	7	101	636	6	17	0	12	41	47	21	52	899	3	38	384	3840
3229	309618	388882	388883	3	3	3233	1	10	10	22	26	9	4	2	73	848	13	11	8	16	27	12	6	219	526	8	84	840	8405
3230	309717	389004	389006	3	3	3234	1	14	4	7	25	25	10	91	205	260	8	12	21	13	32	30	71	113	780	4	40	405	4052
3231	309812	389125	389126	3	3	3235	1	4	10	17	25	40	14	21	5	498	12	11	22	13	34	42	63	15	485	0	5	52	525
3232	309908	389245	389247	3	3	3236	1	12	17	2	5	29	7	6	214	678	2	13	6	15	1	21	18	140	16	5	52	525	5257
3233	310004	389365	389367	3	3	3237	1	9	1	4	15	19	35	13	167	58	10	3	12	14	14	46	39	250	174	2	25	257	2571
3234	310095	389481	389483	3	3	3238	1	5	18	7	30	34	42	48	16	219	15	16	21	28	16	8	43	48	657	5	57	571	5714
3235	310193	389604	389605	3	3	3239	1	7	0	5	27	22	20	65	141	348	4	0	15	19	23	1	94	172	35	7	71	714	7145
3236	310291	389726	389728	3	3	3240	1	9	7	12	18	30	6	9	235	176	10	2	7	23	4	18	27	203	528	1	14	145	1459
3237	310387	389847	389848	3	3	3241	1	6	6	1	25	42	32	61	166	165	1	18	3	13	40	37	82	247	495	4	45	459	4591
3238	310483	389967	389969	3	3	3242	1	13	6	12	15	33	14	7	51	412	5	18	7	14	13	42	21	153	227	5	59	591	5910
3239	310572	390080	390082	3	3	3243	1	7	7	12	22	27	4	42	153	413	4	2	7	4	38	12	25	208	230	9	91	910	9102
3240	310675	390208	390209	3	3	3244	1	7	18	8	9	21	50	66	202	630	4	16	24	27	20	32	97	104	881	1	10	102	1028
3241	310770	390328	390330	3	3	3245	1	12	14	19	7	6	27	92	179	164	2	4	28	21	18	22	74	35	492	0	2	28	289
3242	310866	390448	390450	3	3	3246	1	2	15	24	14	7	5	72	190	292	6	7	14	11	21	15	14	68	876	2	28	289	2897
3243	310960	390567	390568	3	3	3247	1	6	14	8	29	41	36	2	162	191	1	4	24	25	37	49	6	235	573	8	89	897	8970
3244	311056	390687	390688	3	3	3248	1	15	3	4	3	8	58	56	131	76	11	9	12	9	24	56	67	142	228	9	97	970	9706
3245	311154	390810	390811	3	3	3249	1	12	2	8	10	37	49	73	29	793	2	6	24	30	25	29	17	87	361	7	70	706	7064
3246	311242	390922	390924	3	3	3250	1	1	11	23	30	14	10	91	55	420	3	14	11	28	42	30	71	165	251	0	6	64	641
3247	311343	391048	391050	3	3	3251	1	1	10	9	0	5	36	87	134	419	3	11	27	0	15	49	59	151	248	6	64	641	6414
3248	311441	391171	391172	3	3	3252	1	4	6	28	1	41	55	58	81	788	12	18	26	3	37	47	73	243	346	4	41	414	4140
3249	311535	391289	391290	3	3	3253	1	9	10	12	20	30	50	89	176	473	10	11	7	29	4	32	65	26	410	1	14	140	1401
3250	311633	391411	391413	3	3	3254	1	15	18	10	0	10	42	96	188	546	11	16	1	0	30	8	86	62	629	4	40	401	4011
3251	311726	391529	391531	3	3	3255	1	1	9	7	3	21	10	71	169	934	3	8	21	9	20	30	11	5	784	0	1	11	110
3252	311824	391652	391654	3	3	3256	1	1	16	25	15	39	13	37	47	346	3	10	17	14	31	39	10	141	29	1	11	110	1109
3253	311920	391772	391774	3	3	3257	1	13	14	3	16	8	22	20	178	827	5	4	9	17	24	7	60	32	463	1	10	109	1097
3254	312009	391886	391892	87	3*29	3258	1	0	12	14	1	29	50	42	52	338	0	18	0	25	29	43	18	6	145	0	9	97	971
3255	312112	392013	392015	3	3	3259	1	2	18	28	3	35	18	23	0	152	6	16	26	9	19	54	69	0	456	9	97	971	9712
3256	312203	392129	392135	57	3*19	3260	1	15	13	21	5	14	47	74	4	545	5	0	8	6	24	24	77	228	795	7	71	712	7120
3257	312303	392254	392255	3	3	3261	1	7	5	25	25	33	40	1	112	566	4	15	17	13	13	2	3	85	689	1	12	120	1206
3258	312399	392374	392376	3	3	3262	1	14	4	0	28	29	1	96	229	133	8	12	0	22	1	3	86	185	399	2	20	206	2062
3259	312482	392482	392489	177	3*59	3263	1	12	2	22	1	10	33	14	63	823	16	12	8	22	7	0	54	107	375	0	6	62	628
3260	312586	392610	392612	3	3	3264	1	14	4	3	4	11	49	98	218	704	8	12	9	12	33	29	92	152	94	6	62	628	6280
3261	312687	392735	392737	3	3	3265	1	11	16	18	14	37	47	14	190	998	16	10	25	11	25	23	42	68	976	2	28	280	2804
3262	312783	392856	392857	3	3	3266	1	1	6	16	22	35	28	98	101	786	3	18	19	4	19	25	92	52	340	8	80	804	8043
3263	312878	392976	392978	3	3	3267	1	9	7	1	25	22	11	26	194	221	10	2	3	13	23	33	78	80	663	0	4	43	439
3264	312970	393092	393093	3	3	3268	1	11	8	18	1	20	31	63	180	393	16	5	25	3	17	34	88	38	170	4	43	439	4390
3265	313070	393217	393218	3	3	3269	1	4	1	14	21	12	52	53	187	804	12	3	13	1	36	38	58	59	394	3	39	390	3903
3266	313166	393337	393339	3	3	3270	1	7	12	4	2	0	12	99	216	954	4	17	12	6	0	36	95	146	844	9	90	903	9039
3267	313262	393457	393459	3	3	3271	1	5	16	14	30	37	12	61	79	852	15	10	13	28	25	36	82	237	538	0	3	39	397
3268	313355	393575	393577	3	3	3272	1	7	1	7	12	17	11	68	24	487	4	3	21	5	8	33	2	72	452	3	39	397	3975
3269	313451	393696	393697	3	3	3273	1	7	6	8	24	6	13	29	173	941	4	18	24	10	18	39	87	17	805	9	97	975	9759
3270	313549	393818	393820	3	3	3274	1	12	11	22	15	12	44	89	206	828	2	14	8	14	36	14	65	116	466	7	75	759	7595
3271	313645	393939	393940	3	3	3275	1	10	10	14	12	11	25	16	196	494	13	11	13	5	33	16	48	86	473	5	59	595	5951
3272	313738	394057	394058	3	3	3276	1	12	5	2	5	42	39	19	27	483	2	15	6	15	40	58	57	81	440	9	95	951	9515
3273	313837	394179	394181	3	3	3277	1	16	18	27	18	0	8	91	129	341	14	16	23	23	0	24	71	136	14	5	51	515	5156
3274	313930	394298	394299	3	3	3278	1	15	5	28	7	26	25	70	116	611	11	15	26	21	35	16	8	97	824	1	15	156	1567
3275	314028	394420	394422	3	3	3279	1	5	10	9	22	39	1	92	152	278	15	11	27	4	31	3	74	205	834	5	56	567	5677
3276	314122	394538	394540	3	3	3280	1	10	14	3	14	8	10	19	14	849	13	4	9	11	24	30	57	42	529	6	67	677	6771
3277	314220	394661	394662	3	3	3281	1	15	18	2	17	34	41	85	137	536	11	16	6	20	16	5	53	160	599	7	77	771	7715
3278	314309	394775	394783	219	3*73	3282	1	2	4	28	15	41	10	40	180	823	13	2	13	30	35	7	74	13	635	7	71	715	7157
3279	314409	394899	394901	3	3	3283	1	5	4	3	27	15	44	26	75	927	15	12	9	19	2	14	78	225	763	1	15	157	1577
3280	314507	395022	395024	3	3	3284	1	7	8	26	30	41	55	88	207	74	4	5	20	28	37	47	62	119	222	5	57	577	5770
3281	314603	395142	395144	3	3	3285	1	12	5	4	12	33	51	93	233	149	2	15	12	5	13	35	77	197	447	7	77	770	7700
3282	314699	395263	395264	3	3	3286	1	4	14	10	15	22	2	60	17	392	12	4	1	14	23	6	79	51	167	7	70	700	7004
3283	314795	395383	395385	3	3	3287	1	8	3	26	30	29	15	37	152	923	7	9	20	28	1	45	10	205	751	0	0	4	42
3284	314886	395499	395500	3	3	3288	1	2	5	2	13	3	10	33	52	859	6	15	6	8	9	30	99	156	559	0	4	42	420
3285	314976	395614	395615	3	3	3289	1	14	13	25	24	23	24	74	160	94	8	1	17	10	26	13	20	229	282	4	42	420	4203
3286	315082	395744	395746	3	3	3290	1	1	12	24	3	24	57	77	134	371	3	17	14	9	29	53	29	151	104	2	20	203	2033
3287	315178	395864	395866	3	3	3291	1	8	4	5	30	17	25	95	68	524	7	12	15	28	8	16	83	204	563	0	3	33	337
3288	315269	395980	395986	87	3*29	3292	1	7	1	4	20	25	37	94	36	947	14	11	0	4	25	33	98	120	660	3	33	337	3378
3289	315365	396101	396102	3	3	3293	1	11	6	23	9	20	18	78	65	932	16	18	11	27	17	54	32	195	778	3	37	378	3786
3290	315465	396226	396227	3	3	3294	1	11	1	16	14	29	46	61	77	997	16	3	19	11	1	20	82	231	973	7	78	786	7869
3291	315561	396346	396347	3	3	3295	1	7	13	7	9	5	43	22	213	723	4	1	21	27	15	11	66	137	151	8	86	869	8699
3292	315657	396466	396468	3	3	3296	1	3	0	27	23	36	32	0	186	518	9	0	23	7	22	37	0	56	545	6	69	699	6993
3293	315750	396584	396586	3	3	3297	1	4	9	2	28	21	29	2	29	1003	12	8	6	22	20	28	6	87	991	9	99	993	9936
3294	315846	396705	396706	3	3	3298	1	7	5	16	13	6	43	50	52	267	4	15	19	8	18	11	49	156	801	9	93	936	9360
3295	315944	396827	396829	3	3	3299	1	6	6	9	14	18	48	84	140	78	1	18	27	11	11	26	50	169	234	3	36	360	3600
3296	316040	396948	396949	3	3	3300	1	2	1	22	20	14	13	74	245	727	6	3	8	29	42	39	20	233	163	6	60	600	6007
3297	316134	397066	397067	3	3	3301	1	10	15	27	3	9	44	30	77	465	13	7	23	9	27	14	90	231	386	0	0	7	72
3298	316232	397188	397190	3	3	3302	1	14	14	24	23	1	50	100	81	446	8	4	14	7	3	32	98	243	329	0	7	72	723
3299	316325	397306	397308	3	3	3303	1	11	3	12	26	19	16	49	171	108	16	9	7	16	14	48	46	11	324	7	72	723	7230
3300	316423	397429	397431	3	3	3304	1	12	13	12	20	3	9	18	34	836	2	1	7	29	9	27	54	102	490	2	23	230	2305
3301	316517	397547	397549	3	3	3305	1	12	3	20	25	9	31	74	153	500	2	9	2	13	27	34	20	208	491	3	30	305	3055
3302	316615	397670	397671	3	3	3306	1	6	2	5	18	17	32	98	135	873	1	6	15	23	8	37	92	154	601	0	5	55	558
3303	316711	397790	397792	3	3	3307	1	1	7	4	30	23	33	12	9	689	3	2	12	28	26	40	36	27	49	5	55	558	5587
3304	316804	397908	397910	3	3	3308	1	12	10	2	30	17	26	66	141	620	2	11	6	28	8	19	97	172	851	5	58	587	5876
3305	316903	398031	398032	3	3	3309	1	6	6	3	1	24	43	37	108	700	1	18	9	3	29	11	10	73	82	8	87	876	8763
3306	316998	398151	398153	3	3	3310	1	13	12	13	5	42	44	52	104	747	5	17	10	15	40	14	55	61	223	7	76	763	7631
3307	317094	398272	398273	3	3	3311	1	8	18	11	4	42	39	13	5	348	7	16	4	12	40	58	39	15	35	6	63	631	6317
3308	317190	398392	398393	3	3	3312	1	7	7	8	2	11	2	82	27	81	4	2	24	6	33	6	44	81	243	3	31	317	3176
3309	317281	398508	398509	3	3	3313	1	10	9	4	26	38	48	21	44	637	13	8	12	16	28	26	63	132	902	1	17	176	1763
3310	317379	398630	398632	3	3	3314	1	14	18	21	0	9	58	3	55	160	8	16	5	0	27	56	9	165	480	7	76	763	7635
3311	317477	398753	398755	3	3	3315	1	13	11	10	14	14	36	65	44	27	5	14	1	11	42	49	94	132	81	6	63	635	6359
3312	317573	398873	398875	3	3	3316	1	7	18	18	5	26	15	89	129	617	4	16	25	15	35	45	65	136	842	3	35	359	3594
3313	317665	398989	398995	57	3*19	3317	1	6	14	13	22	4	3	75	51	152	2	0	16	14	13	53	33	146	592	5	59	594	5942
3314	317760	399109	399111	3	3	3318	1	15	4	0	21	31	23	80	65	210	11	12	0	1	7	10	38	195	630	9	94	942	9421
3315	317861	399234	399236	3	3	3319	1	5	4	14	13	18	28	22	177	376	15	12	13	8	11	25	66	29	119	4	42	421	4218
3316	317956	399355	399356	3	3	3320	1	4	6	28	4	30	53	7	209	932	12	18	26	12	4	41	21	125	778	2	21	218	2187
3317	318052	399475	399477	3	3	3321	1	11	5	9	3	38	29	0	221	754	16	15	27	9	28	28	0	161	244	1	18	187	1873
3318	318146	399593	399595	3	3	3322	1	3	7	8	11	27	44	36	169	361	9	2	24	2	38	14	7	5	74	8	87	873	8731
3319	318242	399713	399715	3	3	3323	1	1	5	1	28	14	45	11	220	415	3	15	3	22	42	17	33	158	236	7	73	731	7312
3320	318340	399836	399838	3	3	3324	1	1	7	22	30	35	8	23	66	919	3	2	8	28	19	24	69	198	739	3	31	312	3125
3321	318436	399957	399958	3	3	3325	1	13	10	16	17	1	11	90	61	307	5	11	19	20	3	33	68	183	921	1	12	125	1251
3322	318522	400067	400074	87	3*29	3326	1	0	13	3	14	33	46	97	37	32	0	10	0	9	33	49	56	207	766	2	25	251	2514
3323	318627	400197	400199	3	3	3327	1	2	12	11	10	36	23	79	194	106	6	17	4	30	22	10	35	80	318	5	51	514	5147
3324	318721	400315	400317	3	3	3328	1	6	7	4	7	9	30	20	239	731	1	2	12	21	27	31	60	215	175	1	14	147	1471
3325	318811	400430	400432	3	3	3329	1	7	16	14	8	27	10	43	106	505	4	10	13	24	38	30	28	67	506	4	47	471	4712
3326	318910	400554	400558	15	3*5	3330	1	6	5	8	22	30	22	61	248	602	5	18	4	20	20	35	6	206	958	7	71	712	7120
3327	319010	400679	400680	3	3	3331	1	15	11	16	18	14	3	89	246	982	11	14	19	23	42	9	65	236	928	1	12	120	1205
3328	319106	400799	400801	3	3	3332	1	10	10	18	10	23	17	70	106	721	13	11	25	30	26	51	8	67	145	2	20	205	2053
3329	319200	400917	400919	3	3	3333	1	9	5	20	8	27	21	54	149	601	10	15	2	24	38	4	61	196	794	0	5	53	532
3330	319298	401040	401041	3	3	3334	1	1	18	20	22	7	8	46	241	595	3	16	2	4	21	24	37	221	776	5	53	532	5329
3331	319394	401160	401162	3	3	3335	1	9	6	20	6	27	27	10	248	181	10	18	2	18	38	22	30	242	543	3	32	329	3292
3332	319489	401280	401282	3	3	3336	1	3	10	14	4	30	29	51	37	398	9	11	13	12	4	28	52	111	185	2	29	292	2928
3333	319585	401401	401402	3	3	3337	1	4	13	5	30	41	2	21	179	156	12	1	15	28	37	6	63	35	468	9	92	928	9281
3334	319676	401516	401518	3	3	3338	1	3	3	4	14	1	8	75	111	294	9	9	12	11	3	24	23	82	882	2	28	281	2819
3335	319775	401639	401641	3	3	3339	1	1	9	15	27	7	33	43	227	70	3	8	16	19	21	40	28	179	210	8	81	819	8191
3336	319873	401762	401763	3	3	3340	1	1	1	19	26	37	56	69	47	996	3	3	28	16	25	50	5	141	970	1	19	191	1918
3337	319969	401882	401884	3	3	3341	1	1	8	12	2	41	17	76	217	208	3	5	7	6	37	51	26	149	624	9	91	918	9182
3338	320064	402003	402004	3	3	3342	1	12	5	26	27	13	24	73	218	679	2	15	20	19	39	13	17	152	19	1	18	182	1826
3339	320156	402118	402120	3	3	3343	1	14	15	23	15	34	14	1	91	796	8	7	11	14	16	42	3	22	370	8	82	826	8261
3340	320256	402243	402245	3	3	3344	1	9	3	9	8	38	12	18	123	110	10	9	27	24	28	36	54	118	330	2	26	261	2618
3341	320352	402364	402365	3	3	3345	1	16	11	25	9	32	25	69	21	731	14	14	17	27	10	16	5	63	175	6	61	618	6186
3342	320448	402484	402486	3	3	3346	1	7	12	23	13	40	18	69	17	55	4	17	11	8	34	54	5	51	165	1	18	186	1861
3343	320539	402600	402601	3	3	3347	1	7	2	24	17	31	7	30	6	89	4	6	14	20	7	21	90	18	267	8	86	861	8612
3344	320637	402722	402724	3	3	3348	1	10	16	14	3	15	43	64	44	817	13	10	13	9	2	11	91	132	433	6	61	612	6125
3345	320735	402845	402847	3	3	3349	1	15	10	26	27	8	14	87	59	973	11	11	20	19	24	42	59	177	901	1	12	125	1258
3346	320831	402965	402967	3	3	3350	1	10	17	4	9	14	4	100	214	223	13	13	12	27	42	12	98	140	669	2	25	258	2586
3347	320924	403083	403085	3	3	3351	1	5	4	6	19	4	32	20	203	89	15	12	18	26	12	37	60	107	267	5	58	586	5867
3348	321022	403206	403208	3	3	3352	1	7	13	5	3	17	41	92	160	800	4	1	15	9	8	5	74	229	382	8	86	867	8673
3349	321116	403324	403326	3	3	3353	1	16	0	14	21	9	40	100	105	560	14	0	13	1	27	2	98	64	671	6	67	673	6732
3350	321214	403447	403448	3	3	3354	1	4	7	12	4	8	5	90	184	777	12	2	7	12	24	15	68	50	313	7	73	732	7321
3351	321308	403565	403566	3	3	3355	1	5	5	8	21	17	52	33	2	62	15	15	24	1	8	38	99	6	186	3	32	321	3215
3352	321406	403688	403689	3	3	3356	1	16	6	22	23	3	4	59	50	691	14	18	8	7	9	12	76	150	55	2	21	215	2157
3353	321502	403808	403809	3	3	3357	1	2	1	3	21	33	40	2	214	342	6	3	9	1	13	2	6	140	17	1	15	157	1579
3354	321595	403926	403927	3	3	3358	1	7	15	16	3	1	40	51	20	669	4	7	19	9	3	2	52	60	998	5	57	579	5791
3355	321693	404049	404050	3	3	3359	1	8	14	7	11	34	33	77	61	856	7	4	21	2	16	40	29	183	550	7	79	791	7919
3356	321784	404164	404171	87	3*29	3360	1	7	11	9	18	25	14	43	120	521	14	7	0	16	25	38	4	149	931	9	91	919	9198
3357	321885	404289	404291	3	3	3361	1	3	13	16	10	29	39	99	7	822	9	1	19	30	1	58	95	21	448	1	19	198	1984
3358	321981	404410	404411	3	3	3362	1	11	15	28	14	29	40	98	76	375	16	7	26	11	1	2	92	228	116	9	98	984	9841
3359	322072	404525	404527	3	3	3363	1	3	13	17	0	31	24	78	185	302	9	1	22	0	7	13	32	53	906	8	84	841	8414
3360	322170	404648	404650	3	3	3364	1	4	9	9	21	24	47	94	80	675	12	8	27	1	29	23	80	240	7	4	41	414	4148
3361	322268	404771	404772	3	3	3365	1	3	12	19	23	4	3	60	229	415	9	17	28	7	12	9	79	185	236	1	14	148	1484
3362	322364	404891	404893	3	3	3366	1	1	6	10	9	36	52	100	145	394	3	18	1	27	22	38	98	184	173	4	48	484	4848
3363	322460	405011	405013	3	3	3367	1	6	12	21	10	9	36	44	31	36	1	17	5	30	27	49	31	93	108	8	84	848	8488
3364	322549	405125	405126	3	3	3368	1	6	12	17	23	42	30	41	33	504	1	17	22	7	40	31	22	99	503	4	48	488	4882
3365	322643	405244	405246	3	3	3369	1	16	11	19	14	11	41	43	19	114	14	14	28	11	33	5	28	57	342	8	88	882	8829
3366	322747	405372	405374	3	3	3370	1	14	16	18	12	16	26	90	239	76	8	10	25	5	5	19	68	215	228	8	82	829	8291
3367	322843	405493	405494	3	3	3371	1	4	14	12	14	11	55	61	248	802	12	4	7	11	33	47	82	242	388	2	29	291	2916
3368	322936	405611	405612	3	3	3372	1	16	6	3	24	1	2	70	56	225	14	18	9	10	3	6	8	168	675	9	91	916	9164
3369	323032	405731	405733	3	3	3373	1	12	15	3	27	24	15	28	221	247	2	7	9	19	29	45	84	161	741	1	16	164	1644
3370	323126	405850	405855	57	3*19	3374	1	3	15	2	28	20	16	98	29	473	1	0	27	15	22	27	31	147	727	6	64	644	6447
3371	323226	405974	405976	3	3	3375	1	1	5	9	26	29	28	86	4	10	3	15	27	16	1	25	56	12	30	4	44	447	4470
3372	323320	406092	406094	3	3	3376	1	12	16	5	24	23	22	55	211	579	2	10	15	10	26	7	64	131	728	4	47	470	4706
3373	323418	406215	406217	3	3	3377	1	6	6	13	11	2	13	56	133	617	1	18	10	2	6	39	67	148	842	7	70	706	7060
3374	323511	406333	406335	3	3	3378	1	6	1	26	5	34	1	86	79	854	1	3	20	15	16	3	56	237	544	0	6	60	609
3375	323609	406456	406457	3	3	3379	1	8	16	12	15	42	40	8	73	473	7	10	7	14	40	2	24	219	410	6	60	609	6095
3376	323703	406574	406575	3	3	3380	1	15	5	25	17	23	29	32	238	798	11	15	17	20	26	28	96	212	376	0	9	95	957
3377	323801	406696	406698	3	3	3381	1	12	7	19	1	14	17	64	217	152	2	2	28	3	42	51	91	149	456	9	95	957	9575
3378	323897	406817	406818	3	3	3382	1	2	10	16	29	20	32	60	182	11	6	11	19	25	17	37	79	44	33	5	57	575	5752
3379	323990	406935	406936	3	3	3383	1	6	4	10	13	20	10	61	203	848	1	12	1	8	17	30	82	107	526	7	75	752	7527
3380	324088	407057	407059	3	3	3384	1	7	12	21	19	13	3	74	182	742	4	17	5	26	39	9	20	44	208	5	52	527	5270
3381	324184	407178	407179	3	3	3385	1	12	16	28	11	12	30	88	229	33	2	10	26	2	36	31	62	185	99	2	27	270	2706
3382	324280	407298	407300	3	3	3386	1	1	5	4	7	5	14	85	188	324	3	15	12	21	15	42	53	62	972	7	70	706	7069
3383	324376	407418	407420	3	3	3387	1	5	11	28	4	18	37	75	113	59	15	14	26	12	11	52	23	88	177	0	6	69	695
3384	324460	407527	407529	3	3	3388	1	10	16	16	30	24	12	23	154	262	13	10	19	28	29	36	69	211	786	6	69	695	6957
3385	324558	407650	407652	3	3	3389	1	10	14	4	5	10	40	31	40	25	13	4	12	15	30	2	93	120	75	9	95	957	9572
3386	324663	407780	407781	3	3	3390	1	15	6	5	25	28	20	75	117	86	11	18	15	13	41	1	23	100	258	5	57	572	5722
3387	324759	407900	407901	3	3	3391	1	5	18	0	5	35	8	8	15	589	15	16	0	15	19	24	24	45	758	7	72	722	7220
3388	324855	408020	408022	3	3	3392	1	1	6	24	15	35	39	44	103	484	3	18	14	14	19	58	31	58	443	2	22	220	2209
3389	324946	408136	408138	3	3	3393	1	8	8	4	30	33	47	46	77	901	7	5	12	28	13	23	37	231	685	2	20	209	2091
3390	325042	408256	408263	87	3*29	3394	1	0	7	5	10	7	19	35	229	581	0	1	0	2	7	1	15	94	97	0	9	91	917
3391	325142	408381	408383	3	3	3395	1	2	18	18	18	5	15	16	173	253	6	16	25	23	15	45	48	17	759	9	91	917	9175
3392	325238	408502	408503	3	3	3396	1	13	7	13	25	39	8	67	180	305	5	2	10	13	31	24	100	38	915	1	17	175	1756
3393	325332	408620	408621	3	3	3397	1	15	4	4	3	13	17	18	79	567	11	12	12	9	39	51	54	237	692	7	75	756	7567
3394	325428	408740	408742	3	3	3398	1	13	13	18	23	27	1	42	189	976	5	1	25	7	38	3	25	65	910	5	56	567	5671
3395	325526	408863	408864	3	3	3399	1	15	5	27	9	35	43	78	167	734	11	15	23	27	19	11	32	250	184	6	67	671	6711
3396	325621	408983	408985	3	3	3400	1	10	14	3	7	25	48	81	235	936	13	4	9	21	32	26	41	203	790	7	71	711	7116
3397	325715	409101	409103	3	3	3401	1	9	12	7	9	14	40	58	180	452	10	17	21	27	42	2	73	38	347	1	11	116	1167
3398	325813	409224	409225	3	3	3402	1	1	11	4	21	18	9	44	61	92	3	14	12	1	11	27	31	183	276	1	16	167	1672
3399	325907	409342	409343	3	3	3403	1	12	10	15	3	1	20	10	91	431	2	11	16	9	3	1	30	22	284	6	67	672	6722
3400	326005	409465	409466	3	3	3404	1	3	12	9	10	38	19	17	116	870	9	17	27	30	28	57	51	97	592	7	72	722	7229
3401	326098	409583	409584	3	3	3405	1	11	16	15	8	22	14	68	72	294	16	10	16	24	23	42	2	216	882	2	22	229	2291
3402	326196	409705	409707	3	3	3406	1	7	10	28	0	26	15	27	129	343	4	11	26	0	35	45	81	136	20	2	29	291	2910
3403	326292	409826	409827	3	3	3407	1	5	17	20	1	41	41	66	99	31	15	13	2	3	37	5	97	46	93	9	91	910	9109
3404	326386	409944	409945	3	3	3408	1	7	4	12	20	33	27	48	207	920	4	12	7	29	13	22	43	119	742	1	10	109	1098
3405	326476	410058	410060	3	3	3409	1	1	15	26	0	10	44	76	133	939	3	7	20	0	30	14	26	148	799	0	9	98	981
3406	326580	410187	410188	3	3	3410	1	12	0	22	15	38	5	37	231	232	2	0	8	14	28	15	10	191	696	9	98	981	9816
3407	326675	410307	410309	3	3	3411	1	10	7	10	15	30	1	95	109	673	13	2	1	14	4	3	83	76	1	8	81	816	8169
3408	326771	410427	410429	3	3	3412	1	9	6	9	16	12	50	86	94	278	10	18	27	17	36	32	56	31	834	1	16	169	1690
3409	326862	410543	410545	3	3	3413	1	2	1	6	12	17	24	86	219	125	6	3	18	5	8	13	56	155	375	6	69	690	6909
3410	326961	410666	410667	3	3	3414	1	15	4	13	13	6	5	86	129	737	11	12	10	8	18	15	56	136	193	9	90	909	9091
3411	327059	410788	410790	3	3	3415	1	5	18	17	2	31	19	24	139	411	15	16	22	6	7	57	72	166	224	0	9	91	915
3412	327155	410909	410910	3	3	3416	1	16	14	7	25	1	23	83	15	736	14	4	21	13	3	10	47	45	190	9	91	915	9152
3413	327250	411029	411031	3	3	3417	1	15	15	4	28	18	55	45	84	127	11	7	12	22	11	47	34	1	381	1	15	152	1528
3414	327341	411145	411146	3	3	3418	1	14	18	9	16	27	44	12	193	78	8	16	27	17	38	14	36	77	234	5	52	528	5280
3415	327442	411270	411271	3	3	3419	1	8	15	5	7	1	8	83	99	851	7	7	15	21	3	24	47	46	535	2	28	280	2801
3416	327538	411390	411392	3	3	3420	1	7	2	25	14	40	43	51	226	607	4	6	17	11	34	11	52	176	812	8	80	801	8017
3417	327634	411511	411512	3	3	3421	1	12	7	19	22	18	10	36	28	165	2	2	28	4	11	30	7	84	495	0	1	17	173
3418	327727	411629	411630	3	3	3422	1	11	10	3	5	35	54	93	89	580	16	11	9	15	19	44	77	16	731	1	17	173	1735
3419	327823	411749	411751	3	3	3423	1	5	5	21	5	0	46	40	211	883	15	15	5	15	0	20	19	131	631	7	73	735	7350
3420	327921	411872	411873	3	3	3424	1	16	12	19	21	19	51	46	122	702	14	17	28	1	14	35	37	115	88	3	35	350	3506
3421	328017	411992	411994	3	3	3425	1	2	18	6	2	14	42	82	80	361	6	16	18	6	42	8	44	240	74	5	50	506	5067
3422	328110	412110	412112	3	3	3426	1	7	9	23	6	17	19	29	66	683	4	8	11	18	8	57	87	198	31	0	6	67	671
3423	328208	412233	412234	3	3	3427	1	8	16	21	29	31	54	98	104	545	7	10	5	25	7	44	92	61	626	6	67	671	6712
3424	328302	412351	412352	3	3	3428	1	10	18	11	24	29	32	76	200	512	13	16	4	10	1	37	26	98	527	7	71	712	7127
3425	328400	412473	412475	3	3	3429	1	3	11	1	15	24	33	69	178	239	9	14	3	14	29	40	5	32	717	1	12	127	1274
3426	328494	412591	412593	3	3	3430	1	9	15	28	21	23	52	58	24	582	10	7	26	1	26	38	73	72	737	2	27	274	2748
3427	328587	412710	412716	57	3*19	3431	1	12	16	8	16	39	11	32	169	830	4	0	21	13	30	37	6	95	896	7	74	748	7485
3428	328688	412834	412836	3	3	3432	1	3	5	21	18	27	0	86	50	18	9	15	5	23	38	0	56	150	54	4	48	485	4858
3429	328781	412952	412954	3	3	3433	1	4	16	8	7	1	36	59	226	199	12	10	24	21	3	49	76	176	597	8	85	858	8583
3430	328879	413075	413077	3	3	3434	1	1	6	27	22	41	52	7	147	255	3	18	23	4	37	38	21	190	765	5	58	583	5832
3431	328975	413196	413197	3	3	3435	1	6	5	0	8	38	33	22	134	926	1	15	0	24	28	40	66	151	760	8	83	832	8322
3432	329071	413316	413317	3	3	3436	1	2	16	23	17	40	4	10	18	161	6	10	11	20	34	12	30	54	483	3	32	322	3222
3433	329167	413436	413438	3	3	3437	1	16	6	7	10	15	2	49	126	94	14	18	21	30	2	6	46	127	282	2	22	222	2228
3434	329258	413552	413554	3	3	3438	1	6	17	3	24	37	39	20	5	135	1	13	9	10	25	58	60	15	405	2	22	228	2287
3435	329356	413675	413676	3	3	3439	1	11	2	12	6	36	39	66	196	14	16	6	7	18	22	58	97	86	42	2	28	287	2871
3436	329454	413797	413799	3	3	3440	1	12	1	4	12	39	12	27	11	385	2	3	12	5	31	36	81	33	146	8	87	871	8718
3437	329550	413918	413919	3	3	3441	1	9	12	1	15	42	27	30	112	985	10	17	3	14	40	22	90	85	937	7	71	718	7183
3438	329646	414038	414040	3	3	3442	1	6	16	25	30	32	48	54	18	259	1	10	17	28	10	26	61	54	777	1	18	183	1835
3439	329737	414154	414155	3	3	3443	1	15	4	26	13	5	20	82	215	939	11	12	20	8	15	1	44	143	799	8	83	835	8352
3440	329837	414279	414280	3	3	3444	1	9	11	1	5	37	13	69	138	892	10	14	3	15	25	39	5	163	658	3	35	352	3520
3441	329933	414399	414401	3	3	3445	1	6	11	12	3	7	50	40	161	201	1	14	7	9	21	32	19	232	603	5	52	520	5209
3442	330029	414519	414521	3	3	3446	1	13	10	21	30	3	37	40	98	227	5	11	5	28	9	52	19	43	681	2	20	209	2093
3443	330122	414637	414639	3	3	3447	1	5	5	19	23	29	26	0	43	602	15	15	28	7	1	19	0	129	797	0	9	93	935
3444	330218	414758	414759	3	3	3448	1	15	15	27	14	14	7	68	173	131	11	7	23	11	42	21	2	17	393	9	93	935	9353
3445	330308	414873	414874	3	3	3449	1	12	4	20	26	10	20	68	223	88	2	12	2	16	30	1	2	167	264	3	35	353	3539
3446	330412	415001	415002	3	3	3450	1	2	10	11	9	35	34	74	111	967	6	11	4	27	19	43	20	82	883	5	53	539	5396
3447	330503	415117	415118	3	3	3451	1	8	18	24	22	14	32	12	198	273	7	16	14	4	42	37	36	92	819	3	39	396	3965
3448	330604	415242	415243	3	3	3452	1	7	18	8	16	34	29	57	241	349	4	16	24	17	16	28	70	221	38	9	96	965	9657
3449	330697	415360	415361	3	3	3453	1	16	9	9	13	7	24	80	11	667	14	8	27	8	21	13	38	33	992	6	65	657	6572
3450	330795	415482	415484	3	3	3454	1	1	1	16	14	23	16	30	84	662	3	3	19	11	26	48	90	1	977	5	57	572	5725
3451	330887	415598	415602	15	3*5	3455	1	7	14	22	7	12	27	81	6	438	3	1	11	12	8	51	3	90	516	7	72	725	7251
3452	330987	415723	415725	3	3	3456	1	4	5	2	15	9	52	82	137	844	12	15	6	14	27	38	44	160	514	2	25	251	2512
3453	331083	415843	415845	3	3	3457	1	11	14	10	23	40	20	98	13	501	16	4	1	7	34	1	92	39	494	5	51	512	5121
3454	331176	415961	415963	3	3	3458	1	3	12	7	26	8	55	49	244	851	9	17	21	16	24	47	46	230	535	1	12	121	1210
3455	331274	416084	416086	3	3	3459	1	5	11	25	20	5	21	65	133	939	15	14	17	29	15	4	94	148	799	2	21	210	2108
3456	331370	416204	416206	3	3	3460	1	1	12	3	1	18	54	60	241	583	3	17	9	3	11	44	79	221	740	1	10	108	1083
3457	331461	416320	416326	87	3*29	3461	1	11	5	25	22	30	17	71	204	599	5	17	0	23	30	4	16	178	654	0	8	83	835
3458	331562	416445	416447	3	3	3462	1	0	4	28	30	42	27	60	97	168	0	12	26	28	40	22	79	40	504	8	83	835	8357
3459	331653	416561	416562	3	3	3463	1	13	8	9	6	24	16	23	47	239	5	5	27	18	29	48	69	141	717	3	35	357	3579
3460	331751	416683	416685	3	3	3464	1	6	11	5	25	22	31	79	168	649	1	14	15	13	23	34	35	2	938	5	57	579	5791
3461	331849	416806	416808	3	3	3465	1	7	1	0	5	29	27	69	97	904	4	3	0	15	1	22	5	40	694	7	79	791	7915
3462	331945	416927	416928	3	3	3466	1	14	13	24	4	9	33	52	248	4	8	1	14	12	27	40	55	242	12	9	91	915	9151
3463	332041	417047	417048	3	3	3467	1	15	0	17	2	16	28	80	190	387	11	0	22	6	5	25	38	68	152	1	15	151	1513
3464	332132	417163	417164	3	3	3468	1	14	17	10	26	16	6	53	229	694	8	13	1	16	5	18	58	185	64	5	51	513	5136
3465	332233	417288	417289	3	3	3469	1	11	6	16	0	1	37	75	163	652	16	18	19	0	3	52	23	238	947	1	13	136	1369
3466	332328	417408	417410	3	3	3470	1	1	6	1	14	41	24	61	88	70	3	18	3	11	37	13	82	13	210	3	36	369	3698
3467	332424	417528	417530	3	3	3471	1	9	1	15	5	35	56	72	39	253	10	3	16	15	19	50	14	117	759	6	69	698	6988
3468	332515	417644	417646	3	3	3472	1	11	3	11	13	13	34	88	22	99	16	9	4	8	39	43	62	66	297	9	98	988	9882
3469	332614	417767	417768	3	3	3473	1	11	18	24	12	22	3	29	105	548	16	16	14	5	23	9	87	64	635	8	88	882	8820
3470	332712	417889	417891	3	3	3474	1	7	15	14	13	30	23	93	183	728	4	7	13	8	4	10	77	47	166	8	82	820	8209
3471	332807	418010	418011	3	3	3475	1	5	13	6	4	6	35	64	48	398	15	1	18	12	18	46	91	144	185	2	20	209	2091
3472	332901	418128	418129	3	3	3476	1	7	3	8	13	38	33	83	180	677	4	9	24	8	28	40	47	38	13	0	9	91	914
3473	332999	418250	418252	3	3	3477	1	1	2	22	24	19	20	6	250	723	3	6	8	10	14	1	18	248	151	9	91	914	9144
3474	333093	418368	418370	3	3	3478	1	16	9	26	28	27	42	30	192	725	14	8	20	22	38	8	90	74	157	1	14	144	1444
3475	333183	418484	418493	537	3*179	3479	1	3	11	2	9	29	13	55	38	903	13	17	1	28	7	19	43	75	591	4	44	444	4442
3476	333284	418609	418611	3	3	3480	1	12	5	17	22	17	40	95	122	411	2	15	22	4	8	2	83	115	224	4	44	442	4421
3477	333382	418732	418733	3	3	3481	1	16	12	24	13	1	11	52	85	663	14	17	14	8	3	33	55	4	980	4	42	421	4210
3478	333478	418852	418854	3	3	3482	1	7	18	9	10	27	26	68	218	609	4	16	27	30	38	19	2	152	818	2	21	210	2100
3479	333572	418970	418972	3	3	3483	1	1	9	3	7	15	15	14	131	1006	3	8	9	21	2	45	42	142	1000	1	10	100	1006
3480	333661	419084	419094	1671	3*557	3484	1	13	9	10	10	0	3	37	11	481	14	10	6	1	0	57	15	58	587	0	0	6	67
3481	333766	419213	419215	3	3	3485	1	15	14	14	23	23	37	1	213	403	11	4	13	7	26	52	3	137	200	0	6	67	675
3482	333861	419334	419335	3	3	3486	1	10	11	15	18	27	3	27	62	451	13	14	16	23	38	9	81	186	344	6	67	675	6751
3483	333957	419454	419456	3	3	3487	1	8	18	26	10	15	49	52	225	441	7	16	20	30	2	29	55	173	314	7	75	751	7510
3484	334044	419565	419571	57	3*19	3488	1	10	6	3	4	36	53	86	4	950	9	0	26	11	31	12	54	228	673	5	51	510	5103
3485	334139	419684	419686	3	3	3489	1	16	7	21	25	17	35	20	208	154	14	2	5	13	8	46	60	122	462	1	10	103	1033
3486	334245	419815	419817	3	3	3490	1	4	4	26	6	6	50	84	244	609	12	12	20	18	18	32	50	230	818	0	3	33	334
3487	334340	419935	419937	3	3	3491	1	8	6	21	4	34	40	77	169	894	7	18	5	12	16	2	29	5	664	3	33	334	3346
3488	334436	420056	420057	3	3	3492	1	16	5	5	30	22	23	87	191	831	14	15	15	28	23	10	59	71	475	3	34	346	3467
3489	334523	420167	420168	3	3	3493	1	8	11	16	8	3	0	25	157	916	7	14	19	24	9	0	75	220	730	4	46	467	4671
3490	334628	420296	420298	3	3	3494	1	1	6	5	11	9	15	66	13	862	3	18	15	2	27	45	97	39	568	6	67	671	6711
3491	334719	420412	420418	87	3*29	3495	1	12	14	13	18	16	32	28	246	867	7	2	0	16	16	11	12	67	763	7	71	711	7110
3492	334820	420537	420539	3	3	3496	1	16	10	24	2	31	3	84	15	130	14	11	14	6	7	9	50	45	390	1	11	110	1103
3493	334913	420655	420657	3	3	3497	1	4	4	9	24	30	23	0	13	772	12	12	27	10	4	10	0	39	298	1	10	103	1031
3494	335009	420776	420777	3	3	3498	1	9	10	13	13	41	20	68	130	159	10	11	10	8	37	1	2	139	477	0	3	31	314
3495	335107	420898	420900	3	3	3499	1	7	16	27	8	33	15	58	153	163	4	10	23	24	13	45	73	208	489	3	31	314	3141
3496	335203	421019	421020	3	3	3500	1	3	5	10	9	23	55	24	163	819	9	15	1	27	26	47	72	238	439	1	14	141	1412
3497	335290	421130	421138	219	3*73	3501	1	11	17	3	7	29	55	63	43	471	12	18	19	14	30	9	61	130	231	4	41	412	4126
3498	335394	421259	421261	3	3	3502	1	1	11	9	22	20	22	33	43	528	3	14	27	4	17	7	99	129	575	1	12	126	1267
3499	335488	421377	421379	3	3	3503	1	8	2	16	3	1	41	47	7	65	7	6	19	9	3	5	40	21	195	2	26	267	2671
3500	335586	421500	421502	3	3	3504	1	2	6	19	27	22	4	29	51	511	6	18	28	19	23	12	87	153	524	6	67	671	6711
3501	335680	421618	421620	3	3	3505	1	10	15	28	8	16	4	30	246	740	13	7	26	24	5	12	90	236	202	7	71	711	7111
3502	335778	421741	421742	3	3	3506	1	14	6	2	2	25	1	100	58	953	8	18	6	6	32	3	98	174	841	1	11	111	1113
3503	335873	421861	421863	3	3	3507	1	4	10	12	3	31	15	30	79	139	12	11	7	9	7	45	90	237	417	1	11	113	1136
3504	335967	421979	421981	3	3	3508	1	16	14	20	21	27	12	28	48	714	14	4	2	1	38	36	84	144	124	1	13	136	1369
3505	336065	422102	422103	3	3	3509	1	9	18	5	4	39	6	31	93	169	10	16	15	12	31	18	93	28	507	3	36	369	3699
3506	336161	422222	422224	3	3	3510	1	6	7	4	12	9	44	37	191	124	1	2	12	5	27	14	10	71	372	6	69	699	6990
3507	336257	422342	422344	3	3	3511	1	1	1	10	23	33	12	63	206	192	3	3	1	7	13	36	88	116	576	9	99	990	9908
3508	336353	422463	422464	3	3	3512	1	9	8	3	21	6	11	32	134	81	10	5	9	1	18	33	96	151	243	9	90	908	9086
3509	336441	422576	422578	3	3	3513	1	1	16	24	15	33	24	95	36	549	3	10	14	14	13	13	83	108	638	0	8	86	865
3510	336540	422699	422700	3	3	3514	1	8	15	19	24	5	23	31	25	375	7	7	28	10	15	10	93	75	116	8	86	865	8658
3511	336640	422824	422825	3	3	3515	1	8	3	8	26	21	54	64	181	204	7	9	24	16	20	44	91	41	612	6	65	658	6585
3512	336736	422944	422946	3	3	3516	1	7	11	13	10	27	6	65	190	622	4	14	10	30	38	18	94	68	857	5	58	585	5851
3513	336832	423065	423066	3	3	3517	1	12	12	18	14	13	55	34	119	66	2	17	25	11	39	47	1	106	198	8	85	851	8516
3514	336915	423172	423182	723	3*241	3518	1	10	6	11	0	22	5	49	12	879	5	6	7	0	39	16	77	142	856	5	51	516	5163
3515	337023	423305	423307	3	3	3519	1	13	4	18	12	41	37	8	237	445	5	12	25	5	37	52	24	209	326	1	16	163	1639
3516	337119	423426	423427	3	3	3520	1	7	10	15	23	14	26	56	102	736	4	11	16	7	42	19	67	55	190	6	63	639	6398
3517	337215	423546	423548	3	3	3521	1	12	17	0	9	20	48	63	88	60	2	13	0	27	17	26	88	13	180	3	39	398	3983
3518	337308	423664	423666	3	3	3522	1	7	4	26	2	25	13	67	78	142	4	12	20	6	32	39	100	234	426	9	98	983	9831
3519	337404	423784	423786	3	3	3523	1	1	14	23	17	40	50	82	40	735	3	4	11	20	34	32	44	120	187	8	83	831	8315
3520	337502	423907	423909	3	3	3524	1	4	0	9	29	25	42	66	185	774	12	0	27	25	32	8	97	53	304	3	31	315	3150
3521	337598	424027	424029	3	3	3525	1	11	7	11	12	32	49	46	151	553	16	2	4	5	10	29	37	202	650	1	15	150	1501
3522	337692	424145	424147	3	3	3526	1	3	5	1	9	9	35	68	211	14	9	15	3	27	27	46	2	131	42	5	50	501	5019
3523	337790	424268	424270	3	3	3527	1	5	6	22	27	16	1	1	55	816	15	18	8	19	5	3	3	165	430	0	1	19	197
3524	337875	424378	424380	3	3	3528	1	7	9	22	28	6	55	56	58	49	4	8	8	22	18	47	67	174	147	1	19	197	1970
3525	337977	424504	424510	87	3*29	3529	1	11	17	21	13	27	46	71	1	786	5	16	0	15	27	49	16	87	779	9	97	970	9701
3526	338075	424627	424628	3	3	3530	1	0	18	8	30	15	19	83	121	360	0	16	24	28	2	57	47	112	71	7	70	701	7016
3527	338173	424750	424751	3	3	3531	1	2	15	20	27	28	29	61	186	772	6	7	2	19	41	28	82	56	298	0	1	16	165
3528	338269	424870	424871	3	3	3532	1	13	13	11	11	20	6	69	218	213	5	1	4	2	17	18	5	152	639	1	16	165	1651
3529	338362	424988	424990	3	3	3533	1	15	3	11	5	40	26	83	189	842	11	9	4	15	34	19	47	65	508	6	65	651	6515
3530	338460	425111	425112	3	3	3534	1	14	2	16	15	2	24	52	103	982	8	6	19	14	6	13	55	58	928	5	51	515	5151
3531	338556	425231	425233	3	3	3535	1	15	7	18	23	25	47	47	138	805	11	2	25	7	32	23	40	163	397	1	15	151	1511
3532	338652	425351	425353	3	3	3536	1	10	12	13	1	40	0	65	39	836	13	17	10	3	34	0	94	117	490	5	51	511	5116
3533	338748	425472	425473	3	3	3537	1	11	6	20	29	29	55	88	63	287	16	18	2	25	1	47	62	189	861	1	11	116	1168
3534	338839	425587	425589	3	3	3538	1	15	2	24	15	30	56	62	212	613	11	6	14	14	4	50	85	134	830	1	16	168	1685
3535	338937	425710	425712	3	3	3539	1	12	15	26	10	41	51	64	89	418	2	7	20	30	37	35	91	16	245	6	68	685	6851
3536	339035	425833	425834	3	3	3540	1	3	7	5	11	24	18	92	50	683	9	2	15	2	29	54	74	150	31	8	85	851	8517
3537	339131	425953	425955	3	3	3541	1	4	16	13	7	30	9	82	214	715	12	10	10	21	4	27	44	140	127	5	51	517	5171
3538	339227	426073	426075	3	3	3542	1	7	14	17	4	42	22	2	200	368	4	4	22	12	40	7	6	98	95	1	17	171	1714
3539	339318	426189	426191	3	3	3543	1	7	5	17	30	34	0	79	66	276	4	15	22	28	16	0	35	198	828	7	71	714	7143
3540	339419	426314	426316	3	3	3544	1	1	18	12	25	21	47	58	151	626	3	16	7	13	20	23	73	202	869	1	14	143	1437
3541	339510	426430	426436	57	3*19	3545	1	9	18	9	16	26	18	41	127	251	3	0	20	13	20	23	14	211	181	4	43	437	4376
3542	339610	426555	426556	3	3	3546	1	12	5	24	5	6	5	44	167	72	2	15	14	15	18	15	31	250	216	3	37	376	3765
3543	339704	426673	426674	3	3	3547	1	2	16	25	3	10	10	91	145	758	6	10	17	9	30	30	71	184	256	7	76	765	7657
3544	339794	426787	426795	177	3*59	3548	1	10	12	5	12	16	48	56	149	571	2	15	15	16	37	0	14	18	167	6	65	657	6576
3545	339898	426916	426918	3	3	3549	1	16	5	23	11	40	49	46	19	47	14	15	11	2	34	29	37	57	141	5	57	576	5761
3546	339993	427036	427038	3	3	3550	1	7	16	20	18	37	46	2	95	0	4	10	2	23	25	20	6	34	0	7	76	761	7618
3547	340087	427154	427156	3	3	3551	1	1	5	14	5	7	18	1	107	160	3	15	13	15	21	54	3	70	480	6	61	618	6183
3548	340185	427277	427279	3	3	3552	1	16	7	26	15	25	12	42	152	168	14	2	20	14	32	36	25	205	504	1	18	183	1835
3549	340279	427395	427397	3	3	3553	1	3	2	24	23	34	17	47	118	808	9	6	14	7	16	51	40	103	406	8	83	835	8351
3550	340377	427518	427519	3	3	3554	1	10	1	1	9	21	27	16	108	352	13	3	3	27	20	22	48	73	47	3	35	351	3515
3551	340470	427636	427637	3	3	3555	1	5	10	1	20	2	7	76	43	270	15	11	3	29	6	21	26	129	810	5	51	515	5155
3552	340568	427758	427760	3	3	3556	1	7	16	12	14	19	18	22	200	723	4	10	7	11	14	54	66	98	151	1	15	155	1556
3553	340664	427879	427880	3	3	3557	1	12	5	12	21	39	42	5	90	72	2	15	7	1	31	8	15	19	216	5	55	556	5565
3554	340758	427997	427998	3	3	3558	1	11	6	8	3	36	36	35	35	957	16	18	24	9	22	49	4	105	853	5	56	565	5650
3555	340856	428119	428121	3	3	3559	1	8	11	22	10	34	57	67	129	334	7	14	8	30	16	53	100	136	1002	6	65	650	6508
3556	340952	428240	428241	3	3	3560	1	16	10	3	9	35	34	0	5	306	14	11	9	27	19	43	0	15	918	5	50	508	5088
3557	341047	428360	428362	3	3	3561	1	2	6	22	0	8	54	59	16	417	6	18	8	0	24	44	76	48	242	0	8	88	884
3558	341143	428481	428482	3	3	3562	1	1	18	7	1	33	47	65	118	804	3	16	21	3	13	23	94	103	394	8	88	884	8849
3559	341229	428591	428598	87	3*29	3563	1	10	2	0	29	31	34	26	217	502	3	3	0	12	31	8	40	54	287	8	84	849	8490
3560	341332	428719	428721	3	3	3564	1	10	2	9	0	1	29	40	180	814	13	6	27	0	3	28	19	38	424	4	49	490	4909
3561	341431	428842	428843	3	3	3565	1	3	13	28	15	17	40	97	240	21	9	1	26	14	8	2	89	218	63	9	90	909	9099
3562	341526	428962	428964	3	3	3566	1	11	18	19	15	37	31	40	104	321	16	16	28	14	25	34	19	61	963	0	9	99	998
3563	341622	429082	429084	3	3	3567	1	7	7	16	16	35	42	4	48	853	4	2	19	17	19	8	12	144	541	9	99	998	9989
3564	341706	429190	429192	3	3	3568	1	11	17	19	9	32	57	11	49	305	16	13	28	27	10	53	33	147	915	9	98	989	9898
3565	341814	429323	429325	3	3	3569	1	3	8	10	3	27	21	89	55	73	9	5	1	9	38	4	65	165	219	8	89	898	8985
3566	341910	429443	429445	3	3	3570	1	1	5	21	2	12	45	54	42	817	3	15	5	6	36	17	61	126	433	9	98	985	9859
3567	342006	429564	429565	3	3	3571	1	6	14	8	25	0	56	60	49	646	1	4	24	13	0	50	79	147	929	8	85	859	8599
3568	342099	429682	429683	3	3	3572	1	14	12	15	18	16	49	64	136	179	8	17	16	23	5	29	91	157	537	5	59	599	5998
3569	342195	429802	429804	3	3	3573	1	10	6	21	18	17	42	24	160	176	13	18	5	23	8	8	72	229	528	9	99	998	9982
3570	342293	429925	429926	3	3	3574	1	14	12	12	7	30	21	5	228	34	8	17	7	21	4	4	15	182	102	9	98	982	9823
3571	342389	430045	430047	3	3	3575	1	4	12	15	14	12	51	22	139	877	12	17	16	11	36	35	66	166	613	8	82	823	8238
3572	342480	430161	430162	3	3	3576	1	10	7	18	17	40	20	59	132	812	13	2	25	20	34	1	76	145	418	2	23	238	2387
3573	342580	430286	430287	3	3	3577	1	9	10	9	25	38	19	56	245	122	10	11	27	13	28	57	67	233	366	3	38	387	3873
3574	342674	430404	430405	3	3	3578	1	8	11	25	5	0	42	81	127	151	7	14	17	15	0	8	41	130	453	8	87	873	8734
3575	342772	430527	430528	3	3	3579	1	1	1	25	21	1	47	4	58	391	3	3	17	1	3	23	12	174	164	7	73	734	7345
3576	342863	430642	430646	15	3*5	3580	1	16	18	4	10	5	16	7	30	60	2	4	2	26	32	4	4	199	900	3	34	345	3455
3577	342964	430767	430769	3	3	3581	1	6	0	14	30	40	57	66	200	73	1	0	13	28	34	53	97	98	219	4	45	455	4552
3578	343059	430888	430889	3	3	3582	1	13	7	12	29	34	26	91	27	395	5	2	7	25	16	19	71	81	176	5	55	552	5528
3579	343153	431006	431007	3	3	3583	1	5	5	25	24	31	9	60	14	650	15	15	17	10	7	27	79	42	941	5	52	528	5283
3580	343251	431128	431130	3	3	3584	1	7	6	19	15	32	12	72	9	501	4	18	28	14	10	36	14	27	494	2	28	283	2833
3581	343347	431249	431250	3	3	3585	1	12	1	16	12	41	50	2	42	476	2	3	19	5	37	32	6	126	419	8	83	833	8331
3582	343443	431369	431371	3	3	3586	1	2	18	21	25	33	31	41	3	768	6	16	5	13	13	34	22	9	286	3	33	331	3316
3583	343539	431489	431491	3	3	3587	1	13	14	21	18	22	53	21	105	985	5	4	5	23	23	41	63	64	937	3	31	316	3163
3584	343630	431605	431607	3	3	3588	1	3	12	22	20	39	5	99	16	956	9	17	8	29	31	15	95	48	850	1	16	163	1635
3585	343728	431728	431729	3	3	3589	1	16	14	24	23	15	41	45	135	699	14	4	14	7	2	5	34	154	79	6	63	635	6355
3586	343826	431850	431852	3	3	3590	1	1	15	28	8	8	55	38	136	620	3	7	26	24	24	47	13	157	851	3	35	355	3550
3587	343922	431971	431972	3	3	3591	1	5	2	4	17	24	9	12	128	1005	15	6	12	20	29	27	36	133	997	5	55	550	5507
3588	344018	432091	432093	3	3	3592	1	4	7	6	10	17	30	84	39	934	12	2	18	30	8	31	50	117	784	5	50	507	5076
3589	344109	432207	432208	3	3	3593	1	12	2	6	24	29	19	89	161	304	2	6	18	10	1	57	65	232	912	0	7	76	764
3590	344209	432332	432333	3	3	3594	1	15	6	0	30	27	27	65	208	804	11	18	0	28	38	22	94	122	394	7	76	764	7647
3591	344305	432452	432454	3	3	3595	1	5	12	24	12	29	50	21	18	909	15	17	14	5	1	32	63	54	709	6	64	647	6479
3592	344401	432573	432574	3	3	3596	1	1	18	13	15	5	13	29	181	366	3	16	10	14	15	39	87	41	89	4	47	479	4791
3593	344485	432681	432688	87	3*29	3597	1	16	3	12	16	16	44	12	227	785	15	14	0	28	16	52	34	171	692	7	79	791	7918
3594	344590	432811	432813	3	3	3598	1	0	7	21	3	21	20	26	31	978	0	2	5	9	20	1	78	93	916	9	91	918	9185
3595	344688	432934	432935	3	3	3599	1	2	14	13	5	30	1	98	53	744	6	4	10	15	4	3	92	159	214	1	18	185	1853
3596	344784	433054	433056	3	3	3600	1	13	11	20	3	18	37	73	60	579	5	14	2	9	11	52	17	180	728	8	85	853	8535
3597	344878	433172	433174	3	3	3601	1	15	15	18	6	20	52	48	51	922	11	7	25	18	17	38	43	153	748	5	53	535	5358
3598	344971	433290	433296	57	3*19	3602	1	7	0	6	24	25	32	23	140	152	8	0	23	4	6	54	99	199	592	3	35	358	3589
3599	345069	433413	433414	3	3	3603	1	3	1	18	14	26	24	2	249	48	9	3	25	11	35	13	6	245	144	5	58	589	5893
3600	345167	433535	433537	3	3	3604	1	10	4	6	14	9	35	0	10	147	13	12	18	11	27	46	0	30	441	8	89	893	8932
3601	345261	433653	433655	3	3	3605	1	9	5	24	8	35	5	25	65	61	10	15	14	24	19	15	75	195	183	9	93	932	9322
3602	345359	433776	433778	3	3	3606	1	1	5	17	23	2	42	64	179	632	3	15	22	7	6	8	91	35	887	3	32	322	3226
3603	345455	433896	433898	3	3	3607	1	9	16	9	16	17	44	99	91	551	10	10	27	17	8	14	95	22	644	2	22	226	2261
3604	345540	434007	434008	3	3	3608	1	4	16	27	2	7	41	82	63	183	12	10	23	6	21	5	44	189	549	2	26	261	2618
3605	345646	434137	434139	3	3	3609	1	4	7	28	14	42	29	95	243	781	12	2	26	11	40	28	83	227	325	6	61	618	6185
3606	345742	434258	434259	3	3	3610	1	7	10	20	20	24	43	88	157	966	4	11	2	29	29	11	62	220	880	1	18	185	1854
3607	345838	434378	434379	3	3	3611	1	5	1	2	15	42	2	28	150	403	15	3	6	14	40	6	84	199	200	8	85	854	8548
3608	345934	434498	434500	3	3	3612	1	1	12	8	23	42	32	49	206	380	3	17	24	7	40	37	46	116	131	5	54	548	5489
3609	346025	434614	434616	3	3	3613	1	15	9	9	30	40	21	32	226	860	11	8	27	28	34	4	96	176	562	4	48	489	4896
3610	346123	434737	434738	3	3	3614	1	16	1	2	4	18	42	31	122	968	14	3	6	12	11	8	93	115	886	8	89	896	8963
3611	346221	434859	434861	3	3	3615	1	10	11	9	1	2	25	12	27	514	13	14	27	3	6	16	36	81	533	9	96	963	9632
3612	346317	434980	434981	3	3	3616	1	9	11	5	18	14	21	11	131	491	10	14	15	23	42	4	33	142	464	6	63	632	6321
3613	346413	435100	435102	3	3	3617	1	16	10	7	30	26	38	99	58	783	14	11	21	28	35	55	95	174	331	3	32	321	3213
3614	346502	435213	435215	3	3	3618	1	4	4	18	26	24	21	36	101	584	12	12	25	16	29	4	7	52	743	2	21	213	2132
3615	346605	435341	435342	3	3	3619	1	5	18	7	1	1	53	54	245	291	15	16	21	3	3	41	61	233	873	1	13	132	1329
3616	346700	435461	435463	3	3	3620	1	16	6	4	5	18	5	78	52	149	14	18	12	15	11	15	32	156	447	3	32	329	3293
3617	346796	435581	435583	3	3	3621	1	15	10	22	4	30	9	83	18	458	11	11	8	12	4	27	47	54	365	2	29	293	2933
3618	346890	435699	435701	3	3	3622	1	2	14	1	19	42	37	49	29	678	6	4	3	26	40	52	46	87	16	9	93	933	9330
3619	346985	435820	435821	3	3	3623	1	5	15	5	6	27	5	15	43	42	15	7	15	18	38	15	45	129	126	3	33	330	3308
3620	347084	435943	435944	3	3	3624	1	7	7	19	0	27	19	35	67	288	4	2	28	0	38	57	4	201	864	3	30	308	3089
3621	347179	436063	436064	3	3	3625	1	12	1	15	14	35	23	53	195	497	2	3	16	11	19	10	58	83	482	0	8	89	898
3622	347273	436181	436182	3	3	3626	1	11	13	21	1	26	55	85	187	188	16	1	5	3	35	47	53	59	564	8	89	898	8985
3623	347371	436304	436305	3	3	3627	1	8	5	19	15	17	49	87	54	718	7	15	28	14	8	29	59	162	136	9	98	985	9857
3624	347465	436422	436423	3	3	3628	1	10	18	7	12	33	5	5	205	435	13	16	21	5	13	15	15	113	296	8	85	857	8570
3625	347563	436544	436546	3	3	3629	1	2	3	28	13	2	8	20	86	992	6	9	26	8	6	24	60	7	958	5	57	570	5706
3626	347656	436662	436664	3	3	3630	1	7	6	10	7	35	29	70	1	956	4	18	1	21	19	28	8	3	850	7	70	706	7064
3627	347754	436785	436787	3	3	3631	1	8	12	26	3	19	38	20	199	21	7	17	20	9	14	55	60	95	63	0	6	64	642
3628	347850	436905	436907	3	3	3632	1	16	12	1	24	14	27	26	11	811	14	17	3	10	42	22	78	33	415	6	64	642	6420
3629	347944	437023	437025	3	3	3633	1	4	16	28	28	39	10	51	129	679	12	10	26	22	31	30	52	136	19	4	42	420	4204
3630	348042	437146	437148	3	3	3634	1	11	10	7	30	6	53	56	78	668	16	11	21	28	18	41	67	234	995	2	20	204	2046
3631	348138	437266	437268	3	3	3635	1	7	17	21	17	7	34	62	54	619	4	13	5	20	21	43	85	162	848	0	4	46	467
3632	348233	437387	437388	3	3	3636	1	3	1	11	13	27	12	96	95	136	9	3	4	8	38	36	86	34	408	4	46	467	4675
3633	348329	437507	437509	3	3	3637	1	3	13	27	10	30	39	71	101	185	9	1	23	30	4	58	11	52	555	6	67	675	6752
3634	348418	437621	437622	3	3	3638	1	3	0	0	4	22	9	44	249	171	9	0	0	12	23	27	31	245	513	7	75	752	7525
3635	348516	437743	437745	3	3	3639	1	5	17	16	12	1	35	4	114	850	15	13	19	5	3	46	12	91	532	5	52	525	5259
3636	348617	437868	437870	3	3	3640	1	2	6	7	23	35	54	84	156	484	6	18	21	7	19	44	50	217	443	2	25	259	2590
3637	348712	437989	437990	3	3	3641	1	16	6	17	18	37	0	41	68	683	14	18	22	23	25	0	22	204	31	5	59	590	5907
3638	348808	438109	438110	3	3	3642	1	14	1	2	10	41	24	93	188	795	8	3	6	30	37	13	77	62	367	9	90	907	9070
3639	348899	438225	438226	3	3	3643	1	9	3	28	14	16	51	18	84	748	10	9	26	11	5	35	54	1	226	0	7	70	709
3640	349000	438350	438351	3	3	3644	1	12	14	1	22	33	23	81	42	6	2	4	3	4	13	10	41	126	18	7	70	709	7091
3641	349096	438470	438472	3	3	3645	1	9	15	25	6	38	47	78	187	724	10	7	17	18	28	23	32	59	154	0	9	91	915
3642	349191	438590	438592	3	3	3646	1	6	13	12	4	32	26	26	220	81	1	1	7	12	10	19	78	158	243	9	91	915	9154
3643	349285	438708	438710	3	3	3647	1	7	3	6	6	8	32	42	26	429	4	9	18	18	24	37	25	78	278	1	15	154	1548
3644	349373	438821	438822	3	3	3648	1	12	18	2	6	19	5	29	248	290	2	16	6	18	14	15	87	242	870	5	54	548	5481
3645	349479	438951	438953	3	3	3649	1	6	7	21	11	32	3	47	100	189	1	2	5	2	10	9	40	49	567	4	48	481	4814
3646	349575	439072	439073	3	3	3650	1	13	12	8	26	8	46	97	191	131	5	17	24	16	24	20	89	71	393	8	81	814	8141
3647	349668	439190	439191	3	3	3651	1	5	5	27	19	20	7	1	232	852	15	15	23	26	17	21	3	194	538	1	14	141	1416
3648	349766	439312	439314	3	3	3652	1	7	12	24	27	20	31	0	12	521	4	17	14	19	17	34	0	36	554	4	41	416	4165
3649	349860	439430	439432	3	3	3653	1	16	15	8	13	12	48	57	143	754	14	7	24	8	36	26	70	178	244	1	16	165	1654
3650	349958	439553	439555	3	3	3654	1	2	7	20	8	2	28	81	48	894	6	2	2	24	6	25	41	144	664	6	65	654	6549
3651	350051	439671	439673	3	3	3655	1	6	7	19	8	36	24	57	170	161	1	2	28	24	22	13	70	8	483	5	54	549	5498
3652	350150	439794	439795	3	3	3656	1	7	14	16	13	42	13	60	13	55	4	4	19	8	40	39	79	39	165	4	49	498	4985
3653	350245	439914	439916	3	3	3657	1	12	11	16	22	3	15	97	20	230	2	14	19	4	9	45	89	60	690	9	98	985	9859
3654	350339	440032	440034	3	3	3658	1	7	15	23	3	41	11	83	71	210	4	7	11	9	37	33	47	213	630	8	85	859	8594
3655	350433	440151	440156	57	3*19	3659	1	11	1	23	21	41	16	19	46	351	15	0	6	19	15	27	73	112	836	5	59	594	5946
3656	350533	440275	440277	3	3	3660	1	4	5	10	9	34	0	92	10	239	12	15	1	27	16	0	74	30	717	9	94	946	9461
3657	350629	440396	440397	3	3	3661	1	11	4	6	2	37	3	1	23	985	16	12	18	6	25	9	3	69	937	4	46	461	4616
3658	350724	440516	440518	3	3	3662	1	15	6	25	3	29	49	8	39	137	11	18	17	9	1	29	24	117	411	6	61	616	6163
3659	350816	440632	440633	3	3	3663	1	7	4	21	29	39	1	77	4	672	4	12	5	25	31	3	29	12	1007	1	16	163	1637
3660	350909	440750	440756	87	3*29	3664	1	2	14	25	12	35	13	96	57	918	4	2	0	21	35	10	70	190	155	6	63	637	6371
3661	351012	440877	440879	3	3	3665	1	13	6	28	12	34	14	41	132	557	5	18	26	5	16	42	22	145	662	3	37	371	3718
3662	351108	440997	440999	3	3	3666	1	0	7	22	23	4	27	16	196	972	0	2	8	7	12	22	48	86	898	7	71	718	7180
3663	351204	441118	441119	3	3	3667	1	2	10	25	21	36	48	51	123	234	6	11	17	1	22	26	52	118	702	1	18	180	1802
3664	351295	441233	441235	3	3	3668	1	8	16	0	13	21	28	80	225	170	7	10	0	8	20	25	38	173	510	8	80	802	8027
3665	351395	441358	441360	3	3	3669	1	7	12	24	11	4	6	23	131	683	4	17	14	2	12	18	69	142	31	0	2	27	270
3666	351491	441479	441480	3	3	3670	1	14	16	17	26	6	50	89	107	838	8	10	22	16	18	32	65	70	496	2	27	270	2709
3667	351587	441599	441601	3	3	3671	1	15	5	18	10	16	31	42	218	458	11	15	25	30	5	34	25	152	365	7	70	709	7098
3668	351680	441717	441719	3	3	3672	1	2	6	9	9	28	31	68	246	790	6	18	27	27	41	34	2	236	352	0	9	98	981
3669	351776	441838	441839	3	3	3673	1	9	6	6	0	1	54	91	26	583	10	18	18	0	3	44	71	78	740	9	98	981	9819
3670	351874	441960	441962	3	3	3674	1	1	10	15	12	34	0	78	93	173	3	11	16	5	16	0	32	28	519	8	81	819	8199
3671	351970	442081	442082	3	3	3675	1	9	6	14	23	36	20	85	4	387	10	18	13	7	22	1	53	12	152	1	19	199	1994
3672	352057	442192	442200	249	3*83	3676	1	15	13	23	24	21	2	29	52	921	12	7	14	24	26	26	50	147	286	9	99	994	9943
3673	352162	442321	442323	3	3	3677	1	4	6	14	10	29	49	94	54	827	12	18	13	30	1	29	80	162	463	9	94	943	9430
3674	352255	442439	442441	3	3	3678	1	15	2	7	17	9	5	17	143	305	11	6	21	20	27	15	51	178	915	4	43	430	4309
3675	352353	442562	442564	3	3	3679	1	5	13	11	29	41	8	99	105	461	15	1	4	25	37	24	95	64	374	3	30	309	3099
3676	352447	442680	442682	3	3	3680	1	7	15	16	21	17	12	28	134	989	4	7	19	1	8	36	84	151	949	0	9	99	992
3677	352545	442803	442804	3	3	3681	1	1	7	14	14	29	50	65	147	878	3	2	13	11	1	32	94	190	616	9	99	992	9924
3678	352641	442923	442925	3	3	3682	1	12	1	10	27	14	52	65	148	15	2	3	1	19	42	38	94	193	45	9	92	924	9244
3679	352734	443041	443043	3	3	3683	1	2	13	17	27	4	58	55	61	914	6	1	22	19	12	56	64	183	724	2	24	244	2448
3680	352832	443164	443165	3	3	3684	1	9	5	24	5	14	42	99	69	945	10	15	14	15	42	8	95	207	817	4	44	448	4488
3681	352928	443284	443286	3	3	3685	1	16	14	9	26	13	23	40	58	983	14	4	27	16	39	10	19	174	931	4	48	488	4889
3682	353024	443404	443406	3	3	3686	1	7	3	15	27	12	56	100	190	233	4	9	16	19	36	50	98	68	699	8	88	889	8895
3683	353120	443525	443526	3	3	3687	1	5	11	2	11	5	37	23	221	427	15	14	6	2	15	52	69	161	272	8	89	895	8957
3684	353203	443633	443634	3	3	3688	1	2	14	14	24	34	36	37	9	900	6	4	13	10	16	49	10	27	682	9	95	957	9575
3685	353309	443763	443765	3	3	3689	1	3	10	3	3	36	23	36	131	290	9	11	9	9	22	10	7	142	870	5	57	575	5757
3686	353407	443886	443887	3	3	3690	1	10	4	26	23	15	19	80	5	6	13	12	20	7	2	57	38	15	18	7	75	757	7571
3687	353503	444006	444008	3	3	3691	1	8	10	4	1	28	28	52	64	855	7	11	12	3	41	25	55	192	547	5	57	571	5712
3688	353599	444127	444128	3	3	3692	1	7	17	10	29	35	51	43	95	668	4	13	1	25	19	35	28	34	995	7	71	712	7128
3689	353690	444242	444244	3	3	3693	1	10	16	8	15	10	44	41	49	563	13	10	24	14	30	14	22	147	680	1	12	128	1282
3690	353790	444367	444369	3	3	3694	1	4	13	21	19	8	56	51	195	701	12	1	5	26	24	50	52	83	85	2	28	282	2828
3691	353886	444488	444489	3	3	3695	1	8	0	5	11	31	20	50	156	904	7	0	15	2	7	1	49	217	694	8	82	828	8289
3692	353982	444608	444610	3	3	3696	1	16	7	24	7	5	30	27	111	55	14	2	14	21	15	31	81	82	165	2	28	289	2890
3693	354076	444726	444728	3	3	3697	1	14	5	1	7	25	2	78	213	923	8	15	3	21	32	6	32	137	751	8	89	890	8905
3694	354167	444842	444848	87	3*29	3698	1	2	10	16	18	39	53	46	66	1007	4	15	0	16	39	9	63	220	835	9	90	905	9059
3695	354270	444969	444971	3	3	3699	1	8	1	24	25	6	4	31	165	189	7	3	14	13	18	12	93	244	567	0	5	59	592
3696	354365	445089	445091	3	3	3700	1	16	18	16	25	35	6	69	138	701	14	16	19	13	19	18	5	163	85	5	59	592	5923
3697	354450	445198	445204	75	3*5^2	3701	1	16	10	28	25	32	45	2	238	892	10	9	12	15	35	12	49	29	306	9	92	923	9232
3698	354557	445330	445332	3	3	3702	1	11	15	27	15	27	36	98	80	462	16	7	23	14	38	49	92	240	377	2	23	232	2323
3699	354650	445448	445450	3	3	3703	1	15	14	2	26	38	12	47	145	721	11	4	6	16	28	36	40	184	145	3	32	323	3233
3700	354749	445571	445572	3	3	3704	1	3	15	22	11	5	46	6	130	219	9	7	8	2	15	20	18	139	657	2	23	233	2332
3701	354837	445684	445690	75	3*5^2	3705	1	9	14	1	18	12	35	95	91	504	12	5	17	17	40	29	55	48	467	3	33	332	3326
3702	354940	445812	445813	3	3	3706	1	1	7	22	25	24	54	59	201	727	3	2	8	13	29	44	76	101	163	3	32	326	3260
3703	355036	445932	445934	3	3	3707	1	6	12	19	15	26	53	30	190	662	1	17	28	14	35	41	90	68	977	2	26	260	2609
3704	355130	446050	446052	3	3	3708	1	14	5	28	23	34	4	72	126	104	8	15	26	7	16	12	14	127	312	6	60	609	6097
3705	355228	446173	446174	3	3	3709	1	16	12	2	9	36	40	13	108	514	14	17	6	27	22	2	39	73	533	0	9	97	972
3706	355323	446293	446295	3	3	3710	1	14	18	12	7	25	12	52	107	356	8	16	7	21	32	36	55	70	59	9	97	972	9729
3707	355419	446413	446415	3	3	3711	1	4	7	13	14	38	52	37	246	925	12	2	10	11	28	38	10	236	757	7	72	729	7299
3708	355515	446534	446535	3	3	3712	1	12	16	5	21	30	19	29	202	981	2	10	15	1	4	57	87	104	925	2	29	299	2997
3709	355606	446649	446651	3	3	3713	1	16	15	28	13	28	28	97	140	998	14	7	26	8	41	25	89	169	976	9	99	997	9971
3710	355704	446772	446774	3	3	3714	1	8	6	2	2	42	40	5	132	476	7	18	6	6	40	2	15	145	419	9	97	971	9712
3711	355803	446895	446896	3	3	3715	1	1	18	3	9	30	40	6	162	716	3	16	9	27	4	2	18	235	130	7	71	712	7120
3712	355894	447011	447017	57	3*19	3716	1	13	2	19	0	22	49	33	172	5	10	0	10	0	7	20	63	15	285	1	12	120	1208
3713	355994	447135	447137	3	3	3717	1	6	5	11	1	1	51	51	183	690	1	15	4	3	3	35	52	47	52	2	20	208	2084
3714	356085	447251	447253	3	3	3718	1	8	7	27	4	42	25	15	81	718	7	2	23	12	40	16	45	243	136	0	8	84	844
3715	356186	447376	447378	3	3	3719	1	8	6	13	0	30	1	3	90	734	7	18	10	0	4	3	9	19	184	8	84	844	8443
3716	356275	447490	447498	219	3*73	3720	1	15	11	7	7	33	18	35	152	55	4	15	25	14	3	48	90	156	946	4	44	443	4433
3717	356377	447617	447618	3	3	3721	1	12	16	10	15	40	23	70	61	948	2	10	1	14	34	10	8	183	826	4	43	433	4335
3718	356469	447733	447734	3	3	3722	1	13	1	10	18	42	43	65	247	343	5	3	1	23	40	11	94	239	20	3	33	335	3357
3719	356567	447855	447857	3	3	3723	1	6	9	3	29	35	36	63	113	194	1	8	9	25	19	49	88	88	582	3	35	357	3573
3720	356665	447978	447980	3	3	3724	1	7	10	0	3	0	9	58	171	576	4	11	0	9	0	27	73	11	719	5	57	573	5732
3721	356761	448098	448100	3	3	3725	1	12	1	14	2	19	26	3	132	588	2	3	13	6	14	19	9	145	755	7	73	732	7326
3722	356854	448216	448218	3	3	3726	1	7	10	23	5	20	20	61	231	785	4	11	11	15	17	1	82	191	337	3	32	326	3265
3723	356952	448339	448341	3	3	3727	1	5	16	9	28	42	22	50	213	326	15	10	27	22	40	7	49	137	978	2	26	265	2654
3724	357038	448449	448451	3	3	3728	1	11	7	26	29	30	21	71	86	719	16	2	20	25	4	4	11	7	139	6	65	654	6548
3725	357144	448580	448581	3	3	3729	1	11	11	5	7	16	33	86	131	409	16	14	15	21	5	40	56	142	218	5	54	548	5489
3726	357237	448698	448699	3	3	3730	1	3	6	16	9	22	19	81	156	852	9	18	19	27	23	57	41	217	538	4	48	489	4893
3727	357336	448820	448822	3	3	3731	1	5	10	16	22	29	1	39	200	756	15	11	19	4	1	3	16	98	250	8	89	893	8938
3728	357427	448936	448942	87	3*29	3732	1	10	12	25	3	30	40	47	104	323	3	18	0	13	30	58	49	12	858	9	93	938	9382
3729	357525	449059	449060	3	3	3733	1	6	15	8	5	14	42	67	190	913	1	7	24	15	42	8	100	68	721	3	38	382	3823
3730	357623	449181	449183	3	3	3734	1	0	6	20	21	5	46	44	10	907	0	18	2	1	15	20	31	30	703	8	82	823	8239
3731	357719	449302	449303	3	3	3735	1	2	10	11	2	41	17	85	177	78	6	11	4	6	37	51	53	29	234	2	23	239	2391
3732	357815	449422	449424	3	3	3736	1	13	13	26	30	38	2	42	105	302	5	1	20	28	28	6	25	64	906	3	39	391	3911
3733	357910	449543	449544	3	3	3737	1	7	18	16	29	40	58	78	153	131	4	16	19	25	34	56	32	208	393	9	91	911	9119
3734	358002	449658	449660	3	3	3738	1	6	17	10	11	35	45	79	131	463	1	13	1	2	19	17	35	142	380	1	11	119	1193
3735	358100	449781	449783	3	3	3739	1	3	4	20	3	13	36	41	6	554	9	12	2	9	39	49	22	18	653	1	19	193	1932
3736	358198	449904	449905	3	3	3740	1	10	8	20	12	8	48	71	65	1	13	5	2	5	24	26	11	195	3	9	93	932	9325
3737	358294	450024	450026	3	3	3741	1	11	5	20	25	39	22	84	226	164	16	15	2	13	31	7	50	176	492	3	32	325	3259
3738	358389	450144	450146	3	3	3742	1	1	14	14	18	42	27	85	74	692	3	4	13	23	40	22	53	222	58	2	25	259	2597
3739	358478	450258	450259	3	3	3743	1	10	2	7	4	35	5	26	8	673	13	6	21	12	19	15	78	24	1	5	59	597	5974
3740	358581	450385	450387	3	3	3744	1	3	11	13	22	39	3	11	3	443	9	14	10	4	31	9	33	9	320	9	97	974	9746
3741	358677	450505	450507	3	3	3745	1	4	12	17	8	37	4	80	41	336	12	17	22	24	25	12	38	123	1008	7	74	746	7463
3742	358773	450626	450627	3	3	3746	1	7	12	19	17	7	49	63	3	587	4	17	28	20	21	29	88	9	752	4	46	463	4636
3743	358866	450744	450745	3	3	3747	1	1	16	14	2	35	35	17	41	405	3	10	13	6	19	46	51	123	206	6	63	636	6366
3744	358962	450864	450866	3	3	3748	1	7	2	11	27	29	37	26	94	175	4	6	4	19	1	52	78	31	525	3	36	366	3667
3745	359054	450981	450988	237	3*79	3749	1	14	12	26	20	33	29	42	221	176	3	13	14	28	38	29	56	169	343	6	66	667	6673
3746	359156	451107	451109	3	3	3750	1	12	1	9	12	25	23	89	193	576	2	3	27	5	32	10	65	77	719	6	67	673	6730
3747	359249	451225	451227	3	3	3751	1	2	14	5	3	7	9	36	127	699	6	4	15	9	21	27	7	130	79	7	73	730	7305
3748	359348	451348	451349	3	3	3752	1	9	0	23	30	6	11	2	40	774	10	0	11	28	18	33	6	120	304	3	30	305	3058
3749	359441	451466	451467	3	3	3753	1	10	9	4	3	24	11	14	33	938	13	8	12	9	29	33	42	99	796	0	5	58	583
3750	359539	451589	451590	3	3	3754	1	7	6	12	5	35	53	15	24	974	4	18	7	15	19	41	45	72	904	5	58	583	5836
3751	359633	451707	451708	3	3	3755	1	1	5	11	13	39	50	93	2	681	3	15	4	8	31	32	77	6	25	8	83	836	8360
3752	359731	451829	451831	3	3	3756	1	16	1	4	30	42	51	55	213	819	14	3	12	28	40	35	64	137	439	3	36	360	3604
3753	359827	451950	451951	3	3	3757	1	15	18	1	22	9	7	59	47	320	11	16	3	4	27	21	76	141	960	6	60	604	6041
3754	359920	452068	452069	3	3	3758	1	2	18	1	14	8	35	90	97	510	6	16	3	11	24	46	68	40	521	0	4	41	414
3755	360018	452190	452192	3	3	3759	1	8	15	12	14	40	1	33	112	31	7	7	7	11	34	3	99	85	93	4	41	414	4142
3756	360114	452311	452312	3	3	3760	1	7	13	12	9	5	45	88	149	524	4	1	7	27	15	17	62	196	563	1	14	142	1428
3757	360210	452431	452433	3	3	3761	1	12	15	11	23	18	37	96	20	801	2	7	4	7	11	52	86	60	385	4	42	428	4281
3758	360306	452551	452553	3	3	3762	1	4	2	22	16	10	38	15	128	761	12	6	8	17	30	55	45	133	265	2	28	281	2813
3759	360395	452665	452666	3	3	3763	1	7	11	10	3	11	53	31	157	239	4	14	1	9	33	41	93	220	717	8	81	813	8138
3760	360493	452787	452789	3	3	3764	1	2	2	9	8	24	18	40	135	705	6	6	27	24	29	54	19	154	97	1	13	138	1388
3761	360593	452912	452914	3	3	3765	1	2	6	7	20	24	55	20	140	656	6	18	21	29	29	47	60	169	959	3	38	388	3883
3762	360684	453028	453034	87	3*29	3766	1	10	5	20	8	1	40	69	210	736	3	17	0	14	1	58	44	198	465	8	88	883	8830
3763	360777	453145	453147	3	3	3767	1	8	12	23	25	38	20	35	41	338	7	17	11	13	28	1	4	123	5	8	83	830	8303
3764	360876	453269	453270	3	3	3768	1	2	17	22	30	23	56	53	205	220	6	13	8	28	26	50	58	113	660	3	30	303	3032
3765	360976	453394	453395	3	3	3769	1	3	16	19	20	13	1	59	225	62	9	10	28	29	39	3	76	173	186	0	3	32	320
3766	361072	453514	453516	3	3	3770	1	11	14	16	1	1	37	82	99	602	16	4	19	3	3	52	44	46	797	3	32	320	3203
3767	361168	453635	453636	3	3	3771	1	7	11	19	18	41	23	56	69	479	4	14	28	23	37	10	67	207	428	2	20	203	2038
3768	361262	453753	453754	3	3	3772	1	4	15	2	6	7	57	55	2	281	12	7	6	18	21	53	64	6	843	0	3	38	382
3769	361353	453869	453875	57	3*19	3773	1	2	12	28	13	17	18	20	114	295	12	0	1	28	23	23	29	223	671	3	38	382	3824
3770	361455	453996	453997	3	3	3774	1	1	5	8	1	24	49	94	169	411	3	15	24	3	29	29	80	5	224	8	82	824	8249
3771	361551	454116	454118	3	3	3775	1	6	4	17	5	30	55	22	30	86	1	12	22	15	4	47	66	90	258	2	24	249	2490
3772	361645	454234	454236	3	3	3776	1	14	5	21	7	27	41	67	12	221	8	15	5	21	38	5	100	36	663	4	49	490	4903
3773	361743	454357	454358	3	3	3777	1	16	5	12	2	18	48	43	248	800	14	15	7	6	11	26	28	242	382	9	90	903	9037
3774	361836	454475	454476	3	3	3778	1	13	7	3	6	21	2	69	64	508	5	2	9	18	20	6	5	192	515	0	3	37	375
3775	361935	454597	454599	3	3	3779	1	4	6	15	0	6	20	39	219	555	12	18	16	0	18	1	16	155	656	3	37	375	3758
3776	362028	454715	454717	3	3	3780	1	16	9	25	9	32	41	17	145	958	14	8	17	27	10	5	51	184	856	7	75	758	7589
3777	362126	454838	454840	3	3	3781	1	9	10	9	5	42	45	35	108	417	10	11	27	15	40	17	4	73	242	5	58	589	5898
3778	362222	454958	454960	3	3	3782	1	6	1	25	15	1	52	92	194	303	1	3	17	14	3	38	74	80	909	8	89	898	8985
3779	362309	455070	455078	201	3*67	3783	1	10	1	28	21	40	40	12	152	95	4	11	2	5	42	16	89	181	933	9	98	985	9852
3780	362414	455199	455201	3	3	3784	1	9	16	14	13	32	3	46	14	24	10	10	13	8	10	9	37	42	72	8	85	852	8524
3781	362509	455320	455321	3	3	3785	1	6	5	12	4	0	58	29	106	36	1	15	7	12	0	56	87	67	108	5	52	524	5243
3782	362605	455440	455441	3	3	3786	1	13	11	9	3	23	23	93	166	148	5	14	27	9	26	10	77	247	444	2	24	243	2437
3783	362701	455560	455562	3	3	3787	1	8	11	19	24	27	38	13	165	146	7	14	28	10	38	55	39	244	438	4	43	437	4374
3784	362792	455676	455678	3	3	3788	1	3	8	25	18	35	30	61	162	996	9	5	17	23	19	31	82	235	970	3	37	374	3744
3785	362890	455799	455800	3	3	3789	1	16	5	10	6	23	58	37	60	510	14	15	1	18	26	56	10	180	521	7	74	744	7441
3786	362988	455921	455923	3	3	3790	1	2	18	21	17	19	14	81	76	796	6	16	5	20	14	42	41	228	370	4	44	441	4417
3787	363084	456042	456043	3	3	3791	1	13	6	28	13	6	3	7	206	446	5	18	26	8	18	9	21	116	329	4	41	417	4170
3788	363180	456162	456164	3	3	3792	1	7	10	4	10	34	35	100	249	316	4	11	12	30	16	46	98	245	948	1	17	170	1702
3789	363271	456278	456279	3	3	3793	1	10	18	22	20	37	44	81	140	258	13	16	8	29	25	14	41	169	774	7	70	702	7029
3790	363372	456403	456404	3	3	3794	1	1	18	4	21	26	3	88	170	493	3	16	12	1	35	9	62	8	470	0	2	29	291
3791	363468	456523	456525	3	3	3795	1	5	7	6	23	9	54	100	0	468	15	2	18	7	27	44	98	0	395	2	29	291	2913
3792	363563	456643	456645	3	3	3796	1	4	1	5	18	34	23	44	247	167	12	3	15	23	16	10	31	239	501	9	91	913	9132
3793	363657	456761	456763	3	3	3797	1	9	13	0	2	32	12	59	170	507	10	1	0	6	10	36	76	8	512	1	13	132	1327
3794	363753	456882	456883	3	3	3798	1	3	1	28	8	30	36	19	136	423	9	3	26	24	4	49	57	157	260	3	32	327	3276
3795	363851	457005	457006	3	3	3799	1	5	14	13	22	33	15	30	90	441	15	4	10	4	13	45	90	19	314	2	27	276	2765
3796	363942	457120	457126	87	3*29	3800	1	10	6	8	28	13	8	37	115	374	3	9	0	18	13	47	88	216	250	7	76	765	7656
3797	364040	457243	457244	3	3	3801	1	6	6	21	7	39	22	37	163	1003	1	18	5	21	31	7	10	238	991	6	65	656	6561
3798	364138	457366	457367	3	3	3802	1	0	12	13	30	7	42	34	132	500	0	17	10	28	21	8	1	145	491	5	56	561	5618
3799	364232	457484	457485	3	3	3803	1	14	10	4	8	4	47	57	238	793	8	11	12	24	12	23	70	212	361	6	61	618	6180
3800	364330	457606	457608	3	3	3804	1	13	4	3	11	5	3	48	90	46	5	12	9	2	15	9	43	19	138	1	18	180	1809
3801	364423	457724	457726	3	3	3805	1	15	2	17	30	13	28	46	109	847	11	6	22	28	39	25	37	76	523	8	80	809	8093
3802	364522	457847	457849	3	3	3806	1	14	17	3	2	37	4	62	122	64	8	13	9	6	25	12	85	115	192	0	9	93	937
3803	364609	457959	457961	3	3	3807	1	15	7	5	28	10	34	33	127	215	11	2	15	22	30	43	99	130	645	9	93	937	9377
3804	364711	458085	458087	3	3	3808	1	2	14	24	13	32	19	47	229	738	6	4	14	8	10	57	40	185	196	3	37	377	3773
3805	364809	458208	458210	3	3	3809	1	11	0	17	8	6	5	19	20	422	16	0	22	24	18	15	57	60	257	7	77	773	7734
3806	364905	458328	458330	3	3	3810	1	1	7	9	9	39	17	71	97	859	3	2	27	27	31	51	11	40	559	7	73	734	7344
3807	365001	458449	458450	3	3	3811	1	9	6	17	13	9	28	90	18	78	10	18	22	8	27	25	68	54	234	3	34	344	3444
3808	365096	458569	458571	3	3	3812	1	3	6	28	22	33	41	70	26	973	9	18	26	4	13	5	8	78	901	4	44	444	4440
3809	365188	458685	458686	3	3	3813	1	9	16	24	13	14	35	25	79	881	10	10	14	8	42	46	75	237	625	4	44	440	4403
3810	365286	458808	458809	3	3	3814	1	15	15	12	24	8	43	19	17	426	11	7	7	10	24	11	57	51	269	4	40	403	4030
3811	365384	458930	458932	3	3	3815	1	5	14	8	9	39	4	61	173	905	15	4	24	27	31	12	82	17	697	0	3	30	307
3812	365480	459051	459052	3	3	3816	1	1	15	22	2	21	19	38	101	362	3	7	8	6	20	57	13	52	77	3	30	307	3070
3813	365575	459171	459172	3	3	3817	1	1	13	10	3	27	49	79	88	792	3	1	1	9	38	29	35	13	358	0	7	70	707
3814	365667	459287	459288	3	3	3818	1	10	12	5	29	16	1	61	32	792	13	17	15	25	5	3	82	96	358	7	70	707	7074
3815	365767	459412	459413	3	3	3819	1	10	2	5	4	24	48	42	3	988	13	6	15	12	29	26	25	9	946	0	7	74	746
3816	365863	459532	459534	3	3	3820	1	9	7	7	12	41	47	21	32	833	10	2	21	5	37	23	63	96	481	7	74	746	7469
3817	365959	459652	459654	3	3	3821	1	16	12	17	23	14	58	95	160	203	14	17	22	7	42	56	83	229	609	4	46	469	4692
3818	366052	459770	459772	3	3	3822	1	15	5	13	29	4	57	85	130	634	11	15	10	25	12	53	53	139	893	6	69	692	6921
3819	366148	459891	459892	3	3	3823	1	1	10	24	3	25	49	17	14	668	3	11	14	9	32	29	51	42	995	9	92	921	9211
3820	366246	460013	460015	3	3	3824	1	16	18	22	11	28	36	75	218	350	14	16	8	2	41	49	23	152	41	2	21	211	2112
3821	366342	460134	460135	3	3	3825	1	15	7	5	26	25	21	1	146	706	11	2	15	16	32	4	3	187	100	1	11	112	1120
3822	366433	460249	460251	3	3	3826	1	14	9	1	19	3	26	82	213	809	8	8	3	26	9	19	44	137	409	1	12	120	1201
3823	366534	460374	460376	3	3	3827	1	8	14	19	14	2	58	65	249	209	7	4	28	11	6	56	94	245	627	2	20	201	2019
3824	366627	460492	460494	3	3	3828	1	15	6	3	0	29	8	27	86	600	11	18	9	0	1	24	81	7	791	0	1	19	191
3825	366725	460615	460617	3	3	3829	1	12	18	18	12	32	28	81	101	130	2	16	25	5	10	25	41	52	390	1	19	191	1913
3826	366812	460727	460735	285	3*5*19	3830	1	13	7	7	24	26	4	80	81	845	16	0	23	20	14	19	75	244	683	9	91	913	9130
3827	366917	460856	460857	3	3	3831	1	8	5	6	9	32	57	93	197	241	7	15	18	27	10	53	77	89	723	1	13	130	1302
3828	367013	460976	460978	3	3	3832	1	16	4	28	10	28	18	31	173	272	14	12	26	30	41	54	93	17	816	3	30	302	3020
3829	367100	461088	461096	177	3*59	3833	1	6	12	10	15	11	10	48	186	894	8	15	1	20	12	0	12	41	834	0	2	20	203
3830	367204	461217	461219	3	3	3834	1	1	5	26	29	28	16	36	44	469	3	15	20	25	41	48	7	132	398	2	20	203	2033
3831	367300	461337	461339	3	3	3835	1	8	16	1	12	2	24	89	104	147	7	10	3	5	6	13	65	61	441	0	3	33	330
3832	367396	461458	461459	3	3	3836	1	16	6	24	14	25	7	39	57	583	14	18	14	11	32	21	16	171	740	3	33	330	3303
3833	367492	461578	461580	3	3	3837	1	3	7	7	27	40	14	84	196	61	9	2	21	19	34	42	50	86	183	3	30	303	3038
3834	367583	461694	461695	3	3	3838	1	12	8	2	24	39	45	44	216	750	2	5	6	10	31	17	31	146	232	0	3	38	380
3835	367681	461816	461818	3	3	3839	1	15	4	8	1	21	38	84	99	306	11	12	24	3	20	55	50	46	918	3	38	380	3801
3836	367779	461939	461941	3	3	3840	1	3	12	27	26	33	40	83	27	442	9	17	23	16	13	2	47	81	317	8	80	801	8019
3837	367875	462059	462061	3	3	3841	1	3	16	0	27	24	26	41	221	137	9	10	0	19	29	19	22	161	411	0	1	19	197
3838	367971	462180	462181	3	3	3842	1	1	5	23	11	30	4	12	134	450	3	15	11	2	4	12	36	151	341	1	19	197	1976
3839	368062	462295	462297	3	3	3843	1	5	5	20	1	12	51	78	226	52	15	15	2	3	36	35	32	176	156	9	97	976	9762
3840	368162	462420	462422	3	3	3844	1	2	11	17	15	33	4	57	156	324	6	14	22	14	13	12	70	217	972	7	76	762	7621
3841	368258	462541	462542	3	3	3845	1	16	10	2	23	21	49	1	135	0	14	11	6	7	20	29	3	154	0	6	62	621	6211
3842	368354	462661	462663	3	3	3846	1	14	6	4	1	21	17	11	200	66	8	18	12	3	20	51	33	98	198	2	21	211	2110
3843	368437	462769	462771	3	3	3847	1	9	2	1	8	40	48	20	195	805	10	6	3	24	34	26	60	83	397	1	11	110	1101
3844	368543	462900	462901	3	3	3848	1	16	5	5	13	10	8	45	38	408	14	15	15	8	30	24	34	114	215	1	10	101	1011
3845	368641	463022	463024	3	3	3849	1	9	10	12	19	33	54	42	222	796	10	11	7	26	13	44	25	164	370	0	1	11	110
3846	368737	463143	463144	3	3	3850	1	6	13	1	11	40	39	44	10	508	1	1	3	2	34	58	31	30	515	1	11	110	1100
3847	368831	463261	463262	3	3	3851	1	7	15	14	20	16	57	35	108	265	4	7	13	29	5	53	4	73	795	1	10	100	1004
3848	368929	463383	463385	3	3	3852	1	9	7	21	4	35	23	18	2	479	10	2	5	12	19	10	54	6	428	0	0	4	44
3849	369022	463501	463503	3	3	3853	1	8	4	19	26	5	44	20	130	109	7	12	28	16	15	14	60	139	327	0	4	44	449
3850	369121	463624	463626	3	3	3854	1	13	8	19	25	41	14	40	206	274	5	5	28	13	37	42	19	116	822	4	44	449	4492
3851	369214	463742	463744	3	3	3855	1	5	1	28	5	30	16	35	216	349	15	3	26	15	4	48	4	146	38	4	49	492	4929
3852	369312	463865	463866	3	3	3856	1	7	14	11	5	10	20	29	108	642	4	4	4	15	30	1	87	73	917	9	92	929	9293
3853	369408	463985	463987	3	3	3857	1	12	3	20	15	19	8	68	204	74	2	9	2	14	14	24	2	110	222	2	29	293	2932
3854	369501	464103	464105	3	3	3858	1	14	6	19	26	25	54	42	107	367	8	18	28	16	32	44	25	70	92	9	93	932	9321
3855	369600	464226	464227	3	3	3859	1	13	12	16	11	8	15	28	92	593	5	17	19	2	24	45	84	25	770	3	32	321	3215
3856	369695	464346	464348	3	3	3860	1	7	12	16	18	34	17	43	213	253	4	17	19	23	16	51	28	137	759	2	21	215	2151
3857	369791	464466	464468	3	3	3861	1	12	4	28	25	35	6	11	209	314	2	12	26	13	19	18	33	125	942	1	15	151	1516
3858	369887	464587	464588	3	3	3862	1	1	10	2	15	8	27	1	91	118	3	11	6	14	24	22	3	22	354	5	51	516	5160
3859	369978	464703	464704	3	3	3863	1	7	6	12	17	34	37	54	96	276	4	18	7	20	16	52	61	37	828	1	16	160	1608
3860	370076	464825	464827	3	3	3864	1	11	4	7	8	23	39	93	81	860	16	12	21	24	26	58	77	243	562	6	60	608	6084
3861	370174	464948	464949	3	3	3865	1	11	13	25	7	5	35	35	133	782	16	1	17	21	15	46	4	148	328	0	8	84	842
3862	370270	465068	465070	3	3	3866	1	15	0	3	14	17	37	48	163	746	11	0	9	11	8	52	43	238	220	8	84	842	8424
3863	370361	465184	465190	87	3*29	3867	1	16	14	22	5	25	38	3	31	955	15	2	0	1	25	2	59	187	347	4	42	424	4244
3864	370455	465302	465304	3	3	3868	1	3	4	16	15	2	28	57	6	94	9	12	19	14	6	25	70	18	282	2	24	244	2444
3865	370558	465429	465431	3	3	3869	1	13	6	22	10	22	17	86	31	401	5	18	8	30	23	51	56	93	194	4	44	444	4448
3866	370654	465550	465551	3	3	3870	1	0	1	25	9	27	42	100	207	498	0	3	17	27	38	8	98	119	485	4	44	448	4485
3867	370749	465670	465672	3	3	3871	1	2	18	0	0	12	46	37	62	549	6	16	0	0	36	20	10	186	638	4	48	485	4859
3868	370843	465788	465790	3	3	3872	1	6	18	28	25	0	36	94	56	732	1	16	26	13	0	49	80	168	178	8	85	859	8596
3869	370939	465908	465910	3	3	3873	1	15	3	15	20	16	24	74	13	1001	11	9	16	29	5	13	20	39	985	5	59	596	5963
3870	371037	466031	466033	3	3	3874	1	14	13	18	0	42	20	31	32	32	8	1	25	0	40	1	93	96	96	9	96	963	9637
3871	371133	466151	466153	3	3	3875	1	15	15	16	15	30	1	3	206	356	11	7	19	14	4	3	9	116	59	6	63	637	6376
3872	371226	466269	466271	3	3	3876	1	2	8	6	3	11	38	42	63	951	6	5	18	9	33	55	25	189	835	3	37	376	3766
3873	371324	466392	466394	3	3	3877	1	11	7	15	16	11	46	54	95	681	16	2	16	17	33	20	61	34	25	7	76	766	7669
3874	371418	466510	466512	3	3	3878	1	7	10	26	29	42	30	93	180	894	4	11	20	25	40	31	77	38	664	6	66	669	6698
3875	371516	466633	466634	3	3	3879	1	9	6	4	3	0	2	27	128	553	10	18	12	9	0	6	81	133	650	6	69	698	6983
3876	371609	466751	466752	3	3	3880	1	4	10	26	19	26	17	52	178	553	12	11	20	26	35	51	55	32	650	9	98	983	9838
3877	371707	466874	466875	3	3	3881	1	4	18	6	25	39	31	35	141	649	12	16	18	13	31	34	4	172	938	8	83	838	8389
3878	371803	466994	466996	3	3	3882	1	7	7	11	28	40	35	61	186	313	4	2	4	22	34	46	82	56	939	3	38	389	3895
3879	371897	467112	467114	3	3	3883	1	1	7	16	18	24	11	54	245	446	3	2	19	23	29	33	61	233	329	8	89	895	8952
3880	371995	467235	467236	3	3	3884	1	1	14	14	7	26	42	4	49	788	3	4	13	21	35	8	12	147	346	9	95	952	9522
3881	372091	467355	467357	3	3	3885	1	1	11	10	14	32	42	96	172	299	3	14	1	11	10	8	86	14	897	5	52	522	5228
3882	372187	467475	467477	3	3	3886	1	12	18	27	22	41	9	3	246	386	2	16	23	4	37	27	9	236	149	2	22	228	2286
3883	372270	467584	467589	57	3*19	3887	1	5	16	27	12	36	20	92	116	341	13	0	2	2	31	19	93	86	266	2	28	286	2868
3884	372371	467709	467711	3	3	3888	1	10	16	1	25	16	49	37	160	947	13	10	3	13	5	29	10	229	823	8	86	868	8684
3885	372469	467832	467833	3	3	3889	1	2	7	18	12	39	13	31	78	790	6	2	25	5	31	39	93	234	352	6	68	684	6847
3886	372570	467957	467958	3	3	3890	1	7	6	2	2	32	14	54	42	876	4	18	6	6	10	42	61	126	610	8	84	847	8478
3887	372666	468077	468079	3	3	3891	1	5	5	14	30	8	30	99	156	986	15	15	13	28	24	31	95	217	940	4	47	478	4783
3888	372761	468197	468199	3	3	3892	1	16	16	15	29	24	34	13	159	537	14	10	16	25	29	43	39	226	602	7	78	783	7831
3889	372853	468313	468315	3	3	3893	1	4	1	8	11	11	6	77	102	161	12	3	24	2	33	18	29	55	483	8	83	831	8312
3890	372953	468438	468440	3	3	3894	1	10	7	4	15	37	15	71	150	288	13	2	12	14	25	45	11	199	864	3	31	312	3123
3891	373049	468559	468560	3	3	3895	1	8	10	10	12	27	13	15	249	719	7	11	1	5	38	39	45	245	139	1	12	123	1235
3892	373145	468679	468680	3	3	3896	1	7	1	26	25	29	47	93	167	147	4	3	20	13	1	23	77	250	441	2	23	235	2355
3893	373238	468797	468798	3	3	3897	1	16	10	10	16	1	18	70	240	688	14	11	1	17	3	54	8	218	46	3	35	355	3552
3894	373334	468917	468919	3	3	3898	1	11	7	1	7	33	40	92	221	874	16	2	3	21	13	2	74	161	604	5	55	552	5526
3895	373432	469040	469042	3	3	3899	1	8	5	24	22	19	11	17	22	11	7	15	14	4	14	33	51	66	33	5	52	526	5265
3896	373528	469160	469162	3	3	3900	1	16	11	5	8	30	36	1	76	176	14	14	15	24	4	49	3	228	528	2	26	265	2658
3897	373617	469273	469280	87	3*29	3901	1	4	12	12	20	28	36	52	123	266	8	18	0	4	28	5	80	159	944	6	65	658	6582
3898	373720	469401	469403	3	3	3902	1	1	10	24	10	14	43	4	162	513	3	11	14	30	42	11	12	235	530	5	58	582	5821
3899	373813	469519	469521	3	3	3903	1	5	5	9	27	9	37	28	177	7	15	15	27	19	27	52	84	29	21	8	82	821	8213
3900	373911	469642	469643	3	3	3904	1	16	18	7	30	1	46	92	23	564	14	16	21	28	3	20	74	69	683	2	21	213	2131
3901	374005	469760	469761	3	3	3905	1	4	5	17	21	19	53	95	179	705	12	15	22	1	14	41	83	35	97	1	13	131	1314
3902	374103	469882	469884	3	3	3906	1	11	10	10	15	3	56	100	215	714	16	11	1	14	9	50	98	143	124	3	31	314	3144
3903	374199	470003	470004	3	3	3907	1	7	13	22	30	2	4	25	117	642	4	1	8	28	6	12	75	100	917	1	14	144	1449
3904	374292	470121	470122	3	3	3908	1	4	15	25	3	12	56	71	28	178	12	7	17	9	36	50	11	84	534	4	44	449	4495
3905	374390	470243	470245	3	3	3909	1	3	7	22	5	23	14	6	74	651	9	2	8	15	26	42	18	222	944	4	49	495	4957
3906	374486	470364	470365	3	3	3910	1	1	1	19	3	42	17	73	183	239	3	3	28	9	40	51	17	47	717	9	95	957	9576
3907	374582	470484	470486	3	3	3911	1	6	8	24	30	24	30	35	50	951	1	5	14	28	29	31	4	150	835	5	57	576	5768
3908	374678	470605	470606	3	3	3912	1	2	5	2	22	42	54	58	218	14	6	15	6	4	40	44	73	152	42	7	76	768	7685
3909	374769	470720	470722	3	3	3913	1	2	15	26	9	12	11	91	88	665	6	7	20	27	36	33	71	13	986	6	68	685	6857
3910	374867	470843	470845	3	3	3914	1	13	12	20	9	28	24	17	64	249	5	17	2	27	41	13	51	192	747	8	85	857	8572
3911	374965	470966	470967	3	3	3915	1	4	11	5	9	4	55	25	164	452	12	14	15	27	12	47	75	241	347	5	57	572	5726
3912	375061	471086	471088	3	3	3916	1	12	12	4	23	2	58	53	20	341	2	17	12	7	6	56	58	60	14	7	72	726	7262
3913	375157	471206	471208	3	3	3917	1	9	12	10	16	14	53	48	94	331	10	17	1	17	42	41	43	31	993	2	26	262	2624
3914	375248	471322	471324	3	3	3918	1	5	7	21	15	32	41	43	220	774	15	2	5	14	10	5	28	158	304	6	62	624	6243
3915	375348	471447	471449	3	3	3919	1	1	10	13	14	33	32	56	139	177	3	11	10	11	13	37	67	166	531	2	24	243	2433
3916	375444	471567	471569	3	3	3920	1	9	17	11	20	1	47	22	44	640	10	13	4	29	3	23	66	132	911	4	43	433	4334
3917	375540	471688	471689	3	3	3921	1	6	1	8	15	18	2	54	73	103	1	3	24	14	11	6	61	219	309	3	33	334	3344
3918	375626	471799	471807	393	3*131	3922	1	9	12	11	29	3	4	83	89	669	1	4	2	20	18	38	97	88	577	3	34	344	3441
3919	375729	471926	471928	3	3	3923	1	5	0	21	26	42	47	57	69	304	15	0	5	16	40	23	70	207	912	4	44	441	4418
3920	375827	472049	472050	3	3	3924	1	7	7	10	20	6	6	88	102	825	4	2	1	29	18	18	62	55	457	4	41	418	4189
3921	375923	472169	472171	3	3	3925	1	12	6	18	1	27	35	81	134	190	2	18	25	3	38	46	41	151	570	1	18	189	1893
3922	376017	472287	472289	3	3	3926	1	14	5	3	16	7	39	24	121	917	8	15	9	17	21	58	72	112	733	8	89	893	8930
3923	376107	472402	472404	3	3	3927	1	13	7	0	7	9	38	87	89	796	5	2	0	21	27	55	59	16	370	9	93	930	9303
3924	376208	472528	472529	3	3	3928	1	15	15	26	30	12	13	39	80	719	11	7	20	28	36	39	16	240	139	3	30	303	3039
3925	376306	472651	472652	3	3	3929	1	12	14	28	1	36	18	99	44	613	2	4	26	3	22	54	95	132	830	0	3	39	396
3926	376400	472769	472770	3	3	3930	1	7	3	25	1	9	24	55	79	644	4	9	17	3	27	13	64	237	923	3	39	396	3968
3927	376498	472891	472893	3	3	3931	1	5	13	11	4	3	5	49	136	428	15	1	4	12	9	15	46	157	275	9	96	968	9686
3928	376594	473012	473013	3	3	3932	1	4	15	5	2	19	56	96	103	201	12	7	15	6	14	50	86	58	603	6	68	686	6864
3929	376687	473130	473131	3	3	3933	1	9	8	16	6	20	42	81	238	33	10	5	19	18	17	8	41	212	99	8	86	864	8642
3930	376786	473252	473254	3	3	3934	1	15	7	16	0	23	28	91	129	182	11	2	19	0	26	25	71	136	546	6	64	642	6426
3931	376876	473368	473374	87	3*29	3935	1	16	5	0	24	18	26	48	138	371	15	17	0	11	18	20	35	209	998	4	42	426	4262
3932	376977	473493	473495	3	3	3936	1	1	6	11	5	7	21	32	33	422	3	18	4	15	21	4	96	99	257	2	26	262	2624
3933	377073	473613	473615	3	3	3937	1	13	12	20	15	27	27	58	6	114	5	17	2	14	38	22	73	18	342	6	62	624	6243
3934	377164	473729	473731	3	3	3938	1	0	3	19	21	27	35	82	174	936	0	9	28	1	38	46	44	20	790	2	24	243	2434
3935	377256	473846	473853	219	3*73	3939	1	13	16	22	7	4	10	85	41	196	8	8	4	14	16	7	31	194	546	4	43	434	4341
3936	377360	473974	473976	3	3	3940	1	13	16	16	4	25	49	14	191	811	5	10	19	12	32	29	42	71	415	3	34	341	3410
3937	377456	474095	474096	3	3	3941	1	7	14	18	3	35	48	75	152	330	4	4	25	9	19	26	23	205	990	4	41	410	4107
3938	377552	474215	474217	3	3	3942	1	14	11	13	24	37	50	94	93	600	8	14	10	10	25	32	80	28	791	1	10	107	1077
3939	377643	474331	474332	3	3	3943	1	4	3	24	18	24	13	30	153	774	12	9	14	23	29	39	90	208	304	0	7	77	773
3940	377739	474452	474457	57	3*19	3944	1	5	6	27	13	12	30	18	44	284	13	0	2	28	39	58	16	249	44	7	77	773	7732
3941	377839	474576	474578	3	3	3945	1	11	5	14	17	33	58	97	50	689	16	15	13	20	13	56	89	150	49	7	73	732	7322
3942	377935	474697	474698	3	3	3946	1	1	4	5	13	38	54	68	173	744	3	12	15	8	28	44	2	17	214	3	32	322	3226
3943	378029	474815	474816	3	3	3947	1	12	5	20	2	15	51	55	20	135	2	15	2	6	2	35	64	60	405	2	22	226	2269
3944	378125	474935	474937	3	3	3948	1	4	1	15	7	8	7	86	81	270	12	3	16	21	24	21	56	243	810	2	26	269	2697
3945	378223	475058	475059	3	3	3949	1	4	16	19	21	1	17	20	178	875	12	10	28	1	3	51	60	32	607	6	69	697	6978
3946	378319	475178	475180	3	3	3950	1	7	6	12	23	32	50	26	204	182	4	18	7	7	10	32	78	110	546	9	97	978	9780
3947	378410	475294	475295	3	3	3951	1	7	17	8	28	33	49	18	220	935	4	13	24	22	13	29	54	158	787	7	78	780	7802
3948	378510	475419	475420	3	3	3952	1	1	10	24	10	14	6	33	145	540	3	11	14	30	42	18	99	184	611	8	80	802	8028
3949	378604	475537	475538	3	3	3953	1	7	4	25	8	4	42	53	161	255	4	12	17	24	12	8	58	232	765	0	2	28	280
3950	378702	475659	475661	3	3	3954	1	12	12	25	22	17	0	13	164	313	2	17	17	4	8	0	39	241	939	2	28	280	2807
3951	378793	475775	475779	15	3*5	3955	1	14	9	16	30	19	32	43	155	935	6	2	8	16	27	8	39	66	908	8	80	807	8073
3952	378893	475900	475902	3	3	3956	1	9	5	20	4	8	25	7	63	0	10	15	2	12	24	16	21	189	0	0	7	73	731
3953	378989	476020	476022	3	3	3957	1	16	11	12	30	42	56	77	123	943	14	14	7	28	40	50	29	118	811	7	73	731	7318
3954	379083	476139	476140	3	3	3958	1	15	6	11	8	35	42	55	12	145	11	18	4	24	19	8	64	36	435	3	31	318	3189
3955	379181	476261	476263	3	3	3959	1	5	10	4	11	33	12	37	24	195	15	11	12	2	13	36	10	72	585	1	18	189	1891
3956	379277	476382	476383	3	3	3960	1	16	6	1	26	5	54	54	87	942	14	18	3	16	15	44	61	10	808	8	89	891	8915
3957	379372	476502	476503	3	3	3961	1	15	18	5	2	34	48	97	183	708	11	16	15	6	16	26	89	47	106	9	91	915	9154
3958	379468	476622	476624	3	3	3962	1	10	6	12	27	37	31	84	240	544	13	18	7	19	25	34	50	218	623	1	15	154	1544
3959	379559	476738	476740	3	3	3963	1	1	8	26	15	39	41	18	117	540	3	5	20	14	31	5	54	100	611	5	54	544	5441
3960	379658	476861	476862	3	3	3964	1	15	14	8	14	23	37	52	233	836	11	4	24	11	26	52	55	197	490	4	44	441	4411
3961	379756	476983	476985	3	3	3965	1	12	18	22	9	1	2	19	97	149	2	16	8	27	3	6	57	40	447	4	41	411	4110
3962	379852	477104	477105	3	3	3966	1	4	7	3	13	34	22	82	6	471	12	2	9	8	16	7	44	18	404	1	11	110	1101
3963	379939	477216	477218	3	3	3967	1	8	7	28	1	36	54	98	15	301	7	2	26	3	22	44	92	45	903	1	10	101	1010
3964	380039	477340	477341	3	3	3968	1	2	14	20	13	41	39	86	146	86	6	4	2	8	37	58	56	187	258	0	1	10	104
3965	380134	477460	477466	87	3*29	3969	1	3	10	11	2	27	5	72	86	234	6	15	0	19	27	22	2	203	178	1	10	104	1044
3966	380235	477585	477587	3	3	3970	1	1	14	16	9	4	33	44	110	736	3	4	19	27	12	40	31	79	190	0	4	44	446
3967	380331	477705	477707	3	3	3971	1	8	3	28	2	6	28	3	72	320	7	9	26	6	18	25	9	216	960	4	44	446	4468
3968	380422	477821	477823	3	3	3972	1	2	5	17	15	23	17	56	9	916	6	15	22	14	26	51	67	27	730	4	46	468	4682
3969	380520	477944	477945	3	3	3973	1	4	10	9	21	28	44	72	214	794	12	11	27	1	41	14	14	140	364	6	68	682	6823
3970	380618	478067	478068	3	3	3974	1	11	12	19	4	5	10	7	90	911	16	17	28	12	15	30	21	19	715	8	82	823	8232
3971	380714	478187	478188	3	3	3975	1	7	4	10	12	34	10	98	106	315	4	12	1	5	16	30	92	67	945	2	23	232	2325
3972	380807	478305	478306	3	3	3976	1	4	2	10	17	33	5	50	148	291	12	6	1	20	13	15	49	193	873	3	32	325	3252
3973	380905	478428	478429	3	3	3977	1	3	17	8	21	29	51	24	228	828	9	13	24	1	1	35	72	182	466	2	25	252	2527
3974	380999	478546	478547	3	3	3978	1	7	4	15	3	23	43	90	13	871	4	12	16	9	26	11	68	39	595	5	52	527	5271
3975	381097	478668	478670	3	3	3979	1	6	13	18	11	2	13	2	196	792	1	1	25	2	6	39	6	86	358	2	27	271	2716
3976	381191	478786	478788	3	3	3980	1	14	0	14	30	34	47	37	201	780	8	0	13	28	16	23	10	101	322	7	71	716	7162
3977	381289	478909	478911	3	3	3981	1	16	7	15	10	42	45	2	190	531	14	2	16	30	40	17	6	68	584	1	16	162	1620
3978	381385	479029	479031	3	3	3982	1	14	6	15	14	29	35	99	204	232	8	18	16	11	1	46	95	110	696	6	62	620	6201
3979	381478	479147	479149	3	3	3983	1	11	5	25	0	20	0	79	38	549	16	15	17	0	17	0	35	114	638	2	20	201	2010
3980	381576	479270	479272	3	3	3984	1	12	1	9	12	20	0	86	177	303	2	3	27	5	17	0	56	29	909	0	1	10	105
3981	381672	479390	479392	3	3	3985	1	9	18	25	23	14	44	83	157	544	10	16	17	7	42	14	47	220	623	1	10	105	1052
3982	381768	479511	479512	3	3	3986	1	6	14	13	9	13	37	64	38	684	1	4	10	27	39	52	91	114	34	0	5	52	526
3983	381864	479631	479633	3	3	3987	1	1	15	14	10	12	14	47	34	202	3	7	13	30	36	42	40	102	606	5	52	526	5265
3984	381955	479747	479748	3	3	3988	1	16	18	26	22	26	35	5	143	70	14	16	20	4	35	46	15	178	210	2	26	265	2652
3985	382053	479869	479871	3	3	3989	1	8	3	25	12	38	27	34	6	800	7	9	17	5	28	22	1	18	382	6	65	652	6522
3986	382151	479992	479994	3	3	3990	1	13	2	19	12	8	28	49	54	448	5	6	28	5	24	25	46	162	335	5	52	522	5227
3987	382247	480113	480114	3	3	3991	1	8	7	16	14	15	34	67	67	628	7	2	19	11	2	43	100	201	875	2	22	227	2272
3988	382343	480233	480234	3	3	3992	1	7	12	21	27	28	26	94	217	940	4	17	5	19	41	19	80	149	802	2	27	272	2721
3989	382431	480346	480348	3	3	3993	1	2	4	12	11	2	53	8	73	820	6	12	7	2	6	41	24	219	442	7	72	721	7211
3990	382534	480474	480475	3	3	3994	1	2	12	28	5	35	50	76	9	127	6	17	26	15	19	32	26	27	381	2	21	211	2111
3991	382630	480594	480596	3	3	3995	1	13	18	4	26	8	30	24	213	109	5	16	12	16	24	31	72	137	327	1	11	111	1116
3992	382726	480714	480716	3	3	3996	1	7	7	28	27	31	55	43	53	27	4	2	26	19	7	47	28	159	81	1	11	116	1166
3993	382819	480832	480834	3	3	3997	1	16	7	24	27	1	40	54	30	267	14	2	14	19	3	2	61	90	801	1	16	166	1660
3994	382915	480953	480954	3	3	3998	1	7	18	7	5	25	56	42	124	710	4	16	21	15	32	50	25	121	112	6	66	660	6603
3995	383013	481075	481077	3	3	3999	1	5	11	5	15	22	7	21	93	990	15	14	15	14	23	21	63	28	952	6	60	603	6039
3996	383109	481196	481197	3	3	4000	1	4	18	0	23	6	7	70	191	358	12	16	0	7	18	21	8	71	65	0	3	39	396
3997	383198	481309	481315	57	3*19	4001	1	13	9	3	16	23	30	79	38	841	10	0	26	13	21	58	59	158	514	3	39	396	3966
3998	383301	481436	481438	3	3	4002	1	15	5	13	29	25	51	54	45	103	11	15	10	25	32	35	61	135	309	9	96	966	9666
3999	383389	481550	481556	87	3*29	4003	1	10	13	28	9	42	38	74	47	71	3	10	0	8	42	2	75	73	123	6	66	666	6665
4000	383492	481677	481679	3	3	4004	1	1	6	18	19	18	42	51	217	208	3	18	25	26	11	8	52	149	624	6	66	665	6655
4001	383586	481795	481797	3	3	4005	1	6	1	20	27	1	29	64	24	767	1	3	2	19	3	28	91	72	283	6	65	655	6557
4002	383676	481910	481912	3	3	4006	1	0	17	7	13	41	5	6	119	58	0	13	21	8	37	15	18	106	174	5	55	557	5573
4003	383780	482038	482040	3	3	4007	1	2	6	3	4	24	12	74	232	16	6	18	9	12	29	36	20	194	48	5	57	573	5730
4004	383873	482156	482158	3	3	4008	1	6	9	17	26	31	41	87	122	80	1	8	22	16	7	5	59	115	240	7	73	730	7309
4005	383971	482279	482280	3	3	4009	1	7	10	3	25	41	44	98	89	693	4	11	9	13	37	14	92	16	61	3	30	309	3092
4006	384067	482399	482401	3	3	4010	1	14	1	6	25	36	4	47	183	63	8	3	18	13	22	12	40	47	189	0	9	92	925
4007	384163	482520	482521	3	3	4011	1	15	12	4	5	25	22	48	202	759	11	17	12	15	32	7	43	104	259	9	92	925	9254
4008	384259	482640	482642	3	3	4012	1	10	16	17	15	38	43	4	1	545	13	10	22	14	28	11	12	3	626	2	25	254	2547
4009	384345	482751	482753	3	3	4013	1	10	7	6	26	20	22	43	157	500	13	2	18	16	17	7	28	220	491	5	54	547	5471
4010	384444	482874	482875	3	3	4014	1	3	1	18	11	40	26	95	60	474	9	3	25	2	34	19	83	180	413	4	47	471	4711
4011	384546	483001	483003	3	3	4015	1	9	11	28	18	38	3	26	57	995	10	14	26	23	28	9	78	171	967	7	71	711	7110
4012	384642	483121	483123	3	3	4016	1	3	10	20	25	30	57	89	243	374	9	11	2	13	4	53	65	227	113	1	11	110	1105
4013	384738	483242	483243	3	3	4017	1	4	6	2	15	31	33	33	224	124	12	18	6	14	7	40	99	170	372	1	10	105	1055
4014	384829	483357	483359	3	3	4018	1	3	3	27	17	31	32	42	53	47	9	9	23	20	7	37	25	159	141	0	5	55	557
4015	384930	483482	483484	3	3	4019	1	5	6	22	9	18	20	61	99	394	15	18	8	27	11	1	82	46	173	5	55	557	5578
4016	385025	483603	483604	3	3	4020	1	1	10	10	7	30	27	71	141	721	3	11	1	21	4	22	11	172	145	5	57	578	5785
4017	385121	483723	483725	3	3	4021	1	1	13	9	14	1	35	9	217	984	3	1	27	11	3	46	27	149	934	7	78	785	7853
4018	385215	483841	483843	3	3	4022	1	16	15	1	29	8	8	39	212	533	14	7	3	25	24	24	16	134	590	8	85	853	8537
4019	385311	483962	483963	3	3	4023	1	2	9	13	3	38	1	44	199	126	6	8	10	9	28	3	31	95	378	5	53	537	5376
4020	385409	484084	484086	3	3	4024	1	9	1	17	10	3	42	24	147	421	10	3	22	30	9	8	72	190	254	3	37	376	3763
4021	385504	484205	484206	3	3	4025	1	16	8	7	9	0	53	86	197	608	14	5	21	27	0	41	56	89	815	7	76	763	7634
4022	385598	484323	484324	3	3	4026	1	15	1	24	0	21	51	49	162	725	11	3	14	0	20	35	46	235	157	6	63	634	6346
4023	385696	484445	484447	3	3	4027	1	5	14	22	1	14	50	97	188	269	15	4	8	3	42	32	89	62	807	3	34	346	3466
4024	385790	484563	484565	3	3	4028	1	10	12	1	20	17	33	45	234	961	13	17	3	29	8	40	34	200	865	4	46	466	4668
4025	385888	484686	484688	3	3	4029	1	15	11	25	0	31	51	98	214	160	11	14	17	0	7	35	92	140	480	6	66	668	6682
4026	385981	484804	484806	3	3	4030	1	2	10	27	3	29	24	69	158	277	6	11	23	9	1	13	5	223	831	6	68	682	6820
4027	386079	484927	484928	3	3	4031	1	8	12	15	15	24	11	7	113	970	7	17	16	14	29	33	21	88	892	8	82	820	8206
4028	386175	485047	485049	3	3	4032	1	7	4	18	16	29	22	61	61	688	4	12	25	17	1	7	82	183	46	2	20	206	2065
4029	386269	485165	485167	3	3	4033	1	16	2	27	29	2	18	3	71	951	14	6	23	25	6	54	9	213	835	0	6	65	653
4030	386367	485288	485289	3	3	4034	1	4	17	6	3	27	9	45	170	784	12	13	18	9	38	27	34	8	334	6	65	653	6531
4031	386463	485408	485410	3	3	4035	1	8	1	28	2	5	58	29	21	471	7	3	26	6	15	56	87	63	404	5	53	531	5310
4032	386558	485528	485530	3	3	4036	1	16	13	21	25	41	34	73	229	105	14	1	5	13	37	43	17	185	315	3	31	310	3109
4033	386654	485649	485650	3	3	4037	1	2	0	26	28	38	47	9	86	416	6	0	20	22	28	23	27	7	239	1	10	109	1098
4034	386745	485765	485766	3	3	4038	1	15	17	7	16	36	4	93	56	621	11	13	21	17	22	12	77	168	854	0	9	98	989
4035	386844	485887	485889	3	3	4039	1	5	5	28	20	3	58	2	7	1007	15	15	26	29	9	56	6	21	1003	9	98	989	9896
4036	386942	486010	486011	3	3	4040	1	16	6	7	14	22	38	15	171	608	14	18	21	11	23	55	45	11	815	8	89	896	8965
4037	387037	486130	486132	3	3	4041	1	3	1	21	22	8	23	30	120	346	9	3	5	4	24	10	90	109	29	9	96	965	9652
4038	387133	486251	486252	3	3	4042	1	11	18	11	25	39	15	65	162	656	16	16	4	13	31	45	94	235	959	6	65	652	6526
4039	387224	486366	486368	3	3	4043	1	3	15	15	1	12	33	43	211	451	9	7	16	3	36	40	28	131	344	5	52	526	5269
4040	387325	486491	486493	3	3	4044	1	3	15	0	21	32	13	5	7	592	9	7	0	1	10	39	15	21	767	2	26	269	2691
4041	387421	486612	486613	3	3	4045	1	3	13	23	2	39	6	9	109	530	9	1	11	6	31	18	27	76	581	6	69	691	6918
4042	387509	486724	486726	3	3	4046	1	1	10	1	7	32	32	80	150	421	3	11	3	21	10	37	38	199	254	9	91	918	9186
4043	387610	486850	486852	3	3	4047	1	8	8	15	12	10	48	25	220	666	7	5	16	5	30	26	75	158	989	1	18	186	1862
4044	387706	486970	486972	3	3	4048	1	14	9	12	24	35	35	68	76	145	8	8	7	10	19	46	2	228	435	8	86	862	8620
4045	387804	487093	487095	3	3	4049	1	16	12	4	15	16	27	22	106	783	14	17	12	14	5	22	66	67	331	6	62	620	6205
4046	387900	487213	487215	3	3	4050	1	14	6	1	12	27	8	16	8	719	8	18	3	5	38	24	48	24	139	2	20	205	2056
4047	387993	487331	487333	3	3	4051	1	11	10	5	5	5	39	34	164	443	16	11	15	15	15	58	1	241	320	0	5	56	564
4048	388091	487454	487456	3	3	4052	1	12	18	12	18	35	4	94	16	950	2	16	7	23	19	12	80	48	832	5	56	564	5647
4049	388185	487572	487574	3	3	4053	1	12	9	6	7	27	5	84	110	22	2	8	18	21	38	15	50	79	66	6	64	647	6476
4050	388283	487695	487696	3	3	4054	1	6	16	12	22	34	28	86	164	683	1	10	7	4	16	25	56	241	31	4	47	476	4769
4051	388377	487813	487814	3	3	4055	1	7	18	10	14	7	35	16	110	800	4	16	1	11	21	46	48	79	382	7	76	769	7693
4052	388475	487936	487937	3	3	4056	1	9	11	8	17	23	28	20	89	356	10	14	24	20	26	25	60	16	59	6	69	693	6931
4053	388570	488056	488057	3	3	4057	1	6	18	19	10	42	7	30	148	988	1	16	28	30	40	21	90	193	946	9	93	931	9312
4054	388660	488170	488176	57	3*19	4058	1	3	13	3	21	1	16	26	141	503	1	0	26	19	14	27	68	5	419	3	31	312	3125
4055	388762	488297	488298	3	3	4059	1	8	5	11	30	40	13	27	67	610	7	15	4	28	34	39	81	201	821	1	12	125	1257
4056	388858	488417	488419	3	3	4060	1	7	4	20	12	40	10	61	215	450	4	12	2	5	34	30	82	143	341	2	25	257	2570
4057	388954	488537	488539	3	3	4061	1	12	6	8	15	5	54	91	198	652	2	18	24	14	15	44	71	92	947	5	57	570	5705
4058	389050	488658	488659	3	3	4062	1	2	5	16	30	18	3	37	84	946	6	15	19	28	11	9	10	1	820	7	70	705	7058
4059	389141	488773	488775	3	3	4063	1	8	9	25	13	9	58	0	135	775	7	8	17	8	27	56	0	154	307	0	5	58	586
4060	389239	488896	488898	3	3	4064	1	15	5	23	1	17	22	60	176	437	11	15	11	3	8	7	79	26	302	5	58	586	5863
4061	389337	489019	489020	3	3	4065	1	12	7	2	3	41	50	75	207	799	2	2	6	9	37	32	23	119	379	8	86	863	8635
4062	389433	489139	489141	3	3	4066	1	1	10	10	30	24	1	28	162	478	3	11	1	28	29	3	84	235	425	6	63	635	6356
4063	389529	489259	489261	3	3	4067	1	5	1	6	22	29	57	3	103	904	15	3	18	4	1	53	9	58	694	3	35	356	3566
4064	389620	489375	489377	3	3	4068	1	9	2	1	9	21	58	33	231	505	10	6	3	27	20	56	99	191	506	5	56	566	5662
4065	389720	489500	489502	3	3	4069	1	11	16	3	14	16	5	37	179	602	16	10	9	11	5	15	10	35	797	6	66	662	6620
4066	389811	489616	489622	87	3*29	4070	1	14	10	6	11	39	2	6	33	923	11	15	0	27	39	56	17	110	590	6	62	620	6201
4067	389912	489741	489742	3	3	4071	1	5	11	28	23	1	11	46	59	977	15	14	26	7	3	33	37	177	913	2	20	201	2018
4068	390005	489859	489860	3	3	4072	1	7	6	16	28	34	6	87	174	273	4	18	19	22	16	18	59	20	819	0	1	18	185
4069	390101	489979	489981	3	3	4073	1	6	2	5	13	7	56	1	200	452	1	6	15	8	21	50	3	98	347	1	18	185	1855
4070	390199	490102	490104	3	3	4074	1	0	6	0	14	24	4	62	85	83	0	18	0	11	29	12	85	4	249	8	85	855	8558
4071	390295	490222	490224	3	3	4075	1	2	18	24	20	24	2	33	104	481	6	16	14	29	29	6	99	61	434	5	55	558	5581
4072	390386	490338	490340	3	3	4076	1	8	1	3	13	27	46	60	25	495	7	3	9	8	38	20	79	75	476	5	58	581	5810
4073	390487	490463	490465	3	3	4077	1	7	10	18	23	6	6	55	225	426	4	11	25	7	18	18	64	173	269	8	81	810	8100
4074	390580	490581	490583	3	3	4078	1	13	14	9	26	38	8	54	217	340	5	4	27	16	28	24	61	149	11	1	10	100	1007
4075	390678	490704	490705	3	3	4079	1	15	18	1	20	19	36	32	167	709	11	16	3	29	14	49	96	250	109	0	0	7	72
4076	390770	490819	490823	15	3*5	4080	1	14	17	18	5	14	23	100	158	749	6	8	9	13	38	50	86	111	136	0	7	72	729
4077	390870	490944	490946	3	3	4081	1	11	1	14	18	31	42	22	16	154	16	3	13	23	7	8	66	48	462	7	72	729	7293
4078	390966	491065	491066	3	3	4082	1	1	8	4	30	42	11	34	215	648	3	5	12	28	40	33	1	143	935	2	29	293	2936
4079	391059	491183	491184	3	3	4083	1	12	1	26	30	26	26	92	173	290	2	3	20	28	35	19	74	17	870	9	93	936	9360
4080	391157	491305	491307	3	3	4084	1	3	14	6	1	27	54	12	17	574	9	4	18	3	38	44	36	51	713	3	36	360	3606
4081	391253	491426	491427	3	3	4085	1	4	3	11	5	32	5	20	74	218	12	9	4	15	10	15	60	222	654	6	60	606	6065
4082	391341	491538	491540	3	3	4086	1	7	1	28	3	0	45	57	87	91	4	3	26	9	0	17	70	10	273	0	6	65	659
4083	391445	491667	491668	3	3	4087	1	5	12	14	2	23	36	82	235	89	15	17	13	6	26	49	44	203	267	6	65	659	6598
4084	391536	491782	491784	3	3	4088	1	15	2	12	26	20	6	42	197	617	11	6	7	16	17	18	25	89	842	5	59	598	5987
4085	391634	491905	491906	3	3	4089	1	7	16	17	0	3	18	92	18	643	4	10	22	0	9	54	74	54	920	9	98	987	9876
4086	391732	492028	492029	3	3	4090	1	12	10	24	14	29	22	34	7	404	2	11	14	11	1	7	1	21	203	8	87	876	8764
4087	391828	492148	492150	3	3	4091	1	10	17	9	5	19	3	71	93	461	13	13	27	15	14	9	11	28	374	7	76	764	7648
4088	391924	492268	492270	3	3	4092	1	9	1	15	15	6	40	44	199	440	10	3	16	14	18	2	31	95	311	6	64	648	6486
4089	392015	492384	492386	3	3	4093	1	2	18	14	21	22	40	27	164	24	6	16	13	1	23	2	81	241	72	4	48	486	4861
4090	392116	492509	492511	3	3	4094	1	7	0	14	13	22	23	32	241	414	4	0	13	8	23	10	96	221	233	8	86	861	8611
4091	392211	492629	492631	3	3	4095	1	5	7	15	4	26	25	12	110	16	15	2	16	12	35	16	36	79	48	6	61	611	6117
4092	392307	492750	492751	3	3	4096	1	16	6	26	3	9	34	41	185	1	14	18	20	9	27	43	22	53	3	1	11	117	1179
4093	392398	492865	492867	3	3	4097	1	4	1	28	27	22	0	14	104	4	12	3	26	19	23	0	42	61	12	1	17	179	1791
4094	392496	492988	492990	3	3	4098	1	2	4	2	28	32	19	20	134	446	6	12	6	22	10	57	60	151	329	7	79	791	7910
4095	392595	493111	493112	3	3	4099	1	8	18	26	30	21	50	71	93	206	7	16	20	28	20	32	11	28	618	9	91	910	9104
4096	392690	493231	493233	3	3	4100	1	7	14	21	17	33	52	89	206	264	4	4	5	20	13	38	65	116	792	1	10	104	1045
4097	392784	493349	493351	3	3	4101	1	16	3	1	15	41	30	96	73	579	14	9	3	14	37	31	86	219	728	0	4	45	453
4098	392882	493472	493473	3	3	4102	1	4	13	24	10	23	49	75	147	290	12	1	14	30	26	29	23	190	870	4	45	453	4533
4099	392976	493590	493591	3	3	4103	1	5	3	1	7	10	48	64	31	560	15	9	3	21	30	26	91	93	671	5	53	533	5334
4100	393069	493708	493714	87	3*29	4104	1	7	4	11	5	17	49	84	227	533	14	6	0	1	17	15	36	171	966	3	33	334	3348
4101	393167	493831	493832	3	3	4105	1	14	9	28	17	1	22	40	218	555	8	8	26	20	3	7	19	152	656	3	34	348	3488
4102	393265	493953	493955	3	3	4106	1	1	12	16	18	22	15	28	71	650	3	17	19	23	23	45	84	213	941	4	48	488	4885
4103	393361	494074	494075	3	3	4107	1	8	6	7	10	37	52	82	41	9	7	18	21	30	25	38	44	123	27	8	88	885	8850
4104	393455	494192	494193	3	3	4108	1	10	10	17	8	5	9	98	179	505	13	11	22	24	15	27	92	35	506	8	85	850	8503
4105	393553	494314	494316	3	3	4109	1	3	18	10	22	31	47	7	121	921	9	16	1	4	7	23	21	112	745	5	50	503	5034
4106	393649	494435	494436	3	3	4110	1	11	7	22	6	6	9	77	34	505	16	2	8	18	18	27	29	102	506	0	3	34	346
4107	393744	494555	494557	3	3	4111	1	7	16	9	4	39	53	82	36	345	4	10	27	12	31	41	44	108	26	3	34	346	3461
4108	393840	494675	494677	3	3	4112	1	3	14	22	30	9	21	25	79	5	9	4	8	28	27	4	75	237	15	4	46	461	4611
4109	393931	494791	494793	3	3	4113	1	11	5	17	14	34	26	22	244	201	16	15	22	11	16	19	66	230	603	6	61	611	6113
4110	394029	494914	494915	3	3	4114	1	7	15	28	27	27	53	48	180	619	4	7	26	19	38	41	43	38	848	1	11	113	1136
4111	394123	495032	495038	57	3*19	4115	1	3	9	23	3	27	10	37	167	32	1	0	6	16	34	39	89	232	815	1	13	136	1365
4112	394223	495157	495158	3	3	4116	1	2	5	12	2	39	3	65	59	222	6	15	7	6	31	9	94	177	666	3	36	365	3657
4113	394319	495277	495279	3	3	4117	1	16	4	13	27	21	25	69	97	930	14	12	10	19	20	16	5	40	772	6	65	657	6576
4114	394400	495382	495390	177	3*59	4118	1	7	8	13	6	28	54	53	108	731	15	10	10	8	11	0	89	40	235	5	57	576	5768
4115	394511	495518	495519	3	3	4119	1	4	5	4	8	13	27	60	41	649	12	15	12	24	39	22	79	123	938	7	76	768	7686
4116	394607	495638	495640	3	3	4120	1	12	16	10	9	24	48	7	1	639	2	10	1	27	29	26	21	3	908	6	68	686	6867
4117	394702	495759	495760	3	3	4121	1	9	6	3	13	41	58	31	74	114	10	18	9	8	37	56	93	222	342	8	86	867	8675
4118	394796	495877	495878	3	3	4122	1	8	9	20	23	20	30	28	250	702	7	8	2	7	17	31	84	248	88	6	67	675	6753
4119	394892	495997	495999	3	3	4123	1	7	2	8	3	4	27	9	180	852	4	6	24	9	12	22	27	38	538	7	75	753	7532
4120	394990	496120	496121	3	3	4124	1	9	1	8	27	39	36	42	162	809	10	3	24	19	31	49	25	235	409	5	53	532	5324
4121	395086	496240	496242	3	3	4125	1	6	12	13	9	28	40	7	178	241	1	17	10	27	41	2	21	32	723	3	32	324	3249
4122	395171	496350	496352	3	3	4126	1	6	11	3	22	2	23	18	193	590	1	14	9	4	6	10	54	77	761	2	24	249	2494
4123	395277	496481	496482	3	3	4127	1	8	5	10	3	32	37	62	142	437	7	15	1	9	10	52	85	175	302	4	49	494	4944
4124	395371	496599	496600	3	3	4128	1	15	6	21	21	9	12	21	13	400	11	18	5	1	27	36	63	39	191	9	94	944	9441
4125	395469	496721	496723	3	3	4129	1	12	11	15	4	16	45	62	170	793	2	14	16	12	5	17	85	8	361	4	44	441	4416
4126	395562	496839	496841	3	3	4130	1	14	2	0	21	15	14	32	134	794	8	6	0	1	2	42	96	151	364	4	41	416	4166
4127	395661	496962	496964	3	3	4131	1	13	6	14	23	9	42	97	80	190	5	18	13	7	27	8	89	240	570	1	16	166	1668
4128	395756	497082	497084	3	3	4132	1	7	18	28	21	32	10	16	43	101	4	16	26	1	10	30	48	129	303	6	66	668	6680
4129	395850	497200	497202	3	3	4133	1	16	5	25	3	40	39	98	202	208	14	15	17	9	34	58	92	104	624	6	68	680	6803
4130	395948	497323	497325	3	3	4134	1	1	10	11	11	20	15	54	208	123	3	11	4	2	17	45	61	122	369	8	80	803	8039
4131	396044	497444	497445	3	3	4135	1	5	13	5	26	28	48	83	215	698	15	1	15	16	41	26	47	143	76	0	3	39	396
4132	396140	497564	497565	3	3	4136	1	4	18	22	10	2	54	93	8	249	12	16	8	30	6	44	77	24	747	3	39	396	3962
4133	396235	497684	497686	3	3	4137	1	11	7	16	14	25	37	80	137	802	16	2	19	11	32	52	38	160	388	9	96	962	9626
4134	396319	497793	497799	87	3*29	4138	1	8	14	23	0	13	38	48	79	161	16	2	0	0	13	2	35	96	890	6	62	626	6265
4135	396422	497920	497922	3	3	4139	1	7	14	19	29	39	27	66	211	595	4	4	28	25	31	22	97	131	776	2	26	265	2657
4136	396523	498045	498047	3	3	4140	1	1	5	20	23	19	48	65	121	221	3	15	2	7	14	26	94	112	663	6	65	657	6579
4137	396619	498166	498167	3	3	4141	1	13	14	11	9	33	34	73	82	868	5	4	4	27	13	43	17	246	586	5	57	579	5797
4138	396715	498286	498288	3	3	4142	1	0	3	26	10	24	48	40	246	247	0	9	20	30	29	26	19	236	741	7	79	797	7978
4139	396806	498402	498403	3	3	4143	1	13	5	25	22	27	21	81	87	345	5	15	17	4	38	4	41	10	26	9	97	978	9787
4140	396906	498527	498528	3	3	4144	1	13	12	18	29	42	9	69	24	823	5	17	25	25	40	27	5	72	451	7	78	787	7877
4141	397002	498647	498649	3	3	4145	1	7	12	13	12	33	0	71	100	849	4	17	10	5	13	0	11	49	529	8	87	877	8771
4142	397098	498767	498769	3	3	4146	1	14	4	20	14	21	35	75	171	34	8	12	2	11	20	46	23	11	102	7	77	771	7718
4143	397191	498885	498887	3	3	4147	1	3	2	4	24	30	1	1	227	111	9	6	12	10	4	3	3	179	333	7	71	718	7185
4144	397287	499006	499007	3	3	4148	1	2	11	26	27	27	4	20	210	396	6	14	20	19	38	12	60	128	179	1	18	185	1855
4145	397385	499128	499130	3	3	4149	1	11	1	5	5	7	41	62	131	728	16	3	15	15	21	5	85	142	166	8	85	855	8556
4146	397481	499249	499250	3	3	4150	1	1	13	13	26	33	26	88	137	86	3	1	10	16	13	19	62	160	258	5	55	556	5560
4147	397575	499367	499368	3	3	4151	1	12	0	15	24	8	7	3	37	744	2	0	16	10	24	21	9	111	214	5	56	560	5608
4148	397673	499490	499491	3	3	4152	1	3	7	19	11	37	22	86	3	608	9	2	28	2	25	7	56	9	815	6	60	608	6084
4149	397766	499608	499609	3	3	4153	1	11	5	14	5	7	16	27	99	2	16	15	13	15	21	48	81	46	6	0	8	84	845
4150	397864	499730	499732	3	3	4154	1	7	6	26	15	25	40	96	172	731	4	18	20	14	32	2	86	14	175	8	84	845	8455
4151	397958	499848	499850	3	3	4155	1	1	4	28	17	34	3	91	29	87	3	12	26	20	16	9	71	87	261	4	45	455	4552
4152	398056	499971	499973	3	3	4156	1	1	18	9	1	21	14	69	231	512	3	16	27	3	20	42	5	191	527	5	55	552	5529
4153	398152	500091	500093	3	3	4157	1	1	14	25	29	10	23	99	1	308	3	4	17	25	30	10	95	3	924	5	52	529	5296
4154	398239	500203	500211	219	3*73	4158	1	10	18	15	4	5	38	74	114	466	14	9	8	8	20	3	46	117	145	2	29	296	2965
4155	398343	500332	500334	3	3	4159	1	10	13	20	19	39	17	51	146	389	13	1	2	26	31	51	52	187	158	9	96	965	9654
4156	398439	500452	500454	3	3	4160	1	9	15	12	11	8	33	13	174	551	10	7	7	2	24	40	39	20	644	6	65	654	6541
4157	398535	500573	500574	3	3	4161	1	16	2	26	7	34	45	19	109	441	14	6	20	21	16	17	57	76	314	5	54	541	5412
4158	398631	500693	500695	3	3	4162	1	7	7	4	4	35	43	0	247	32	4	2	12	12	19	11	0	239	96	4	41	412	4126
4159	398722	500809	500810	3	3	4163	1	7	2	7	30	33	38	24	17	75	4	6	21	28	13	55	72	51	225	1	12	126	1266
4160	398820	500931	500933	3	3	4164	1	10	5	1	5	41	32	13	228	292	13	15	3	15	37	37	39	182	876	2	26	266	2665
4161	398918	501054	501056	3	3	4165	1	15	12	12	25	29	42	94	20	746	11	17	7	13	1	8	80	60	220	6	66	665	6654
4162	399006	501167	501168	3	3	4166	1	10	12	10	27	2	34	66	171	705	13	17	1	19	6	43	97	11	97	6	65	654	6540
4163	399110	501295	501296	3	3	4167	1	8	7	11	15	17	16	80	194	763	7	2	4	14	8	48	38	80	271	5	54	540	5408
4164	399201	501411	501412	3	3	4168	1	3	9	9	30	29	55	76	6	612	9	8	27	28	1	47	26	18	827	4	40	408	4085
4165	399301	501536	501537	3	3	4169	1	12	14	3	11	35	17	14	46	541	2	4	9	2	19	51	42	138	614	0	8	85	853
4166	399397	501656	501657	3	3	4170	1	4	11	22	18	22	9	52	218	321	12	14	8	23	23	27	55	152	963	8	85	853	8530
4167	399493	501776	501778	3	3	4171	1	8	18	7	25	27	7	27	168	736	7	16	21	13	38	21	81	2	190	5	53	530	5306
4168	399577	501885	501896	1653	3*19*29	4172	1	16	4	22	4	4	48	25	199	190	13	0	0	9	33	48	16	137	271	3	30	306	3061
4169	399682	502015	502016	3	3	4173	1	14	1	9	23	0	57	61	128	462	8	3	27	7	0	53	82	133	377	0	6	61	614
4170	399781	502137	502139	3	3	4174	1	1	4	28	9	37	23	81	188	146	3	12	26	27	25	10	41	62	438	6	61	614	6143
4171	399876	502258	502259	3	3	4175	1	8	6	19	7	42	18	11	47	186	7	18	28	21	40	54	33	141	558	1	14	143	1434
4172	399970	502376	502377	3	3	4176	1	10	1	9	9	6	43	58	192	69	13	3	27	27	18	11	73	74	207	4	43	434	4344
4173	400068	502498	502500	3	3	4177	1	3	16	19	21	12	3	36	205	483	9	10	28	1	36	9	7	113	440	3	34	344	3444
4174	400161	502616	502618	3	3	4178	1	9	5	2	3	28	0	57	150	299	10	15	6	9	41	0	70	199	897	4	44	444	4443
4175	400260	502739	502741	3	3	4179	1	7	7	21	10	38	25	43	2	327	4	2	5	30	28	16	28	6	981	4	44	443	4431
4176	400353	502857	502859	3	3	4180	1	4	2	19	8	0	29	43	128	468	12	6	28	24	0	28	28	133	395	4	43	431	4318
4177	400451	502980	502981	3	3	4181	1	3	1	17	0	1	51	57	85	463	9	3	22	0	3	35	70	4	380	3	31	318	3185
4178	400547	503100	503102	3	3	4182	1	1	12	18	1	39	32	92	134	787	3	17	25	3	31	37	74	151	343	1	18	185	1858
4179	400641	503218	503220	3	3	4183	1	8	7	14	20	8	38	47	104	4	7	2	13	29	24	55	40	61	12	8	85	858	8586
4180	400739	503341	503342	3	3	4184	1	2	5	15	0	34	19	4	92	138	6	15	16	0	16	57	12	25	414	5	58	586	5867
4181	400834	503461	503463	3	3	4185	1	16	11	15	15	26	23	54	176	424	14	14	16	14	35	10	61	26	263	8	86	867	8676
4182	400930	503582	503583	3	3	4186	1	14	11	9	15	32	42	90	159	219	8	14	27	14	10	8	68	226	657	6	67	676	6769
4183	401026	503702	503704	3	3	4187	1	4	10	9	16	41	52	73	29	800	12	11	27	17	37	38	17	87	382	7	76	769	7697
4184	401117	503818	503819	3	3	4188	1	10	1	1	12	34	12	81	207	837	13	3	3	5	16	36	41	119	493	6	69	697	6975
4185	401215	503940	503942	3	3	4189	1	12	15	20	13	13	57	90	104	981	2	7	2	8	39	53	68	61	925	9	97	975	9751
4186	401314	504063	504065	3	3	4190	1	6	6	14	2	29	23	65	42	9	1	18	13	6	1	10	94	126	27	7	75	751	7514
4187	401409	504183	504185	3	3	4191	1	1	10	12	25	32	33	62	13	233	3	11	7	13	10	40	85	39	699	5	51	514	5145
4188	401505	504304	504305	3	3	4192	1	9	13	9	28	8	13	34	123	268	10	1	27	22	24	39	1	118	804	1	14	145	1456
4189	401596	504419	504421	3	3	4193	1	5	3	17	16	13	18	72	85	409	15	9	22	17	39	54	14	4	218	4	45	456	4566
4190	401697	504544	504546	3	3	4194	1	13	7	16	7	17	51	28	184	360	5	2	19	21	8	35	84	50	71	5	56	566	5661
4191	401793	504665	504666	3	3	4195	1	8	1	21	14	37	24	37	18	846	7	3	5	11	25	13	10	54	520	6	66	661	6614
4192	401888	504785	504787	3	3	4196	1	7	8	21	22	27	57	32	63	532	4	5	5	4	38	53	96	189	587	6	61	614	6140
4193	401982	504903	504905	3	3	4197	1	16	1	23	5	23	47	69	115	64	14	3	11	15	26	23	5	94	192	1	14	140	1406
4194	402078	505023	505025	3	3	4198	1	14	18	24	5	1	15	19	75	468	8	16	14	15	3	45	57	225	395	4	40	406	4068
4195	402176	505146	505148	3	3	4199	1	13	3	28	21	36	54	28	210	784	5	9	26	1	22	44	84	128	334	0	6	68	680
4196	402272	505267	505268	3	3	4200	1	7	11	4	2	19	43	66	182	585	4	14	12	6	14	11	97	44	746	6	68	680	6800
4197	402363	505382	505384	3	3	4201	1	10	2	13	26	27	44	49	96	633	13	6	10	16	38	14	46	37	890	8	80	800	8007
4198	402463	505507	505509	3	3	4202	1	1	12	5	29	18	16	100	65	557	3	17	15	25	11	48	98	195	662	0	0	7	70
4199	402548	505617	505627	951	3*317	4203	1	14	10	0	30	12	13	67	29	789	3	10	0	10	17	32	87	220	652	0	7	70	700
4200	402655	505748	505750	3	3	4204	1	4	10	24	15	2	13	1	84	525	12	11	14	14	6	39	3	1	566	7	70	700	7002
4201	402746	505864	505868	15	3*5	4205	1	12	6	4	29	31	53	57	232	465	10	14	2	1	35	28	47	217	921	0	0	2	23
4202	402834	505976	505982	87	3*29	4206	1	14	14	14	10	28	51	83	141	680	11	2	0	2	28	12	50	219	638	0	2	23	237
4203	402942	506109	506111	3	3	4207	1	5	13	18	18	3	12	52	164	871	15	1	25	23	9	36	55	241	595	2	23	237	2378
4204	403036	506227	506229	3	3	4208	1	7	0	20	7	9	34	100	113	780	4	0	2	21	27	43	98	88	322	3	37	378	3787
4205	403134	506350	506351	3	3	4209	1	13	7	20	22	17	2	3	137	29	5	2	2	4	8	6	9	160	87	7	78	787	7877
4206	403230	506470	506472	3	3	4210	1	0	6	3	8	23	37	34	37	602	0	18	9	24	26	52	1	111	797	8	87	877	8776
4207	403326	506590	506592	3	3	4211	1	2	6	27	17	42	6	2	158	688	6	18	23	20	40	18	6	223	46	7	77	776	7765
4208	403421	506711	506712	3	3	4212	1	13	1	3	10	24	2	70	108	549	5	3	9	30	29	6	8	73	638	7	76	765	7659
4209	403513	506826	506828	3	3	4213	1	3	3	13	24	12	48	54	194	669	9	9	10	10	36	26	61	80	998	6	65	659	6591
4210	403611	506949	506951	3	3	4214	1	13	18	24	6	17	47	25	231	591	5	16	14	18	8	23	75	191	764	5	59	591	5913
4211	403709	507072	507073	3	3	4215	1	15	15	17	12	11	22	90	29	151	11	7	22	5	33	7	68	87	453	9	91	913	9134
4212	403805	507192	507194	3	3	4216	1	10	13	9	15	4	25	45	218	525	13	1	27	14	12	16	34	152	566	1	13	134	1344
4213	403900	507313	507314	3	3	4217	1	11	15	17	30	2	57	26	153	228	16	7	22	28	6	53	78	208	684	3	34	344	3440
4214	403992	507428	507430	3	3	4218	1	15	13	22	13	4	12	67	6	832	11	1	8	8	12	36	100	18	478	4	44	440	4401
4215	404092	507553	507555	3	3	4219	1	9	7	20	5	26	56	29	153	27	10	2	2	15	35	50	87	208	81	4	40	401	4017
4216	404188	507674	507675	3	3	4220	1	3	12	2	3	33	12	46	144	80	9	17	6	9	13	36	37	181	240	0	1	17	171
4217	404284	507794	507796	3	3	4221	1	4	6	8	30	1	27	50	161	250	12	18	24	28	3	22	49	232	750	1	17	171	1712
4218	404373	507907	507909	3	3	4222	1	4	8	25	22	17	23	65	184	875	12	5	17	4	8	10	94	50	607	7	71	712	7127
4219	404473	508032	508034	3	3	4223	1	1	15	2	14	6	21	21	54	338	3	7	6	11	18	4	63	162	5	1	12	127	1274
4220	404571	508155	508157	3	3	4224	1	1	7	9	14	38	15	72	186	548	3	2	27	11	28	45	14	56	635	2	27	274	2749
4221	404667	508275	508277	3	3	4225	1	1	16	5	9	6	29	74	100	841	3	10	15	27	18	28	20	49	505	7	74	749	7494
4222	404760	508393	508395	3	3	4226	1	16	18	13	17	14	25	68	140	892	14	16	10	20	42	16	2	169	658	4	49	494	4947
4223	404859	508516	508518	3	3	4227	1	10	11	17	16	35	32	48	205	662	13	14	22	17	19	37	43	113	977	9	94	947	9470
4224	404952	508634	508636	3	3	4228	1	12	15	13	13	26	9	64	177	902	2	7	10	8	35	27	91	29	688	4	47	470	4704
4225	405046	508753	508758	57	3*19	4229	1	8	11	17	4	19	35	64	139	202	14	0	12	11	8	48	12	142	415	7	70	704	7042
4226	405144	508875	508876	3	3	4230	1	15	1	16	4	33	54	8	169	819	11	3	19	12	13	44	24	5	439	0	4	42	420
4227	405242	508998	508999	3	3	4231	1	5	4	5	15	2	6	35	15	32	15	12	15	14	6	18	4	45	96	4	42	420	4205
4228	405338	509118	509119	3	3	4232	1	16	6	25	23	3	2	23	88	921	14	18	17	7	9	6	69	13	745	2	20	205	2056
4229	405431	509236	509237	3	3	4233	1	3	1	27	26	21	23	7	104	362	9	3	23	16	20	10	21	61	77	0	5	56	562
4230	405529	509359	509360	3	3	4234	1	10	16	15	20	14	40	23	176	976	13	10	16	29	42	2	69	26	910	5	56	562	5622
4231	405625	509479	509481	3	3	4235	1	8	6	18	1	23	0	10	224	551	7	18	25	3	26	0	30	170	644	6	62	622	6223
4232	405721	509599	509601	3	3	4236	1	7	7	19	18	6	30	57	44	880	4	2	28	23	18	31	70	132	622	2	22	223	2230
4233	405817	509720	509721	3	3	4237	1	12	10	6	30	7	38	84	245	507	2	11	18	28	21	55	50	233	512	2	23	230	2305
4234	405908	509835	509837	3	3	4238	1	9	16	22	6	20	3	0	122	276	10	10	8	18	17	9	0	115	828	3	30	305	3053
4235	406006	509958	509960	3	3	4239	1	5	10	10	25	6	24	37	28	549	15	11	1	13	18	13	10	84	638	0	5	53	538
4236	406104	510081	510082	3	3	4240	1	16	16	26	5	41	0	33	206	41	14	10	20	15	37	0	99	116	123	5	53	538	5389
4237	406200	510201	510203	3	3	4241	1	2	5	1	4	25	38	4	20	635	6	15	3	12	32	55	12	60	896	3	38	389	3899
4238	406296	510321	510323	3	3	4242	1	1	11	24	2	35	43	93	60	621	3	14	14	6	19	11	77	180	854	8	89	899	8994
4239	406378	510428	510436	249	3*83	4243	1	5	11	28	28	21	53	79	190	479	4	3	12	28	26	40	77	122	209	9	99	994	9945
4240	406487	510562	510564	3	3	4244	1	16	10	21	0	41	1	76	131	335	14	11	5	0	37	3	26	142	1005	9	94	945	9456
4241	406575	510675	510676	3	3	4245	1	3	4	14	26	31	43	28	69	46	9	12	13	16	7	11	84	207	138	4	45	456	4561
4242	406679	510803	510804	3	3	4246	1	11	18	27	5	33	21	24	234	133	16	16	23	15	13	4	72	200	399	5	56	561	5613
4243	406773	510921	510922	3	3	4247	1	15	5	0	3	42	3	28	211	77	11	15	0	9	40	9	84	131	231	6	61	613	6131
4244	406868	511041	511043	3	3	4248	1	4	2	22	12	15	15	21	51	699	12	6	8	5	2	45	63	153	79	1	13	131	1314
4245	406966	511164	511165	3	3	4249	1	3	13	7	13	40	40	18	53	953	9	1	21	8	34	2	54	159	841	3	31	314	3140
4246	407062	511284	511286	3	3	4250	1	1	18	17	4	1	1	34	146	170	3	16	22	12	3	3	1	187	510	1	14	140	1407
4247	407156	511402	511404	3	3	4251	1	8	9	12	13	15	35	63	6	685	7	8	7	8	2	46	88	18	37	4	40	407	4071
4248	407254	511525	511527	3	3	4252	1	2	1	4	24	8	24	45	179	304	6	3	12	10	24	13	34	35	912	0	7	71	711
4249	407347	511643	511645	3	3	4253	1	10	13	6	28	20	8	27	24	28	13	1	18	22	17	24	81	72	84	7	71	711	7112
4250	407446	511766	511767	3	3	4254	1	14	5	25	30	20	21	8	38	670	8	15	17	28	17	4	24	114	1001	1	11	112	1127
4251	407539	511884	511885	3	3	4255	1	11	18	14	22	12	44	50	111	458	16	16	13	4	36	14	49	82	365	1	12	127	1270
4252	407637	512006	512008	3	3	4256	1	12	3	1	13	2	41	50	141	426	2	9	3	8	6	5	49	172	269	2	27	270	2700
4253	407733	512127	512128	3	3	4257	1	9	11	12	10	8	48	34	154	986	10	14	7	30	24	26	1	211	940	7	70	700	7000
4254	407826	512245	512246	3	3	4258	1	8	10	10	7	17	14	50	82	148	7	11	1	21	8	42	49	246	444	0	0	0	4
4255	407925	512367	512369	3	3	4259	1	1	12	8	21	3	43	55	57	202	3	17	24	1	9	11	64	171	606	0	0	4	40
4256	408020	512488	512489	3	3	4260	1	9	4	19	23	33	28	96	250	934	10	12	28	7	13	25	86	248	784	0	4	40	407
4257	408116	512608	512610	3	3	4261	1	6	10	24	18	5	27	68	198	839	1	11	14	23	15	22	2	92	499	4	40	407	4078
4258	408212	512728	512730	3	3	4262	1	13	17	11	10	34	15	28	21	750	5	13	4	30	16	45	84	63	232	0	7	78	785
4259	408301	512842	512843	3	3	4263	1	7	7	28	9	23	27	11	201	479	4	2	26	27	26	22	33	101	428	7	78	785	7854
4260	408399	512965	512966	3	3	4264	1	3	18	27	17	39	32	5	166	94	9	16	23	20	31	37	15	247	282	8	85	854	8547
4261	408499	513090	513091	3	3	4265	1	12	0	16	6	29	44	66	103	71	2	0	19	18	1	14	97	58	213	5	54	547	5473
4262	408595	513210	513211	3	3	4266	1	2	7	16	4	1	52	55	240	213	6	2	19	12	3	38	64	218	639	4	47	473	4733
4263	408691	513330	513332	3	3	4267	1	13	6	28	30	34	3	7	180	135	5	18	26	28	16	9	21	38	405	7	73	733	7332
4264	408782	513446	513448	3	3	4268	1	3	1	14	14	38	27	96	78	345	9	3	13	11	28	22	86	234	26	3	33	332	3326
4265	408883	513571	513573	3	3	4269	1	12	1	10	11	36	15	60	73	154	2	3	1	2	22	45	79	219	462	3	32	326	3269
4266	408979	513691	513693	3	3	4270	1	1	18	6	26	9	56	44	100	445	3	16	18	16	27	50	31	49	326	2	26	269	2699
4267	409074	513812	513813	3	3	4271	1	5	14	25	2	4	43	86	238	415	15	4	17	6	12	11	56	212	236	6	69	699	6993
4268	409168	513930	513931	3	3	4272	1	11	3	18	24	27	1	43	24	724	16	9	25	10	38	3	28	72	154	9	99	993	9939
4269	409259	514045	514052	87	3*29	4273	1	5	9	27	9	1	48	88	170	399	10	4	0	8	1	46	81	232	407	9	93	939	9390
4270	409362	514173	514174	3	3	4274	1	15	15	28	8	11	19	60	183	40	11	7	26	24	33	57	79	47	120	3	39	390	3908
4271	409458	514293	514295	3	3	4275	1	5	2	22	9	5	42	73	115	136	15	6	8	27	15	8	17	94	408	9	90	908	9081
4272	409551	514411	514413	3	3	4276	1	7	9	5	15	24	28	45	110	389	4	8	15	14	29	25	34	79	158	0	8	81	814
4273	409649	514534	514535	3	3	4277	1	13	12	0	22	36	4	65	19	972	5	17	0	4	22	12	94	57	898	8	81	814	8145
4274	409743	514652	514653	3	3	4278	1	0	5	28	3	23	40	66	170	255	0	15	26	9	26	2	97	8	765	1	14	145	1454
4275	409841	514774	514776	3	3	4279	1	2	12	17	27	29	26	96	58	407	6	17	22	19	1	19	86	174	212	4	45	454	4546
4276	409934	514893	514894	3	3	4280	1	6	15	21	8	9	46	77	117	272	1	7	5	24	27	20	29	100	816	5	54	546	5466
4277	410032	515015	515017	3	3	4281	1	7	7	16	2	41	32	37	81	223	4	2	19	6	37	37	10	243	669	4	46	466	4664
4278	410128	515136	515137	3	3	4282	1	14	16	1	3	42	34	0	44	588	8	10	3	9	40	43	0	132	755	6	66	664	6646
4279	410222	515254	515255	3	3	4283	1	3	18	3	21	23	51	75	117	539	9	16	9	1	26	35	23	100	608	6	64	646	6464
4280	410320	515376	515378	3	3	4284	1	10	11	14	4	14	14	62	27	800	13	14	13	12	42	42	85	81	382	4	46	464	4645
4281	410408	515489	515490	3	3	4285	1	11	12	13	9	8	17	31	110	97	16	17	10	27	24	51	93	79	291	6	64	645	6458
4282	410507	515613	515619	57	3*19	4286	1	9	12	16	11	3	13	94	145	899	3	0	13	7	42	33	5	233	793	4	45	458	4588
4283	410607	515737	515739	3	3	4287	1	9	5	6	21	13	50	14	242	688	10	15	18	1	39	32	42	224	46	5	58	588	5880
4284	410699	515853	515855	3	3	4288	1	11	7	19	13	28	25	29	192	982	16	2	28	8	41	16	87	74	928	8	88	880	8807
4285	410797	515976	515977	3	3	4289	1	11	5	16	27	1	42	83	166	850	16	15	19	19	3	8	47	247	532	8	80	807	8079
4286	410895	516098	516100	3	3	4290	1	7	5	14	26	18	24	38	182	705	4	15	13	16	11	13	13	44	97	0	7	79	797
4287	410991	516219	516220	3	3	4291	1	5	16	10	10	8	54	42	72	194	15	10	1	30	24	44	25	216	582	7	79	797	7972
4288	411086	516339	516341	3	3	4292	1	1	6	27	14	15	57	93	73	964	3	18	23	11	2	53	77	219	874	9	97	972	9727
4289	411178	516455	516456	3	3	4293	1	15	17	23	0	8	6	44	106	823	11	13	11	0	24	18	31	67	451	7	72	727	7270
4290	411278	516580	516581	3	3	4294	1	12	10	9	12	35	36	43	130	669	2	11	27	5	19	49	28	139	998	2	27	270	2708
4291	411374	516700	516702	3	3	4295	1	10	1	15	23	35	42	73	164	999	13	3	16	7	19	8	17	241	979	7	70	708	7082
4292	411470	516821	516822	3	3	4296	1	9	12	2	9	8	26	94	179	333	10	17	6	27	24	19	80	35	999	0	8	82	826
4293	411563	516939	516940	3	3	4297	1	10	7	26	2	32	15	69	120	58	13	2	20	6	10	45	5	109	174	8	82	826	8266
4294	411659	517059	517060	3	3	4298	1	15	1	3	17	1	47	59	180	852	11	3	9	20	3	23	76	38	538	2	26	266	2668
4295	411757	517182	517183	3	3	4299	1	5	11	26	29	39	39	63	197	502	15	14	20	25	31	58	88	89	497	6	66	668	6683
4296	411853	517302	517304	3	3	4300	1	16	11	4	12	22	47	2	73	55	14	14	12	5	23	23	6	219	165	6	68	683	6830
4297	411946	517420	517422	3	3	4301	1	3	2	2	9	27	4	13	39	520	9	6	6	27	38	12	39	117	551	8	83	830	8306
4298	412045	517543	517544	3	3	4302	1	10	6	26	27	35	27	27	186	549	13	18	20	19	19	22	81	56	638	3	30	306	3063
4299	412138	517661	517662	3	3	4303	1	5	15	10	27	5	43	28	105	232	15	7	1	19	15	11	84	64	696	0	6	63	634
4300	412236	517783	517785	3	3	4304	1	7	6	5	5	27	38	94	101	1006	4	18	15	15	38	55	80	52	1000	6	63	634	6343
4301	412330	517901	517903	3	3	4305	1	16	2	28	30	38	9	91	73	521	14	6	26	28	28	27	71	219	554	3	34	343	3432
4302	412428	518024	518026	3	3	4306	1	4	13	5	27	5	15	30	98	513	12	1	15	19	15	45	90	43	530	4	43	432	4328
4303	412519	518140	518146	87	3*29	4307	1	12	17	20	10	28	25	15	193	663	7	16	0	2	28	51	93	225	168	3	32	328	3285
4304	412617	518262	518264	3	3	4308	1	10	9	28	5	22	3	93	11	517	13	8	26	15	23	9	77	33	542	2	28	285	2858
4305	412715	518385	518387	3	3	4309	1	2	1	16	15	26	4	63	231	948	6	3	19	14	35	12	88	191	826	8	85	858	8587
4306	412811	518505	518507	3	3	4310	1	1	8	7	23	41	42	37	173	44	3	5	21	7	37	8	10	17	132	5	58	587	5878
4307	412907	518626	518627	3	3	4311	1	8	5	27	1	36	8	2	121	315	7	15	23	3	22	24	6	112	945	8	87	878	8785
4308	413003	518746	518748	3	3	4312	1	16	14	10	29	25	26	98	174	450	14	4	1	25	32	19	92	20	341	7	78	785	7856
4309	413094	518862	518863	3	3	4313	1	11	10	9	15	17	58	96	52	213	16	11	27	14	8	56	86	156	639	8	85	856	8569
4310	413192	518985	518986	3	3	4314	1	9	6	25	10	6	26	80	220	883	10	18	17	30	18	19	38	158	631	5	56	569	5698
4311	413290	519107	519109	3	3	4315	1	7	12	22	11	12	24	81	33	21	4	17	8	2	36	13	41	99	63	6	69	698	6983
4312	413386	519228	519229	3	3	4316	1	3	12	19	7	38	48	64	206	546	9	17	28	21	28	26	91	116	629	9	98	983	9830
4313	413482	519348	519350	3	3	4317	1	3	4	24	4	30	9	13	48	911	9	12	14	12	4	27	39	144	715	8	83	830	8305
4314	413573	519464	519465	3	3	4318	1	15	8	14	30	15	51	52	68	400	11	5	13	28	2	35	55	204	191	3	30	305	3052
4315	413673	519589	519590	3	3	4319	1	6	17	12	25	1	21	33	161	241	1	13	7	13	3	4	99	232	723	0	5	52	523
4316	413769	519709	519711	3	3	4320	1	2	1	13	25	18	15	78	117	312	6	3	10	13	11	45	32	100	936	5	52	523	5235
4317	413865	519829	519831	3	3	4321	1	16	13	5	5	30	8	15	237	97	14	1	15	15	4	24	45	209	291	2	23	235	2358
4318	413958	519947	519949	3	3	4322	1	13	0	24	3	26	1	8	128	127	5	0	14	9	35	3	24	133	381	3	35	358	3580
4319	414054	520068	520069	3	3	4323	1	11	9	2	26	8	50	40	16	570	16	8	6	16	24	32	19	48	701	5	58	580	5808
4320	414152	520190	520192	3	3	4324	1	12	6	3	11	18	57	0	239	537	2	18	9	2	11	53	0	215	602	8	80	808	8089
4321	414240	520303	520304	3	3	4325	1	9	4	6	29	27	26	8	239	535	10	12	18	25	38	19	24	215	596	0	8	89	893
4322	414337	520424	520426	3	3	4326	1	1	7	27	25	0	6	96	86	823	3	2	23	13	0	18	86	7	451	8	89	893	8933
4323	414440	520551	520553	3	3	4327	1	1	18	8	15	19	29	47	77	829	3	16	24	14	14	28	40	231	469	9	93	933	9330
4324	414533	520670	520671	3	3	4328	1	12	18	20	23	20	19	75	79	728	2	16	2	7	17	57	23	237	166	3	33	330	3306
4325	414631	520792	520794	3	3	4329	1	6	15	18	9	42	44	12	188	185	1	7	25	27	40	14	36	62	555	3	30	306	3065
4326	414720	520906	520912	75	3*5^2	4330	1	5	15	14	7	3	20	89	26	970	1	4	6	29	10	25	9	193	102	0	6	65	657
4327	414823	521033	521034	3	3	4331	1	8	15	18	14	16	41	54	83	179	7	7	25	11	5	5	61	249	537	6	65	657	6575
4328	414919	521153	521155	3	3	4332	1	7	2	15	21	24	7	38	203	374	4	6	16	1	29	21	13	107	113	5	57	575	5757
4329	415012	521271	521273	3	3	4333	1	16	9	0	3	23	49	78	59	315	14	8	0	9	26	29	32	177	945	7	75	757	7574
4330	415111	521394	521396	3	3	4334	1	2	12	14	10	10	40	42	232	617	6	17	13	30	30	2	25	194	842	5	57	574	5740
4331	415206	521514	521516	3	3	4335	1	13	6	28	9	27	38	34	53	585	5	18	26	27	38	55	1	159	746	7	74	740	7406
4332	415302	521635	521636	3	3	4336	1	7	12	9	0	5	23	98	98	247	4	17	27	0	15	10	92	43	741	4	40	406	4067
4333	415398	521755	521757	3	3	4337	1	12	18	11	1	41	16	98	212	925	2	16	4	3	37	48	92	134	757	0	6	67	679
4334	415489	521871	521872	3	3	4338	1	15	17	6	4	17	47	54	145	842	11	13	18	12	8	23	61	184	508	6	67	679	6795
4335	415587	521993	521995	3	3	4339	1	1	7	16	0	8	31	22	143	943	3	2	19	0	24	34	66	178	811	7	79	795	7954
4336	415685	522116	522118	3	3	4340	1	4	14	16	15	15	44	29	33	446	12	4	19	14	2	14	87	99	329	9	95	954	9545
4337	415776	522232	522238	87	3*29	4341	1	8	3	8	8	23	34	30	10	822	16	14	0	14	23	8	85	117	884	5	54	545	5457
4338	415877	522357	522358	3	3	4342	1	15	18	11	16	8	21	61	204	169	11	16	4	17	24	4	82	110	507	4	45	457	4571
4339	415964	522468	522474	57	3*19	4343	1	12	18	15	30	41	2	44	165	723	4	0	14	5	15	55	84	118	851	5	57	571	5716
4340	416069	522598	522599	3	3	4344	1	1	5	11	3	42	26	3	125	608	3	15	4	9	40	19	9	124	815	7	71	716	7163
4341	416164	522718	522719	3	3	4345	1	13	4	26	2	32	13	99	132	871	5	12	20	6	10	39	95	145	595	1	16	163	1637
4342	416260	522838	522840	3	3	4346	1	0	6	16	25	39	52	43	94	96	0	18	19	13	31	38	28	31	288	6	63	637	6377
4343	416351	522954	522956	3	3	4347	1	13	4	10	16	29	51	38	78	860	5	12	1	17	1	35	13	234	562	3	37	377	3775
4344	416450	523077	523078	3	3	4348	1	6	7	20	18	10	24	24	212	570	1	2	2	23	30	13	72	134	701	7	77	775	7752
4345	416548	523199	523201	3	3	4349	1	7	6	20	7	3	19	29	140	945	4	18	2	21	9	57	87	169	817	7	75	752	7525
4346	416644	523320	523321	3	3	4350	1	14	7	20	14	16	14	54	126	517	8	2	2	11	5	42	61	127	542	5	52	525	5254
4347	416737	523438	523439	3	3	4351	1	3	2	26	23	14	24	13	250	174	9	6	20	7	42	13	39	248	522	2	25	254	2542
4348	416835	523560	523562	3	3	4352	1	10	1	5	25	25	7	99	142	653	13	3	15	13	32	21	95	175	950	5	54	542	5420
4349	416929	523678	523680	3	3	4353	1	9	10	20	5	7	13	76	127	994	10	11	2	15	21	39	26	130	964	4	42	420	4202
4350	417027	523801	523803	3	3	4354	1	1	16	17	21	6	23	98	68	250	3	10	22	1	18	10	92	204	750	2	20	202	2021
4351	417120	523919	523921	3	3	4355	1	12	1	27	19	24	12	99	27	97	2	3	23	26	29	36	95	81	291	0	2	21	211
4352	417218	524042	524043	3	3	4356	1	3	11	12	30	35	23	44	249	685	9	14	7	28	19	10	31	245	37	2	21	211	2114
4353	417314	524162	524164	3	3	4357	1	4	11	26	29	23	54	50	173	66	12	14	20	25	26	44	49	17	198	1	11	114	1149
4354	417408	524280	524282	3	3	4358	1	15	2	28	24	17	19	73	202	183	11	6	26	10	8	57	17	104	549	1	14	149	1495
4355	417506	524403	524404	3	3	4359	1	5	6	9	15	9	34	86	27	869	15	18	27	14	27	43	56	81	589	4	49	495	4955
4356	417602	524523	524525	3	3	4360	1	1	18	25	12	40	42	13	219	723	3	16	17	5	34	8	39	155	151	9	95	955	9557
4357	417697	524644	524645	3	3	4361	1	1	6	23	25	40	51	33	55	929	3	18	11	13	34	35	99	165	769	5	55	557	5576
4358	417793	524764	524765	3	3	4362	1	12	10	20	18	5	58	91	57	294	2	11	2	23	15	56	71	171	882	5	57	576	5761
4359	417884	524880	524881	3	3	4363	1	14	18	26	20	42	34	84	126	789	8	16	20	29	40	43	50	127	349	7	76	761	7615
4360	417983	525002	525004	3	3	4364	1	12	15	11	23	2	12	85	105	304	2	7	4	7	6	36	53	64	912	6	61	615	6158
4361	418073	525117	525119	3	3	4365	1	16	11	13	6	34	33	2	190	716	14	14	10	18	16	40	6	68	130	1	15	158	1581
4362	418177	525245	525247	3	3	4366	1	7	1	1	17	41	33	82	41	885	4	3	3	20	37	40	44	123	637	5	58	581	5814
4363	418272	525366	525367	3	3	4367	1	5	8	5	10	24	14	20	199	557	15	5	15	30	29	42	60	95	662	8	81	814	8140
4364	418361	525479	525481	3	3	4368	1	14	16	11	11	25	44	78	137	809	8	10	4	2	32	14	32	160	409	1	14	140	1400
4365	418464	525606	525608	3	3	4369	1	15	14	12	30	9	2	53	157	1000	11	4	7	28	27	6	58	220	982	4	40	400	4002
4366	418560	525727	525728	3	3	4370	1	10	3	11	12	16	22	28	16	218	13	9	4	5	5	7	84	48	654	0	0	2	25
4367	418656	525847	525849	3	3	4371	1	8	11	22	15	13	6	48	223	235	7	14	8	14	39	18	43	167	705	0	2	25	250
4368	418749	525965	525967	3	3	4372	1	15	10	18	6	26	49	40	4	335	11	11	25	18	35	29	19	12	1005	2	25	250	2501
4369	418845	526085	526087	3	3	4373	1	16	10	16	3	34	16	54	6	979	14	11	19	9	16	48	61	18	919	5	50	501	5012
4370	418943	526208	526210	3	3	4374	1	4	4	7	5	35	18	8	222	474	12	12	21	15	19	54	24	164	413	0	1	12	126
4371	419034	526324	526330	87	3*29	4375	1	12	1	22	14	29	39	32	151	145	7	11	0	9	29	30	57	85	507	1	12	126	1262
4372	419132	526447	526448	3	3	4376	1	10	11	9	6	22	53	62	187	964	13	14	27	18	23	41	85	59	874	2	26	262	2622
4373	419224	526563	526571	219	3*73	4377	1	14	6	27	2	1	6	94	169	773	6	3	26	4	4	16	83	114	784	6	62	622	6228
4374	419324	526687	526689	3	3	4378	1	7	14	27	14	27	56	98	154	939	4	4	23	11	38	50	92	211	799	2	22	228	2285
4375	419422	526810	526811	3	3	4379	1	8	0	16	14	18	11	0	15	702	7	0	19	11	11	33	0	45	88	2	28	285	2859
4376	419516	526928	526930	3	3	4380	1	10	9	27	8	21	53	76	133	334	13	8	23	24	20	41	26	148	1002	8	85	859	8594
4377	419614	527051	527052	3	3	4381	1	3	6	10	23	6	21	14	240	450	9	18	1	7	18	4	42	218	341	5	59	594	5941
4378	419710	527171	527173	3	3	4382	1	11	6	21	16	31	16	30	13	313	16	18	5	17	7	48	90	39	939	9	94	941	9413
4379	419803	527289	527291	3	3	4383	1	15	4	19	13	17	18	99	237	811	11	12	28	8	8	54	95	209	415	4	41	413	4130
4380	419901	527412	527413	3	3	4384	1	3	18	17	14	1	25	45	83	797	9	16	22	11	3	16	34	249	373	1	13	130	1302
4381	419997	527532	527534	3	3	4385	1	3	14	18	20	27	44	79	60	321	9	4	25	29	38	14	35	180	963	3	30	302	3021
4382	420093	527652	527654	3	3	4386	1	1	15	12	15	32	1	91	141	967	3	7	7	14	10	3	71	172	883	0	2	21	216
4383	420189	527773	527774	3	3	4387	1	6	13	15	23	0	14	74	165	75	1	1	16	7	0	42	20	244	225	2	21	216	2164
4384	420277	527886	527888	3	3	4388	1	6	10	21	6	5	7	36	104	872	1	11	5	18	15	21	7	61	598	1	16	164	1647
4385	420376	528009	528010	3	3	4389	1	2	13	5	7	20	19	84	37	767	6	1	15	21	17	57	50	111	283	6	64	647	6471
4386	420476	528134	528135	3	3	4390	1	14	7	9	1	15	39	33	232	291	8	2	27	3	2	58	99	194	873	4	47	471	4715
4387	420572	528254	528256	3	3	4391	1	4	12	25	18	29	6	2	87	355	12	17	17	23	1	18	6	10	56	7	71	715	7155
4388	420668	528374	528376	3	3	4392	1	12	6	13	30	19	49	25	143	270	2	18	10	28	14	29	75	178	810	1	15	155	1550
4389	420759	528490	528492	3	3	4393	1	16	2	11	6	14	32	38	99	594	14	6	4	18	42	37	13	46	773	5	55	550	5509
4390	420859	528615	528617	3	3	4394	1	6	18	12	1	34	22	8	129	442	1	16	7	3	16	7	24	136	317	5	50	509	5097
4391	420955	528736	528737	3	3	4395	1	1	7	9	5	22	4	90	210	73	3	2	27	15	23	12	68	128	219	0	9	97	979
4392	421051	528856	528857	3	3	4396	1	9	16	19	4	26	11	73	73	413	10	10	28	12	35	33	17	219	230	9	97	979	9792
4393	421144	528974	528976	3	3	4397	1	8	18	9	19	19	3	22	132	126	7	16	27	26	14	9	66	145	378	7	79	792	7925
4394	421240	529094	529096	3	3	4398	1	6	6	10	6	24	12	54	57	254	1	18	1	18	29	36	61	171	762	9	92	925	9259
4395	421338	529217	529219	3	3	4399	1	8	18	21	0	31	48	64	166	230	7	16	5	0	7	26	91	247	690	2	25	259	2592
4396	421430	529333	529339	57	3*19	4400	1	12	14	3	4	26	39	40	111	511	4	0	26	11	20	40	58	52	875	5	59	592	5923
4397	421528	529455	529457	3	3	4401	1	16	1	24	1	41	22	44	137	646	14	3	14	3	37	7	31	160	929	9	92	923	9230
4398	421626	529578	529580	3	3	4402	1	2	4	28	15	33	36	81	135	88	6	12	26	14	13	49	41	154	264	2	23	230	2309
4399	421719	529696	529698	3	3	4403	1	6	5	24	12	39	48	77	0	976	1	15	14	5	31	26	29	0	910	3	30	309	3099
4400	421817	529819	529820	3	3	4404	1	7	5	6	13	7	10	66	241	454	4	15	18	8	21	30	97	221	353	0	9	99	990
4401	421903	529929	529930	3	3	4405	1	16	11	25	13	36	43	65	151	44	14	14	17	8	22	11	94	202	132	9	99	990	9907
4402	422009	530059	530061	3	3	4406	1	1	6	0	3	5	5	72	31	975	3	18	0	9	15	15	14	93	907	9	90	907	9079
4403	422105	530180	530181	3	3	4407	1	5	7	24	24	22	14	99	220	788	15	2	14	10	23	42	95	158	346	0	7	79	796
4404	422198	530298	530299	3	3	4408	1	11	2	20	28	16	50	69	205	932	16	6	2	22	5	32	5	113	778	7	79	796	7965
4405	422292	530416	530422	87	3*29	4409	1	8	2	27	16	32	40	88	105	666	16	3	0	28	32	58	81	99	429	9	96	965	9654
4406	422392	530541	530542	3	3	4410	1	15	12	18	17	31	15	67	45	464	11	17	25	20	7	45	100	135	383	6	65	654	6547
4407	422488	530661	530663	3	3	4411	1	5	16	13	13	6	32	92	19	245	15	10	10	8	18	37	74	57	735	5	54	547	5473
4408	422584	530782	530783	3	3	4412	1	1	5	20	10	39	32	1	162	876	3	15	2	30	31	37	3	235	610	4	47	473	4737
4409	422675	530897	530899	3	3	4413	1	8	5	21	20	21	37	68	190	907	7	15	5	29	20	52	2	68	703	7	73	737	7376
4410	422773	531020	531022	3	3	4414	1	0	6	17	29	41	15	23	221	521	0	18	22	25	37	45	69	161	554	3	37	376	3761
4411	422871	531143	531144	3	3	4415	1	2	10	3	23	6	34	54	64	558	6	11	9	7	18	43	61	192	665	7	76	761	7612
4412	422967	531263	531265	3	3	4416	1	13	6	6	18	40	36	36	64	411	5	18	18	23	34	49	7	192	224	6	61	612	6125
4413	423063	531383	531385	3	3	4417	1	7	18	4	10	39	15	99	122	206	4	16	12	30	31	45	95	115	618	1	12	125	1255
4414	423154	531499	531501	3	3	4418	1	6	1	3	14	6	36	33	226	203	1	3	9	11	18	49	99	176	609	2	25	255	2551
4415	423255	531624	531626	3	3	4419	1	15	10	9	22	27	57	68	136	658	11	11	27	4	38	53	2	157	965	5	55	551	5517
4416	423350	531744	531746	3	3	4420	1	10	13	17	6	13	17	8	7	559	13	1	22	18	39	51	24	21	668	5	51	517	5176
4417	423446	531865	531866	3	3	4421	1	11	18	28	4	24	26	61	3	624	16	16	26	12	29	19	82	9	863	1	17	176	1765
4418	423540	531983	531984	3	3	4422	1	7	9	4	6	34	8	93	97	841	4	8	12	18	16	24	77	40	505	7	76	765	7656
4419	423635	532103	532105	3	3	4423	1	12	4	12	8	20	54	58	242	742	2	12	7	24	17	44	73	224	208	6	65	656	6567
4420	423734	532226	532227	3	3	4424	1	3	8	8	11	20	54	95	84	978	9	5	24	2	17	44	83	1	916	5	56	567	5675
4421	423829	532346	532348	3	3	4425	1	4	5	22	26	39	48	56	207	632	12	15	8	16	31	26	67	119	887	6	67	675	6751
4422	423923	532464	532466	3	3	4426	1	15	18	2	19	40	6	19	180	788	11	16	6	26	34	18	57	38	346	7	75	751	7513
4423	424021	532587	532588	3	3	4427	1	5	3	9	27	25	22	44	84	94	15	9	27	19	32	7	31	1	282	5	51	513	5135
4424	424115	532705	532706	3	3	4428	1	7	6	1	13	15	25	83	240	711	4	18	3	8	2	16	47	218	115	1	13	135	1357
4425	424213	532828	532829	3	3	4429	1	1	12	7	8	2	4	35	104	770	3	17	21	24	6	12	4	61	292	3	35	357	3575
4426	424306	532946	532947	3	3	4430	1	16	10	15	8	29	25	23	51	505	14	11	16	24	1	16	69	153	506	5	57	575	5751
4427	424404	533068	533070	3	3	4431	1	10	4	7	13	32	57	79	244	42	13	12	21	8	10	53	35	230	126	7	75	751	7517
4428	424500	533189	533190	3	3	4432	1	9	10	4	22	9	4	57	221	727	10	11	12	4	27	12	70	161	163	5	51	517	5178
4429	424594	533307	533308	3	3	4433	1	10	11	16	3	15	48	10	146	77	13	14	19	9	2	26	30	187	231	1	17	178	1782
4430	424692	533429	533431	3	3	4434	1	7	1	5	27	28	43	11	91	986	4	3	15	19	41	11	33	22	940	7	78	782	7829
4431	424788	533550	533551	3	3	4435	1	5	13	25	9	20	47	9	138	490	15	1	17	27	17	23	27	163	461	8	82	829	8296
4432	424883	533670	533672	3	3	4436	1	16	0	19	2	28	45	24	88	62	14	0	28	6	41	17	72	13	186	2	29	296	2966
4433	424979	533790	533792	3	3	4437	1	15	7	15	3	2	50	95	197	793	11	2	16	9	6	32	83	89	361	9	96	966	9666
4434	425070	533906	533908	3	3	4438	1	14	1	10	29	1	0	18	97	311	8	3	1	25	3	0	54	40	933	6	66	666	6664
4435	425168	534029	534030	3	3	4439	1	5	5	27	7	8	3	23	28	247	15	15	23	21	24	9	69	84	741	6	66	664	6645
4436	425267	534151	534153	3	3	4440	1	7	1	6	12	29	16	34	233	642	4	3	18	5	1	48	1	197	917	6	64	645	6454
4437	425362	534272	534273	3	3	4441	1	12	18	28	23	19	18	96	33	458	2	16	26	7	14	54	86	99	365	4	45	454	4547
4438	425458	534392	534394	3	3	4442	1	4	14	21	21	33	10	79	87	685	12	4	5	1	13	30	35	10	37	5	54	547	5477
4439	425549	534508	534509	3	3	4443	1	1	12	8	13	13	6	55	158	464	3	17	24	8	39	18	64	223	383	4	47	477	4779
4440	425650	534633	534634	3	3	4444	1	16	13	1	11	30	14	86	129	17	14	1	3	2	4	42	56	136	51	7	77	779	7791
4441	425738	534745	534747	3	3	4445	1	2	10	20	4	34	57	5	194	770	6	11	2	12	16	53	15	80	292	7	79	791	7917
4442	425842	534874	534875	3	3	4446	1	1	2	7	10	33	53	24	233	581	3	6	21	30	13	41	72	197	734	9	91	917	9174
4443	425935	534992	534993	3	3	4447	1	5	9	10	9	30	2	20	226	544	15	8	1	27	4	6	60	176	623	1	17	174	1745
4444	426031	535112	535114	3	3	4448	1	10	10	8	0	30	17	69	49	876	13	11	24	0	4	51	5	147	610	7	74	745	7450
4445	426129	535235	535236	3	3	4449	1	3	6	27	12	6	50	23	169	199	9	18	23	5	18	32	69	5	597	4	45	450	4501
4446	426225	535355	535357	3	3	4450	1	11	12	0	23	7	48	87	192	498	16	17	0	7	21	26	59	74	485	5	50	501	5011
4447	426316	535471	535472	3	3	4451	1	3	3	16	14	34	50	95	109	9	9	9	19	11	16	32	83	76	27	0	1	11	112
4448	426416	535596	535597	3	3	4452	1	3	7	7	10	40	17	37	111	724	9	2	21	30	34	51	10	82	154	1	11	112	1129
4449	426510	535714	535715	3	3	4453	1	4	7	15	17	16	4	68	134	763	12	2	16	20	5	12	2	151	271	1	12	129	1299
4450	426608	535836	535838	3	3	4454	1	1	14	2	29	35	9	68	173	540	3	4	6	25	19	27	2	17	611	2	29	299	2996
4451	426699	535952	535956	15	3*5	4455	1	5	5	28	29	1	6	94	207	696	7	18	14	1	15	31	97	93	350	9	99	996	9961
4452	426800	536077	536079	3	3	4456	1	2	18	1	14	41	49	63	182	806	6	16	3	11	37	29	88	44	400	9	96	961	9614
4453	426891	536193	536199	57	3*19	4457	1	8	15	12	21	26	38	1	146	319	14	0	17	19	20	42	57	39	21	6	61	614	6148
4454	426989	536316	536317	3	3	4458	1	13	1	14	27	2	0	88	82	953	5	3	13	19	6	0	62	246	841	1	14	148	1489
4455	427087	536438	536440	3	3	4459	1	4	4	1	5	19	22	93	185	755	12	12	3	15	14	7	77	53	247	4	48	489	4890
4456	427183	536559	536560	3	3	4460	1	12	6	12	26	39	2	43	114	885	2	18	7	16	31	6	28	91	637	8	89	890	8903
4457	427279	536679	536680	3	3	4461	1	9	5	21	27	8	21	56	85	529	10	15	5	19	24	4	67	4	578	9	90	903	9030
4458	427375	536799	536801	3	3	4462	1	6	16	8	11	34	46	21	91	550	1	10	24	2	16	20	63	22	641	0	3	30	304
4459	427466	536915	536917	3	3	4463	1	15	1	17	1	10	23	24	50	906	11	3	22	3	30	10	72	150	700	3	30	304	3046
4460	427564	537038	537039	3	3	4464	1	12	9	28	3	36	18	76	206	973	2	8	26	9	22	54	26	116	901	0	4	46	463
4461	427662	537160	537162	3	3	4465	1	6	10	11	23	33	22	72	57	531	1	11	4	7	13	7	14	171	584	4	46	463	4639
4462	427758	537281	537282	3	3	4466	1	13	1	20	1	29	27	32	211	110	5	3	2	3	1	22	96	131	330	6	63	639	6399
4463	427854	537401	537403	3	3	4467	1	8	12	8	29	5	40	33	0	533	7	17	24	25	15	2	99	0	590	3	39	399	3994
4464	427945	537517	537518	3	3	4468	1	3	9	25	15	11	17	63	183	683	9	8	17	14	33	51	88	47	31	9	99	994	9947
4465	428045	537642	537643	3	3	4469	1	12	5	16	19	37	37	100	224	861	2	15	19	26	25	52	98	170	565	9	94	947	9471
4466	428141	537762	537764	3	3	4470	1	2	11	28	11	35	13	55	138	534	6	14	26	2	19	39	64	163	593	4	47	471	4713
4467	428237	537882	537884	3	3	4471	1	13	11	2	7	22	40	48	166	334	5	14	6	21	23	2	43	247	1002	7	71	713	7132
4468	428328	537998	538000	3	3	4472	1	3	8	12	20	20	36	9	231	82	9	5	7	29	17	49	27	191	246	1	13	132	1329
4469	428426	538121	538122	3	3	4473	1	16	5	7	26	11	3	53	98	438	14	15	21	16	33	9	58	43	305	3	32	329	3296
4470	428524	538244	538245	3	3	4474	1	1	18	25	25	0	14	91	195	141	3	16	17	13	0	42	71	83	423	2	29	296	2962
4471	428620	538364	538365	3	3	4475	1	5	6	3	25	37	23	91	122	644	15	18	9	13	25	10	71	115	923	9	96	962	9621
4472	428709	538477	538483	87	3*29	4476	1	8	4	18	15	8	22	60	135	322	16	6	0	3	8	26	69	199	771	6	62	621	6210
4473	428812	538605	538606	3	3	4477	1	11	13	28	15	30	58	16	85	959	16	1	26	14	4	56	48	4	859	2	21	210	2107
4474	428905	538723	538724	3	3	4478	1	3	15	16	26	11	17	6	224	277	9	7	19	16	33	51	18	170	831	1	10	107	1073
4475	429003	538845	538847	3	3	4479	1	5	7	25	11	11	32	79	44	221	15	2	17	2	33	37	35	132	663	0	7	73	734
4476	429090	538956	538965	381	3*127	4480	1	3	12	0	26	22	9	20	245	968	4	12	0	17	40	7	45	224	523	7	73	734	7340
4477	429195	539086	539088	3	3	4481	1	13	8	24	25	0	47	75	67	40	5	5	14	13	0	23	23	201	120	3	34	340	3404
4478	429291	539206	539208	3	3	4482	1	0	5	17	15	1	18	45	13	556	0	15	22	14	3	54	34	39	659	4	40	404	4043
4479	429384	539324	539326	3	3	4483	1	14	18	21	23	25	10	32	59	97	8	16	5	7	32	30	96	177	291	0	4	43	437
4480	429474	539439	539441	3	3	4484	1	13	2	23	30	16	40	56	71	299	5	6	11	28	5	2	67	213	897	4	43	437	4375
4481	429578	539567	539569	3	3	4485	1	7	11	1	7	34	40	67	182	338	4	14	3	21	16	2	100	44	5	3	37	375	3751
4482	429674	539688	539689	3	3	4486	1	14	12	15	14	26	46	33	183	26	8	17	16	11	35	20	99	47	78	7	75	751	7518
4483	429770	539808	539810	3	3	4487	1	15	12	14	21	32	16	51	134	702	11	17	13	1	10	48	52	151	88	5	51	518	5189
4484	429861	539924	539925	3	3	4488	1	14	7	28	13	24	51	79	168	118	8	2	26	8	29	35	35	2	354	1	18	189	1895
4485	429959	540046	540048	3	3	4489	1	9	2	26	2	41	17	86	237	803	10	6	20	6	37	51	56	209	391	8	89	895	8957
4486	430057	540169	540171	3	3	4490	1	1	17	6	9	22	32	38	131	397	3	13	18	27	23	37	13	142	182	9	95	957	9573
4487	430153	540290	540291	3	3	4491	1	9	1	11	0	29	4	43	53	249	10	3	4	0	1	12	28	159	747	5	57	573	5735
4488	430249	540410	540411	3	3	4492	1	3	13	22	1	32	26	57	45	648	9	1	8	3	10	19	70	135	935	7	73	735	7359
4489	430338	540523	540525	3	3	4493	1	12	0	8	7	41	6	78	138	201	2	0	24	21	37	18	32	163	603	3	35	359	3596
4490	430440	540651	540652	3	3	4494	1	7	7	10	0	24	41	99	92	941	4	2	1	0	29	5	95	25	805	5	59	596	5961
4491	430536	540771	540773	3	3	4495	1	5	6	27	15	17	11	67	136	655	15	18	23	14	8	33	100	157	956	9	96	961	9614
4492	430632	540891	540893	3	3	4496	1	1	6	24	15	37	20	33	187	751	3	18	14	14	25	1	99	59	235	6	61	614	6145
4493	430726	541009	541011	3	3	4497	1	7	4	25	28	14	35	80	199	995	4	12	17	22	42	46	38	95	967	1	14	145	1458
4494	430821	541130	541131	3	3	4498	1	16	15	3	29	23	15	68	87	560	14	7	9	25	26	45	2	10	671	4	45	458	4589
4495	430920	541252	541254	3	3	4499	1	10	14	2	3	5	6	93	105	407	13	4	6	9	15	18	77	64	212	5	58	589	5890
4496	431015	541373	541374	3	3	4500	1	9	15	14	2	36	43	40	182	203	10	7	13	6	22	11	19	44	609	8	89	890	8901
4497	431109	541491	541492	3	3	4501	1	10	14	3	5	21	6	93	141	454	13	4	9	15	20	18	77	172	353	9	90	901	9019
4498	431207	541613	541615	3	3	4502	1	7	15	26	28	30	58	96	165	639	4	7	20	22	4	56	86	244	908	0	1	19	193
4499	431300	541731	541733	3	3	4503	1	1	8	24	18	38	50	21	250	300	3	5	14	23	28	32	63	248	900	1	19	193	1938
4500	431399	541854	541856	3	3	4504	1	16	7	10	7	14	31	93	17	363	14	2	1	21	42	34	77	51	80	9	93	938	9389
4501	431492	541972	541974	3	3	4505	1	3	10	11	9	9	54	85	151	758	9	11	4	27	27	44	53	202	256	3	38	389	3897
4502	431590	542095	542096	3	3	4506	1	10	6	21	22	1	16	93	207	292	13	18	5	4	3	48	77	119	876	8	89	897	8971
4503	431686	542215	542217	3	3	4507	1	8	12	5	25	9	2	77	105	118	7	17	15	13	27	6	29	64	354	9	97	971	9713
4504	431780	542333	542335	3	3	4508	1	15	15	28	5	35	31	78	53	842	11	7	26	15	19	34	32	159	508	7	71	713	7131
4505	431878	542456	542457	3	3	4509	1	12	7	5	21	2	23	54	107	741	2	2	15	1	6	10	61	70	205	1	13	131	1311
4506	431969	542571	542578	87	3*29	4510	1	6	13	0	30	8	7	26	101	868	12	10	0	6	8	19	40	2	850	3	31	311	3111
4507	432069	542697	542698	3	3	4511	1	8	14	24	30	23	46	69	180	606	7	4	14	28	26	20	5	38	809	1	11	111	1117
4508	432165	542817	542819	3	3	4512	1	16	11	16	29	42	19	80	216	646	14	14	19	25	40	57	38	146	929	1	11	117	1179
4509	432254	542930	542932	3	3	4513	1	6	12	4	27	37	48	6	21	286	1	17	12	19	25	26	18	63	858	1	17	179	1790
4510	432348	543049	543055	57	3*19	4514	1	16	9	13	17	21	47	20	105	944	11	0	16	8	36	24	29	212	331	7	79	790	7904
4511	432453	543178	543180	3	3	4515	1	8	5	10	12	42	26	76	2	23	7	15	1	5	40	19	26	6	69	9	90	904	9042
4512	432548	543298	543300	3	3	4516	1	16	4	22	25	11	54	47	95	885	14	12	8	13	33	44	40	34	637	0	4	42	429
4513	432644	543419	543420	3	3	4517	1	3	6	9	18	4	2	58	193	107	9	18	27	23	12	6	73	77	321	4	42	429	4297
4514	432735	543534	543536	3	3	4518	1	12	4	9	20	19	18	71	32	796	2	12	27	29	14	54	11	96	370	2	29	297	2978
4515	432836	543659	543661	3	3	4519	1	7	16	19	22	14	0	33	119	91	4	10	28	4	42	0	99	106	273	9	97	978	9782
4516	432926	543774	543781	201	3*67	4520	1	14	12	22	14	19	8	11	212	502	9	18	14	24	35	15	90	193	2	7	78	782	7828
4517	433027	543900	543902	3	3	4521	1	3	7	2	17	33	57	77	159	255	9	2	6	20	13	53	29	226	765	8	82	828	8285
4518	433121	544018	544020	3	3	4522	1	7	2	14	2	26	34	58	224	331	4	6	13	6	35	43	73	170	993	2	28	285	2856
4519	433217	544139	544140	3	3	4523	1	8	4	20	27	38	1	23	221	469	7	12	2	19	28	3	69	161	398	8	85	856	8564
4520	433307	544253	544255	3	3	4524	1	2	8	9	7	12	48	59	29	625	6	5	27	21	36	26	76	87	866	5	56	564	5647
4521	433411	544382	544383	3	3	4525	1	16	16	4	12	38	10	84	28	570	14	10	12	5	28	30	50	84	701	6	64	647	6475
4522	433504	544500	544501	3	3	4526	1	13	1	2	3	27	28	67	53	3	5	3	6	9	38	25	100	159	9	4	47	475	4750
4523	433602	544622	544624	3	3	4527	1	4	11	3	30	27	11	14	16	750	12	14	9	28	38	33	42	48	232	7	75	750	7503
4524	433696	544740	544742	3	3	4528	1	16	6	20	3	7	52	99	137	742	14	18	2	9	21	38	95	160	208	5	50	503	5032
4525	433794	544863	544865	3	3	4529	1	9	10	11	5	1	33	15	5	702	10	11	4	15	3	40	45	15	88	0	3	32	320
4526	433887	544981	544983	3	3	4530	1	8	5	19	13	12	37	44	75	728	7	15	28	8	36	52	31	225	166	3	32	320	3203
4527	433986	545104	545105	3	3	4531	1	1	18	13	30	36	14	75	143	609	3	16	10	28	22	42	23	178	818	2	20	203	2031
4528	434081	545224	545226	3	3	4532	1	9	6	18	22	2	13	82	137	595	10	18	25	4	6	39	44	160	776	0	3	31	319
4529	434175	545342	545344	3	3	4533	1	8	2	2	14	35	45	100	19	731	7	6	6	11	19	17	98	57	175	3	31	319	3198
4530	434273	545465	545466	3	3	4534	1	13	13	18	14	19	25	70	150	814	5	1	25	11	14	16	8	199	424	1	19	198	1986
4531	434369	545585	545587	3	3	4535	1	8	18	15	9	14	48	70	106	858	7	16	16	27	42	26	8	67	556	9	98	986	9869
4532	434465	545705	545707	3	3	4536	1	7	7	0	23	23	57	16	237	992	4	2	0	7	26	53	48	209	958	8	86	869	8691
4533	434560	545826	545827	3	3	4537	1	12	1	14	16	6	19	28	129	123	2	3	13	17	18	57	84	136	369	6	69	691	6915
4534	434652	545942	545943	3	3	4538	1	13	14	22	15	2	44	23	165	286	5	4	8	14	6	14	69	244	858	9	91	915	9151
4535	434750	546064	546066	3	3	4539	1	6	1	25	9	14	56	69	90	148	1	3	17	27	42	50	5	19	444	1	15	151	1514
4536	434848	546187	546188	3	3	4540	1	7	14	11	20	30	39	21	158	213	4	4	4	29	4	58	63	223	639	5	51	514	5140
4537	434944	546307	546309	3	3	4541	1	12	3	5	15	41	29	30	151	99	2	9	15	14	37	28	90	202	297	1	14	140	1402
4538	435039	546428	546429	3	3	4542	1	1	11	22	23	25	45	28	42	890	3	14	8	7	32	17	84	126	652	4	40	402	4028
4539	435131	546543	546545	3	3	4543	1	7	2	25	30	10	41	70	62	853	4	6	17	28	30	5	8	186	541	0	2	28	287
4540	435226	546663	546670	87	3*29	4544	1	6	5	12	21	25	53	65	223	160	12	17	0	29	25	9	100	74	803	2	28	287	2870
4541	435327	546789	546790	3	3	4545	1	11	4	11	1	41	43	81	196	481	16	12	4	3	37	11	41	86	434	8	87	870	8708
4542	435423	546909	546911	3	3	4546	1	15	10	20	18	13	30	90	155	581	11	11	2	23	39	31	68	214	734	7	70	708	7080
4543	435516	547027	547029	3	3	4547	1	1	11	8	6	41	15	26	96	884	3	14	24	18	37	45	78	37	634	0	8	80	808
4544	435612	547147	547149	3	3	4548	1	7	4	11	30	42	26	77	6	596	4	12	4	28	40	19	29	18	779	8	80	808	8085
4545	435710	547270	547272	3	3	4549	1	13	13	16	1	32	20	93	173	760	5	1	19	3	10	1	77	17	262	0	8	85	859
4546	435806	547390	547392	3	3	4550	1	0	0	18	5	40	50	5	81	637	0	0	25	15	34	32	15	243	902	8	85	859	8599
4547	435899	547508	547510	3	3	4551	1	14	9	20	7	26	54	19	109	345	8	8	2	21	35	44	57	76	26	5	59	599	5990
4548	435998	547631	547633	3	3	4552	1	13	6	20	2	32	26	21	79	790	5	18	2	6	10	19	63	237	352	9	99	990	9904
4549	436091	547749	547751	3	3	4553	1	15	5	4	6	36	17	91	28	390	11	15	12	18	22	51	71	84	161	9	90	904	9048
4550	436189	547872	547873	3	3	4554	1	14	1	14	0	14	16	22	113	156	8	3	13	0	42	48	66	88	468	0	4	48	480
4551	436283	547990	547991	3	3	4555	1	3	15	1	9	4	6	56	233	104	9	7	3	27	12	18	67	197	312	4	48	480	4801
4552	436381	548113	548114	3	3	4556	1	10	14	13	5	17	39	60	153	487	13	4	10	15	8	58	79	208	452	8	80	801	8010
4553	436477	548233	548234	3	3	4557	1	11	15	17	15	2	50	98	162	458	16	7	22	14	6	32	92	235	365	0	1	10	109
4554	436570	548351	548352	3	3	4558	1	7	14	27	12	36	20	59	215	511	4	4	23	5	22	1	76	143	524	1	10	109	1094
4555	436668	548474	548475	3	3	4559	1	9	15	12	13	42	3	28	52	560	10	7	7	8	40	9	84	156	671	0	9	94	941
4556	436764	548594	548596	3	3	4560	1	3	2	26	4	3	30	41	73	787	9	6	20	12	9	31	22	219	343	9	94	941	9412
4557	436860	548714	548716	3	3	4561	1	4	7	24	3	33	11	31	228	446	12	2	14	9	13	33	93	182	329	4	41	412	4121
4558	436956	548835	548836	3	3	4562	1	7	12	9	24	5	57	12	232	767	4	17	27	10	15	53	36	194	283	1	12	121	1214
4559	437047	548950	548952	3	3	4563	1	7	1	1	18	22	0	23	80	709	4	3	3	23	23	0	69	240	109	2	21	214	2147
4560	437137	549065	549067	3	3	4564	1	7	13	28	20	15	2	67	88	51	4	1	26	29	2	6	100	13	153	1	14	147	1472
4561	437243	549196	549197	3	3	4565	1	1	18	20	17	29	8	53	227	720	3	16	2	20	1	24	58	179	142	4	47	472	4722
4562	437339	549316	549318	3	3	4566	1	12	7	12	13	29	26	61	16	995	2	2	7	8	1	19	82	48	967	7	72	722	7221
4563	437435	549436	549438	3	3	4567	1	10	16	26	10	1	23	1	227	118	13	10	20	30	3	10	3	179	354	2	22	221	2213
4564	437526	549552	549554	3	3	4568	1	16	15	28	20	22	14	94	116	549	14	7	26	29	23	42	80	97	638	2	21	213	2131
4565	437626	549677	549679	3	3	4569	1	16	11	1	21	4	22	69	116	71	14	14	3	1	12	7	5	97	213	1	13	131	1317
4566	437722	549797	549799	3	3	4570	1	7	18	5	23	36	1	34	66	76	4	16	15	7	22	3	1	198	228	3	31	317	3179
4567	437814	549914	549919	57	3*19	4571	1	11	17	22	14	5	53	24	9	288	15	0	7	23	27	12	55	11	272	1	17	179	1794
4568	437912	550036	550037	3	3	4572	1	10	1	14	2	18	57	81	66	743	13	3	13	6	11	53	41	198	211	7	79	794	7947
4569	438007	550156	550158	3	3	4573	1	3	16	8	8	27	3	62	153	176	9	10	24	24	38	9	85	208	528	9	94	947	9476
4570	438105	550279	550280	3	3	4574	1	10	6	22	22	16	58	8	155	340	13	18	8	4	5	56	24	214	11	4	47	476	4764
4571	438201	550399	550401	3	3	4575	1	8	5	3	6	11	44	95	183	449	7	15	9	18	33	14	83	47	338	7	76	764	7647
4572	438292	550515	550517	3	3	4576	1	3	9	9	20	26	48	51	240	631	9	8	27	29	35	26	52	218	884	6	64	647	6477
4573	438393	550640	550642	3	3	4577	1	12	6	7	30	34	12	72	213	359	2	18	21	28	16	36	14	137	68	4	47	477	4777
4574	438482	550753	550760	87	3*29	4578	1	8	18	20	27	13	57	49	168	26	16	8	0	24	13	3	21	58	244	7	77	777	7772
4575	438585	550881	550882	3	3	4579	1	8	10	16	11	29	14	63	237	178	7	11	19	2	1	42	88	209	534	7	77	772	7726
4576	438676	550996	551000	15	3*5	4580	1	2	16	22	6	39	51	39	19	814	13	12	11	28	26	57	80	34	102	7	72	726	7262
4577	438769	551114	551123	489	3*163	4581	1	7	8	22	8	38	14	10	39	139	6	17	28	6	6	2	42	246	368	2	26	262	2622
4578	438872	551242	551243	3	3	4582	1	1	16	16	27	41	39	82	123	494	3	10	19	19	37	58	44	118	473	6	62	622	6224
4579	438965	551360	551361	3	3	4583	1	5	1	27	13	17	4	53	111	56	15	3	23	8	8	12	58	82	168	2	22	224	2241
4580	439064	551482	551484	3	3	4584	1	16	11	10	8	29	20	93	174	102	14	14	1	24	1	1	77	20	306	2	24	241	2414
4581	439159	551603	551604	3	3	4585	1	3	11	21	9	14	25	34	98	825	9	14	5	27	42	16	1	43	457	4	41	414	4142
4582	439255	551723	551725	3	3	4586	1	11	10	8	13	20	22	19	121	172	16	11	24	8	17	7	57	112	516	1	14	142	1425
4583	439351	551843	551845	3	3	4587	1	7	6	17	22	14	8	86	128	0	4	18	22	4	42	24	56	133	0	4	42	425	4254
4584	439442	551959	551961	3	3	4588	1	11	3	10	13	16	44	25	42	836	16	9	1	8	5	14	75	126	490	2	25	254	2548
4585	439540	552082	552083	3	3	4589	1	4	5	14	24	11	36	52	186	94	12	15	13	10	33	49	55	56	282	5	54	548	5485
4586	439638	552205	552206	3	3	4590	1	1	10	15	9	5	30	63	227	347	3	11	16	27	15	31	88	179	32	4	48	485	4854
4587	439734	552325	552326	3	3	4591	1	6	13	15	2	18	20	74	103	631	1	1	16	6	11	1	20	58	884	8	85	854	8545
4588	439830	552445	552447	3	3	4592	1	2	18	9	3	8	43	97	113	142	6	16	27	9	24	11	89	88	426	5	54	545	5454
4589	439921	552561	552563	3	3	4593	1	2	17	5	29	35	30	3	4	575	6	13	15	25	19	31	9	12	716	4	45	454	4540
4590	440022	552686	552688	3	3	4594	1	14	1	25	4	28	18	49	47	805	8	3	17	12	41	54	46	141	397	5	54	540	5403
4591	440118	552806	552808	3	3	4595	1	4	8	13	12	35	7	39	48	596	12	5	10	5	19	21	16	144	779	4	40	403	4033
4592	440207	552920	552928	219	3*73	4596	1	16	11	28	19	37	14	7	21	770	2	15	13	7	19	57	18	81	127	0	3	33	332
4593	440305	553042	553044	3	3	4597	1	16	15	26	12	33	42	50	175	431	14	7	20	5	13	8	49	23	284	3	33	332	3321
4594	440403	553165	553167	3	3	4598	1	8	12	25	3	32	25	51	34	781	7	17	17	9	10	16	52	102	325	3	32	321	3215
4595	440501	553288	553289	3	3	4599	1	1	11	19	11	5	6	75	179	593	3	14	28	2	15	18	23	35	770	2	21	215	2157
4596	440597	553408	553410	3	3	4600	1	9	12	16	26	39	40	24	49	593	10	17	19	16	31	2	72	147	770	1	15	157	1571
4597	440690	553526	553528	3	3	4601	1	8	10	10	2	13	56	77	226	747	7	11	1	6	39	50	29	176	223	5	57	571	5718
4598	440788	553649	553650	3	3	4602	1	13	4	21	14	6	48	41	112	718	5	12	5	11	18	26	22	85	136	7	71	718	7185
4599	440882	553767	553768	3	3	4603	1	5	2	23	0	7	26	96	83	182	15	6	11	0	21	19	86	249	546	1	18	185	1853
4600	440972	553882	553883	3	3	4604	1	7	5	13	9	10	44	35	83	253	4	15	10	27	30	14	4	249	759	8	85	853	8530
4601	441073	554008	554009	3	3	4605	1	16	4	23	17	14	9	44	18	239	14	12	11	20	42	27	31	54	717	5	53	530	5306
4602	441171	554130	554132	3	3	4606	1	2	13	4	9	18	14	27	228	615	6	1	12	27	11	42	81	182	836	3	30	306	3061
4603	441267	554251	554252	3	3	4607	1	13	0	6	10	5	8	65	210	614	5	0	18	30	15	24	94	128	833	0	6	61	614
4604	441361	554369	554370	3	3	4608	1	15	9	1	17	42	56	69	60	23	11	8	3	20	40	50	5	180	69	6	61	614	6142
4605	441459	554491	554493	3	3	4609	1	12	6	0	29	24	38	65	234	664	2	18	0	25	29	55	94	200	983	1	14	142	1422
4606	441555	554612	554613	3	3	4610	1	1	6	24	12	26	51	85	37	523	3	18	14	5	35	35	53	111	560	4	42	422	4228
4607	441651	554732	554734	3	3	4611	1	5	1	13	14	41	11	73	97	619	15	3	10	11	37	33	17	40	848	2	22	228	2288
4608	441741	554847	554854	87	3*29	4612	1	6	17	14	2	22	42	75	208	434	12	16	0	19	22	55	61	24	425	2	28	288	2881
4609	441838	554968	554970	3	3	4613	1	12	15	10	24	1	37	47	236	817	2	7	1	10	3	52	40	206	433	8	88	881	8813
4610	441936	555091	555092	3	3	4614	1	3	3	20	1	42	11	51	225	144	9	9	2	3	40	33	52	173	432	8	81	813	8137
4611	442034	555213	555215	3	3	4615	1	5	13	20	26	30	31	54	189	196	15	1	2	16	4	34	61	65	588	1	13	137	1375
4612	442130	555334	555335	3	3	4616	1	1	15	3	27	12	9	23	143	321	3	7	9	19	36	27	69	178	963	3	37	375	3758
4613	442225	555454	555456	3	3	4617	1	13	2	27	11	38	12	47	207	357	5	6	23	2	28	36	40	119	62	7	75	758	7585
4614	442314	555567	555569	3	3	4618	1	0	11	10	25	14	7	32	184	841	0	14	1	13	42	21	96	50	505	5	58	585	5850
4615	442417	555695	555696	3	3	4619	1	2	12	6	15	31	21	34	221	169	6	17	18	14	7	4	1	161	507	8	85	850	8504
4616	442513	555815	555817	3	3	4620	1	13	6	4	23	1	19	26	17	187	5	18	12	7	3	57	78	51	561	5	50	504	5043
4617	442609	555936	555937	3	3	4621	1	7	12	17	1	18	15	89	147	600	4	17	22	3	11	45	65	190	791	0	4	43	430
4618	442702	556054	556055	3	3	4622	1	13	15	25	12	6	45	11	223	96	5	7	17	5	18	17	33	167	288	4	43	430	4306
4619	442798	556174	556175	3	3	4623	1	3	9	15	13	26	18	51	81	779	9	8	16	8	35	54	52	243	319	3	30	306	3063
4620	442896	556297	556298	3	3	4624	1	10	16	28	19	40	2	54	151	824	13	10	26	26	34	6	61	202	454	0	6	63	633
4621	442992	556417	556419	3	3	4625	1	11	14	20	11	18	29	41	62	488	16	4	2	2	11	28	22	186	455	6	63	633	6332
4622	443085	556535	556537	3	3	4626	1	7	6	12	20	35	35	13	57	379	4	18	7	29	19	46	39	171	128	3	33	332	3321
4623	443184	556658	556659	3	3	4627	1	9	18	8	4	0	47	52	215	935	10	16	24	12	0	23	55	143	787	3	32	321	3217
4624	443273	556771	556777	57	3*19	4628	1	2	15	10	3	26	3	80	63	464	12	0	19	16	20	53	15	77	214	2	21	217	2175
4625	443375	556898	556900	3	3	4629	1	4	5	10	25	14	7	62	124	301	12	15	1	13	42	21	85	121	903	1	17	175	1751
4626	443469	557016	557018	3	3	4630	1	15	16	25	5	17	47	96	233	825	11	10	17	15	8	23	86	197	457	7	75	751	7518
4627	443567	557139	557141	3	3	4631	1	5	6	5	5	31	32	53	161	420	15	18	15	15	7	37	58	232	251	5	51	518	5182
4628	443663	557259	557261	3	3	4632	1	1	5	7	15	16	1	8	183	944	3	15	21	14	5	3	24	47	814	1	18	182	1829
4629	443756	557377	557379	3	3	4633	1	7	7	15	26	22	11	43	170	179	4	2	16	16	23	33	28	8	537	8	82	829	8297
4630	443854	557500	557502	3	3	4634	1	12	6	7	11	29	44	16	128	906	2	18	21	2	1	14	48	133	700	2	29	297	2979
4631	443950	557620	557622	3	3	4635	1	10	7	4	18	10	28	33	164	247	13	2	12	23	30	25	99	241	741	9	97	979	9798
4632	444046	557741	557742	3	3	4636	1	9	10	22	25	27	6	93	210	794	10	11	8	13	38	18	77	128	364	7	79	798	7986
4633	444142	557861	557863	3	3	4637	1	16	1	5	15	5	50	63	58	869	14	3	15	14	15	32	88	174	589	9	98	986	9866
4634	444228	557972	557974	3	3	4638	1	11	13	7	23	13	17	77	115	990	16	1	21	7	39	51	29	94	952	8	86	866	8662
4635	444326	558095	558097	3	3	4639	1	15	17	15	9	12	17	15	137	395	11	13	16	27	36	51	45	160	176	6	66	662	6622
4636	444429	558222	558224	3	3	4640	1	16	5	15	7	40	58	62	73	673	14	15	16	21	34	56	85	219	1	6	62	622	6223
4637	444525	558343	558344	3	3	4641	1	15	11	18	14	15	19	6	162	124	11	14	25	11	2	57	18	235	372	2	22	223	2237
4638	444621	558463	558465	3	3	4642	1	10	11	19	21	22	29	17	141	222	13	14	28	1	23	28	51	172	666	2	23	237	2371
4639	444712	558579	558580	3	3	4643	1	1	8	13	13	33	9	14	191	920	3	5	10	8	13	27	42	71	742	3	37	371	3717
4640	444804	558696	558697	3	3	4644	1	7	4	4	23	7	23	46	139	256	4	12	12	7	21	10	37	166	768	7	71	717	7172
4641	444908	558824	558826	3	3	4645	1	12	18	21	9	42	41	55	202	833	2	16	5	27	40	5	64	104	481	1	17	172	1721
4642	445004	558944	558946	3	3	4646	1	4	6	26	0	32	22	96	111	778	12	18	20	0	10	7	86	82	316	7	72	721	7215
4643	445097	559062	559064	3	3	4647	1	5	2	6	25	25	4	81	238	105	15	6	18	13	32	12	41	212	315	2	21	215	2159
4644	445193	559183	559184	3	3	4648	1	10	14	28	20	16	10	33	170	199	13	4	26	29	5	30	99	8	597	1	15	159	1591
4645	445291	559305	559307	3	3	4649	1	2	18	7	0	7	40	4	4	947	6	16	21	0	21	2	12	12	823	5	59	591	5916
4646	445387	559426	559427	3	3	4650	1	1	7	21	15	3	26	64	187	169	3	2	5	14	9	19	91	59	507	9	91	916	9160
4647	445481	559544	559545	3	3	4651	1	5	4	8	3	29	51	39	80	402	15	12	24	9	1	35	16	240	197	1	16	160	1607
4648	445579	559666	559668	3	3	4652	1	16	8	27	16	27	40	17	146	368	14	5	23	17	38	2	51	187	95	6	60	607	6077
4649	445672	559785	559786	3	3	4653	1	4	1	0	29	5	1	47	155	870	12	3	0	25	15	3	40	214	592	0	7	77	771
4650	445770	559907	559909	3	3	4654	1	11	14	23	3	35	6	71	54	354	16	4	11	9	19	18	11	162	53	7	77	771	7716
4651	445864	560025	560027	3	3	4655	1	15	12	13	19	27	18	8	193	570	11	17	10	26	38	54	24	77	701	7	71	716	7166
4652	445962	560148	560149	3	3	4656	1	3	11	17	25	34	34	1	92	919	9	14	22	13	16	43	3	25	739	1	16	166	1669
4653	446058	560268	560270	3	3	4657	1	3	12	2	28	35	3	66	6	143	9	17	6	22	19	9	97	18	429	6	66	669	6692
4654	446151	560386	560388	3	3	4658	1	7	10	24	18	39	2	26	248	798	4	11	14	23	31	6	78	242	376	6	69	692	6925
4655	446250	560509	560511	3	3	4659	1	6	4	1	7	42	30	45	11	492	1	12	3	21	40	31	34	33	467	9	92	925	9254
4656	446345	560629	560631	3	3	4660	1	2	10	25	14	9	51	15	236	631	6	11	17	11	27	35	45	206	884	2	25	254	2547
4657	446441	560750	560751	3	3	4661	1	16	17	12	22	40	4	99	103	499	14	13	7	4	34	12	95	58	488	5	54	547	5474
4658	446537	560870	560872	3	3	4662	1	14	1	1	25	40	39	57	30	155	8	3	3	13	34	58	70	90	465	4	47	474	4748
4659	446628	560986	560987	3	3	4663	1	9	18	26	1	26	4	83	247	822	10	16	20	3	35	12	47	239	448	7	74	748	7487
4660	446726	561108	561110	3	3	4664	1	16	0	10	29	38	46	87	104	421	14	0	1	25	28	20	59	61	254	4	48	487	4873
4661	446824	561231	561233	3	3	4665	1	9	7	8	2	10	3	1	170	956	10	2	24	6	30	9	3	8	850	8	87	873	8738
4662	446920	561351	561353	3	3	4666	1	6	6	19	30	42	51	55	84	855	1	18	28	28	40	35	64	1	547	7	73	738	7389
4663	447016	561472	561473	3	3	4667	1	1	6	24	29	41	18	4	4	329	3	18	14	25	37	54	12	12	987	3	38	389	3898
4664	447107	561588	561589	3	3	4668	1	16	16	19	11	13	32	67	211	401	14	10	28	2	39	37	100	131	194	8	89	898	8986
4665	447208	561713	561714	3	3	4669	1	6	18	20	15	29	5	59	19	810	1	16	2	14	1	15	76	57	412	9	98	986	9866
4666	447303	561833	561834	3	3	4670	1	13	14	8	12	9	57	57	61	775	5	4	24	5	27	53	70	183	307	8	86	866	8665
4667	447392	561946	561955	417	3*139	4671	1	14	12	7	12	36	24	29	213	107	7	7	19	13	5	37	74	218	223	6	66	665	6654
4668	447493	562071	562073	3	3	4672	1	15	14	9	16	37	29	7	132	810	11	4	27	17	25	28	21	145	412	6	65	654	6549
4669	447589	562192	562193	3	3	4673	1	16	3	23	7	26	7	97	37	871	14	9	11	21	35	21	89	111	595	5	54	549	5494
4670	447687	562314	562316	3	3	4674	1	2	2	2	22	41	24	23	109	289	6	6	6	4	37	13	69	76	867	4	49	494	4949
4671	447783	562435	562436	3	3	4675	1	13	7	10	8	35	38	93	197	710	5	2	1	24	19	55	77	89	112	9	94	949	9494
4672	447876	562553	562554	3	3	4676	1	15	10	7	22	22	15	55	161	909	11	11	21	4	23	45	64	232	709	4	49	494	4945
4673	447974	562675	562677	3	3	4677	1	12	6	25	10	24	55	98	44	22	2	18	17	30	29	47	92	132	66	9	94	945	9450
4674	448068	562793	562795	3	3	4678	1	7	10	18	27	6	57	33	87	461	4	11	25	19	18	53	99	10	374	4	45	450	4501
4675	448161	562911	562918	87	3*29	4679	1	16	17	16	16	18	37	92	200	713	15	16	0	28	18	33	25	81	482	5	50	501	5011
4676	448259	563034	563036	3	3	4680	1	11	9	23	21	38	29	71	250	852	16	8	11	1	28	28	11	248	538	0	1	11	114
4677	448357	563157	563158	3	3	4681	1	11	16	22	15	19	8	76	202	909	16	10	8	14	14	24	26	104	709	1	11	114	1146
4678	448453	563277	563279	3	3	4682	1	15	14	25	30	6	31	48	60	593	11	4	17	28	18	34	43	180	770	1	14	146	1465
4679	448547	563395	563397	3	3	4683	1	1	6	0	3	32	8	52	57	648	3	18	0	9	10	24	55	171	935	4	46	465	4654
4680	448637	563510	563511	3	3	4684	1	1	12	20	27	34	20	18	140	725	3	17	2	19	16	1	54	169	157	6	65	654	6540
4681	448736	563634	563640	57	3*19	4685	1	15	0	7	23	34	47	85	196	458	5	0	22	9	3	24	98	128	881	5	54	540	5406
4682	448836	563759	563760	3	3	4686	1	0	5	18	30	27	47	26	104	263	0	15	25	28	38	23	78	61	789	4	40	406	4062
4683	448932	563879	563880	3	3	4687	1	2	4	16	22	32	14	11	43	114	6	12	19	4	10	42	33	129	342	0	6	62	628
4684	449023	563995	563996	3	3	4688	1	8	1	7	9	0	56	62	65	32	7	3	21	27	0	50	85	195	96	6	62	628	6284
4685	449116	564111	564119	177	3*59	4689	1	4	10	3	28	32	53	14	3	914	11	3	9	27	31	0	54	29	338	2	28	284	2843
4686	449220	564240	564242	3	3	4690	1	14	16	14	9	27	0	38	66	885	8	10	13	27	38	0	13	198	637	8	84	843	8433
4687	449316	564360	564362	3	3	4691	1	15	6	4	23	15	18	97	79	335	11	18	12	7	2	54	89	237	1005	4	43	433	4336
4688	449411	564481	564482	3	3	4692	1	10	7	14	16	29	46	26	243	912	13	2	13	17	1	20	78	227	718	3	33	336	3366
4689	449502	564596	564598	3	3	4693	1	12	8	13	15	30	22	54	209	88	2	5	10	14	4	7	61	125	264	3	36	366	3663
4690	449603	564721	564723	3	3	4694	1	1	1	11	14	6	35	4	228	759	3	3	4	11	18	46	12	182	259	6	66	663	6639
4691	449699	564842	564843	3	3	4695	1	9	12	22	20	34	31	77	55	144	10	17	8	29	16	34	29	165	432	6	63	639	6393
4692	449795	564962	564964	3	3	4696	1	3	16	14	15	22	11	52	72	742	9	10	13	14	23	33	55	216	208	3	39	393	3937
4693	449888	565080	565082	3	3	4697	1	11	1	2	17	31	17	44	66	942	16	3	6	20	7	51	31	198	808	9	93	937	9379
4694	449984	565200	565202	3	3	4698	1	15	6	17	26	19	20	65	118	753	11	18	22	16	14	1	94	103	241	3	37	379	3790
4695	450082	565323	565325	3	3	4699	1	5	11	24	20	34	31	32	61	769	15	14	14	29	16	34	96	183	289	7	79	790	7900
4696	450178	565443	565445	3	3	4700	1	1	10	9	1	31	22	27	84	676	3	11	27	3	7	7	81	1	10	9	90	900	9003
4697	450269	565559	565561	3	3	4701	1	15	1	18	28	6	49	18	239	476	11	3	25	22	18	29	54	215	419	0	0	3	39
4698	450360	565675	565686	1497	3*499	4702	1	2	15	10	10	36	24	72	159	639	2	16	6	28	13	56	17	75	51	0	3	39	397
4699	450463	565802	565804	3	3	4703	1	2	5	26	30	41	3	11	199	616	6	15	20	28	37	9	33	95	839	3	39	397	3976
4700	450561	565925	565926	3	3	4704	1	9	10	15	1	23	52	60	110	779	10	11	16	3	26	38	79	79	319	9	97	976	9769
4701	450652	566041	566045	15	3*5	4705	1	2	18	8	25	2	45	48	4	520	13	4	4	3	30	26	13	60	737	7	76	769	7692
4702	450753	566166	566167	3	3	4706	1	7	18	4	4	20	0	57	38	519	4	16	12	12	17	0	70	114	548	6	69	692	6926
4703	450849	566286	566288	3	3	4707	1	5	7	10	2	5	6	93	7	128	15	2	1	6	15	18	77	21	384	9	92	926	9265
4704	450942	566404	566406	3	3	4708	1	10	4	11	6	13	36	11	142	622	13	12	4	18	39	49	33	175	857	2	26	265	2656
4705	451040	566527	566528	3	3	4709	1	15	8	21	0	37	15	92	138	695	11	5	5	0	25	45	74	163	67	6	65	656	6567
4706	451136	566647	566649	3	3	4710	1	10	5	5	14	25	32	72	152	339	13	15	15	11	32	37	14	205	8	5	56	567	5672
4707	451232	566767	566769	3	3	4711	1	8	14	24	5	31	33	11	169	202	7	4	14	15	7	40	33	5	606	6	67	672	6721
4708	451328	566888	566889	3	3	4712	1	7	3	5	15	6	36	36	52	554	4	9	15	14	18	49	7	156	653	7	72	721	7214
4709	451414	566999	567005	87	3*29	4713	1	15	10	5	5	15	41	65	28	404	13	15	0	1	15	27	100	177	842	2	21	214	2146
4710	451517	567126	567128	3	3	4714	1	11	10	28	15	19	42	12	21	51	16	11	26	14	14	8	36	63	153	1	14	146	1463
4711	451615	567249	567250	3	3	4715	1	8	12	16	4	33	15	84	27	708	7	17	19	12	13	45	50	81	106	4	46	463	4638
4712	451711	567369	567371	3	3	4716	1	16	4	7	3	6	18	86	189	463	14	12	21	9	18	54	56	65	380	6	63	638	6385
4713	451807	567489	567491	3	3	4717	1	2	10	27	24	40	56	96	117	1001	6	11	23	10	34	50	86	100	985	3	38	385	3853
4714	451898	567605	567607	3	3	4718	1	15	6	12	18	5	16	2	167	528	11	18	7	23	15	48	6	250	575	8	85	853	8530
4715	451998	567730	567732	3	3	4719	1	8	1	22	30	21	30	10	225	232	7	3	8	28	20	31	30	173	696	5	53	530	5306
4716	452094	567851	567852	3	3	4720	1	16	13	9	17	27	42	9	199	320	14	1	27	20	38	8	27	95	960	3	30	306	3067
4717	452190	567971	567972	3	3	4721	1	3	0	22	13	13	7	44	198	744	9	0	8	8	39	21	31	92	214	0	6	67	673
4718	452281	568087	568088	3	3	4722	1	12	17	17	19	13	6	50	68	912	2	13	22	26	39	18	49	204	718	6	67	673	6736
4719	452363	568193	568203	723	3*241	4723	1	5	10	23	7	25	42	18	243	151	11	10	12	8	15	40	86	240	201	7	73	736	7360
4720	452477	568332	568334	3	3	4724	1	3	6	2	21	14	6	7	105	304	9	18	6	1	42	18	21	64	912	3	36	360	3609
4721	452573	568452	568454	3	3	4725	1	3	1	12	23	20	58	97	26	437	9	3	7	7	17	56	89	78	302	6	60	609	6096
4722	452667	568570	568572	3	3	4726	1	7	15	20	16	25	58	34	126	93	4	7	2	17	32	56	1	127	279	0	9	96	965
4723	452765	568693	568695	3	3	4727	1	6	14	5	10	28	12	30	44	118	1	4	15	30	41	36	90	132	354	9	96	965	9657
4724	452858	568811	568813	3	3	4728	1	14	3	24	8	5	6	84	88	911	8	9	14	24	15	18	50	13	715	6	65	657	6571
4725	452956	568934	568935	3	3	4729	1	16	13	10	22	32	37	66	221	408	14	1	1	4	10	52	97	161	215	5	57	571	5712
4726	453050	569052	569053	3	3	4730	1	13	3	18	26	9	24	57	238	477	5	9	25	16	27	13	70	212	422	7	71	712	7120
4727	453148	569174	569176	3	3	4731	1	4	2	13	4	16	16	37	114	386	12	6	10	12	5	48	10	91	149	1	12	120	1209
4728	453244	569295	569296	3	3	4732	1	12	7	11	30	32	45	37	44	952	2	2	4	28	10	17	10	132	838	2	20	209	2091
4729	453337	569413	569414	3	3	4733	1	12	10	19	8	19	34	32	187	638	2	11	28	24	14	43	96	59	905	0	9	91	918
4730	453435	569535	569537	3	3	4734	1	6	6	13	11	32	19	30	147	211	1	18	10	2	10	57	90	190	633	9	91	918	9180
4731	453531	569656	569657	3	3	4735	1	1	12	18	26	28	13	69	106	100	3	17	25	16	41	39	5	67	300	1	18	180	1807
4732	453627	569776	569778	3	3	4736	1	9	18	10	2	20	53	61	179	885	10	16	1	6	17	41	82	35	637	8	80	807	8076
4733	453723	569897	569898	3	3	4737	1	6	7	18	27	28	41	52	206	513	1	2	25	19	41	5	55	116	530	0	7	76	763
4734	453814	570012	570014	3	3	4738	1	8	9	18	15	19	24	71	224	47	7	8	25	14	14	13	11	170	141	7	76	763	7638
4735	453912	570135	570137	3	3	4739	1	5	18	0	14	5	32	84	100	573	15	16	0	11	15	37	50	49	710	6	63	638	6383
4736	454010	570258	570259	3	3	4740	1	7	11	14	9	40	23	17	38	634	4	14	13	27	34	10	51	114	893	3	38	383	3832
4737	454106	570378	570380	3	3	4741	1	12	18	28	13	29	4	3	50	580	2	16	26	8	1	12	9	150	731	8	83	832	8327
4738	454198	570494	570500	57	3*19	4742	1	1	1	2	24	1	12	84	159	405	6	0	27	4	14	35	41	27	887	3	32	327	3271
4739	454288	570609	570611	3	3	4743	1	1	7	17	3	22	15	94	113	704	3	2	22	9	23	45	80	88	94	2	27	271	2716
4740	454394	570739	570741	3	3	4744	1	7	4	5	27	24	16	87	99	292	4	12	15	19	29	48	59	46	876	7	71	716	7166
4741	454489	570859	570861	3	3	4745	1	12	6	22	9	30	27	35	189	681	2	18	8	27	4	22	4	65	25	1	16	166	1664
4742	454585	570980	570981	3	3	4746	1	1	5	16	2	42	56	46	221	532	3	15	19	6	40	50	37	161	587	6	66	664	6641
4743	454674	571093	571099	87	3*29	4747	1	10	14	9	9	37	57	8	52	756	3	2	0	8	37	3	90	6	187	6	64	641	6416
4744	454774	571218	571220	3	3	4748	1	11	5	8	21	30	29	53	90	345	16	15	24	1	4	28	58	19	26	4	41	416	4162
4745	454873	571341	571342	3	3	4749	1	11	7	20	4	21	21	53	20	122	16	2	2	12	20	4	58	60	366	1	16	162	1627
4746	454968	571461	571463	3	3	4750	1	15	10	11	12	6	35	97	37	62	11	11	4	5	18	46	89	111	186	6	62	627	6274
4747	455062	571579	571581	3	3	4751	1	1	4	11	17	10	31	8	95	228	3	12	4	20	30	34	24	34	684	2	27	274	2748
4748	455160	571702	571703	3	3	4752	1	1	12	16	21	33	5	66	134	197	3	17	19	1	13	15	97	151	591	7	74	748	7488
4749	455254	571820	571821	3	3	4753	1	6	7	21	3	8	25	14	97	394	1	2	5	9	24	16	42	40	173	4	48	488	4888
4750	455352	571943	571944	3	3	4754	1	0	5	13	11	37	30	82	128	581	0	15	10	2	25	31	44	133	734	8	88	888	8888
4751	455445	572061	572062	3	3	4755	1	14	6	4	30	7	47	73	46	113	8	18	12	28	21	23	17	138	339	8	88	888	8880
4752	455543	572183	572185	3	3	4756	1	13	11	20	10	25	7	100	14	513	5	14	2	30	32	21	98	42	530	8	88	880	8800
4753	455639	572304	572305	3	3	4757	1	7	10	14	14	41	29	97	132	70	4	11	13	11	37	28	89	145	210	8	80	800	8007
4754	455733	572422	572423	3	3	4758	1	13	5	1	0	30	32	63	99	974	5	15	3	0	4	37	88	46	904	0	0	7	78
4755	455831	572544	572546	3	3	4759	1	15	18	13	12	10	2	90	90	170	11	16	10	5	30	6	68	19	510	0	7	78	786
4756	455927	572665	572666	3	3	4760	1	10	6	17	23	19	21	58	149	802	13	18	22	7	14	4	73	196	388	7	78	786	7869
4757	456022	572785	572787	3	3	4761	1	11	10	19	9	39	51	11	217	336	16	11	28	27	31	35	33	149	1008	8	86	869	8692
4758	456118	572905	572907	3	3	4762	1	1	13	12	10	8	57	39	173	259	3	1	7	30	24	53	16	17	777	6	69	692	6925
4759	456191	573003	573005	3	3	4763	1	10	18	14	11	21	45	9	77	442	13	16	13	2	20	17	27	231	317	9	92	925	9256
4760	456305	573141	573143	3	3	4764	1	11	17	23	21	10	51	68	201	415	16	13	11	1	30	35	2	101	236	2	25	256	2560
4761	456406	573266	573268	3	3	4765	1	4	1	9	12	8	50	31	140	217	12	3	27	5	24	32	93	169	651	5	56	560	5602
4762	456501	573387	573388	3	3	4766	1	7	8	25	14	33	8	27	236	549	4	5	17	11	13	24	81	206	638	6	60	602	6029
4763	456597	573507	573509	3	3	4767	1	5	5	23	27	29	12	52	149	895	15	15	11	19	1	36	55	196	667	0	2	29	290
4764	456688	573623	573624	3	3	4768	1	15	15	24	24	26	44	81	197	104	11	7	14	10	35	14	41	89	312	2	29	290	2902
4765	456789	573748	573749	3	3	4769	1	1	3	12	5	17	43	91	45	632	3	9	7	15	8	11	71	135	887	9	90	902	9022
4766	456885	573868	573870	3	3	4770	1	12	11	26	26	37	17	51	4	29	2	14	20	16	25	51	52	12	87	0	2	22	228
4767	456980	573989	573990	3	3	4771	1	10	12	4	27	35	48	3	177	203	13	17	12	19	19	26	9	29	609	2	22	228	2284
4768	457074	574107	574108	3	3	4772	1	12	10	6	27	13	40	48	249	908	2	11	18	19	39	2	43	245	706	2	28	284	2847
4769	457170	574227	574229	3	3	4773	1	10	16	1	5	14	52	89	163	168	13	10	3	15	42	38	65	238	504	8	84	847	8472
4770	457268	574350	574351	3	3	4774	1	7	10	12	15	12	58	17	202	387	4	11	7	14	36	56	51	104	152	4	47	472	4721
4771	457364	574470	574472	3	3	4775	1	5	17	12	23	0	40	39	48	57	15	13	7	7	0	2	16	144	171	7	72	721	7210
4772	457451	574582	574590	237	3*79	4776	1	4	14	28	27	10	56	57	17	465	13	12	24	13	5	56	76	13	224	2	21	210	2104
4773	457555	574711	574712	3	3	4777	1	15	13	22	29	42	4	1	141	192	11	1	8	25	40	12	3	172	576	1	10	104	1040
4774	457649	574829	574830	3	3	4778	1	2	0	18	13	6	56	26	155	790	6	0	25	8	18	50	78	214	352	0	4	40	403
4775	457747	574951	574953	3	3	4779	1	8	7	22	19	12	17	49	30	128	7	2	8	26	36	51	46	90	384	4	40	403	4031
4776	457840	575069	575071	3	3	4780	1	15	5	13	27	28	4	22	215	428	11	15	10	19	41	12	66	143	275	0	3	31	317
4777	457934	575187	575194	87	3*29	4781	1	1	12	4	12	28	40	19	49	663	2	18	0	21	28	58	37	247	168	3	31	317	3172
4778	458034	575312	575314	3	3	4782	1	4	1	16	4	0	38	44	24	883	12	3	19	12	0	55	31	72	631	1	17	172	1721
4779	458128	575431	575432	3	3	4783	1	5	15	23	26	26	43	62	249	116	15	7	11	16	35	11	85	245	348	7	72	721	7211
4780	458226	575553	575555	3	3	4784	1	16	14	19	25	39	29	99	91	447	14	4	28	13	31	28	95	22	332	2	21	211	2118
4781	458322	575674	575675	3	3	4785	1	2	15	16	25	40	54	65	189	331	6	7	19	13	34	44	94	65	993	1	11	118	1186
4782	458418	575794	575795	3	3	4786	1	1	13	19	5	34	55	75	116	812	3	1	28	15	16	47	23	97	418	1	18	186	1860
4783	458513	575914	575916	3	3	4787	1	8	15	10	15	26	47	58	6	485	7	7	1	14	35	23	73	18	446	8	86	860	8608
4784	458605	576030	576032	3	3	4788	1	2	13	2	30	3	50	94	4	465	6	1	6	28	9	32	80	12	386	6	60	608	6082
4785	458703	576153	576154	3	3	4789	1	4	9	19	27	34	20	63	44	867	12	8	28	19	16	1	88	132	583	0	8	82	820
4786	458801	576275	576277	3	3	4790	1	11	12	17	18	33	21	0	157	490	16	17	22	23	13	4	0	220	461	8	82	820	8204
4787	458897	576396	576397	3	3	4791	1	7	6	18	25	22	36	69	162	456	4	18	25	13	23	49	5	235	359	2	20	204	2041
4788	458993	576516	576518	3	3	4792	1	3	12	12	15	29	49	14	130	929	9	17	7	14	1	29	42	139	769	0	4	41	419
4789	459084	576632	576633	3	3	4793	1	11	3	18	17	3	35	53	232	354	16	9	25	20	9	46	58	194	53	4	41	419	4190
4790	459184	576757	576758	3	3	4794	1	1	7	15	9	8	52	95	128	516	3	2	16	27	24	38	83	133	539	1	19	190	1900
4791	459280	576877	576879	3	3	4795	1	6	16	9	7	24	48	100	197	509	1	10	27	21	29	26	98	89	518	9	90	900	9000
4792	459376	576997	576999	3	3	4796	1	2	14	9	14	17	31	23	183	169	6	4	27	11	8	34	69	47	507	0	0	0	4
4793	459469	577115	577117	3	3	4797	1	10	6	5	29	16	55	43	145	567	13	18	15	25	5	47	28	184	692	0	0	4	42
4794	459565	577236	577237	3	3	4798	1	13	15	20	3	14	9	91	10	941	5	7	2	9	42	27	71	30	805	0	4	42	422
4795	459659	577354	577360	57	3*19	4799	1	2	2	16	25	40	38	56	198	912	12	0	13	30	1	42	61	242	525	4	42	422	4229
4796	459759	577479	577480	3	3	4800	1	12	5	12	9	5	29	10	162	171	2	15	7	27	15	28	30	235	513	2	22	229	2296
4797	459853	577597	577598	3	3	4801	1	12	16	25	0	33	4	89	1	442	2	10	17	0	13	12	65	3	317	2	29	296	2966
4798	459951	577720	577721	3	3	4802	1	6	6	19	1	19	31	16	212	897	1	18	28	3	14	34	48	134	673	9	96	966	9661
4799	460036	577830	577831	3	3	4803	1	7	7	22	15	11	12	76	27	889	4	2	8	14	33	36	26	81	649	6	66	661	6617
4800	460142	577960	577962	3	3	4804	1	9	16	21	0	18	4	86	122	535	10	10	5	0	11	12	56	115	596	6	61	617	6171
4801	460236	578078	578080	3	3	4805	1	8	5	10	3	20	1	9	92	347	7	15	1	9	17	3	27	25	32	1	17	171	1711
4802	460334	578201	578203	3	3	4806	1	13	7	28	15	2	10	73	91	148	5	2	26	14	6	30	17	22	444	7	71	711	7119
4803	460430	578321	578323	3	3	4807	1	8	10	4	16	1	34	97	244	829	7	11	12	17	3	43	89	230	469	1	11	119	1196
4804	460523	578439	578441	3	3	4808	1	15	4	23	29	19	42	92	91	720	11	12	11	25	14	8	74	22	142	1	19	196	1963
4805	460621	578562	578564	3	3	4809	1	12	12	4	3	3	41	18	155	636	2	17	12	9	9	5	54	214	899	9	96	963	9637
4806	460711	578676	578684	249	3*83	4810	1	16	5	13	6	28	3	59	47	88	6	10	18	6	6	39	46	157	723	6	63	637	6377
4807	460813	578803	578804	3	3	4811	1	13	5	5	25	17	9	71	34	896	5	15	15	13	8	27	11	102	670	3	37	377	3779
4808	460909	578923	578925	3	3	4812	1	7	11	0	28	23	10	42	26	153	4	14	0	22	26	30	25	78	459	7	77	779	7792
4809	461000	579039	579040	3	3	4813	1	10	5	23	16	12	21	14	161	566	13	15	11	17	36	4	42	232	689	7	79	792	7921
4810	461098	579161	579163	3	3	4814	1	7	2	20	20	22	33	5	58	652	4	6	2	29	23	40	15	174	947	9	92	921	9213
4811	461185	579273	579286	6351	3*29*73	4815	1	10	15	2	5	30	6	56	42	947	15	18	0	11	40	51	35	180	757	2	21	213	2133
4812	461292	579405	579406	3	3	4816	1	4	18	18	22	42	9	83	230	994	12	16	25	4	40	27	47	188	964	1	13	133	1337
4813	461388	579525	579526	3	3	4817	1	11	6	13	25	11	55	26	3	991	16	18	10	13	33	47	78	9	955	3	33	337	3375
4814	461479	579641	579642	3	3	4818	1	4	8	24	1	38	3	22	239	849	12	5	14	3	28	9	66	215	529	3	37	375	3757
4815	461579	579766	579767	3	3	4819	1	5	13	3	21	2	57	95	232	810	15	1	9	1	6	53	83	194	412	7	75	757	7575
4816	461675	579886	579888	3	3	4820	1	1	18	27	2	14	6	95	23	949	3	16	23	6	42	18	83	69	829	5	57	575	5751
4817	461771	580006	580008	3	3	4821	1	13	7	3	30	26	47	5	115	465	5	2	9	28	35	23	15	94	386	7	75	751	7511
4818	461865	580124	580126	3	3	4822	1	0	4	7	12	41	32	23	209	190	0	12	21	5	37	37	69	125	570	5	51	511	5114
4819	461960	580245	580246	3	3	4823	1	14	13	24	24	26	15	40	28	93	8	1	14	10	35	45	19	84	279	1	11	114	1149
4820	462059	580367	580369	3	3	4824	1	13	5	17	15	18	28	25	221	973	5	15	22	14	11	25	75	161	901	1	14	149	1495
4821	462154	580488	580489	3	3	4825	1	7	14	9	12	30	36	39	217	466	4	4	27	5	4	49	16	149	389	4	49	495	4959
4822	462246	580603	580605	3	3	4826	1	6	10	3	1	17	11	44	9	44	1	11	9	3	8	33	31	27	132	9	95	959	9595
4823	462346	580728	580730	3	3	4827	1	15	11	28	18	6	34	94	90	579	11	14	26	23	18	43	80	19	728	5	59	595	5950
4824	462439	580846	580848	3	3	4828	1	2	10	4	7	14	43	70	82	387	6	11	12	21	42	11	8	246	152	9	95	950	9501
4825	462538	580969	580971	3	3	4829	1	11	12	2	22	35	46	59	43	802	16	17	6	4	19	20	76	129	388	5	50	501	5015
4826	462629	581085	581089	15	3*5	4830	1	15	7	27	9	31	11	94	221	370	4	10	28	11	35	47	97	52	505	0	1	15	156
4827	462729	581210	581211	3	3	4831	1	9	10	22	17	17	55	93	130	902	10	11	8	20	8	47	77	139	688	1	15	156	1566
4828	462825	581330	581332	3	3	4832	1	3	17	10	10	36	57	3	157	317	9	13	1	30	22	53	9	220	951	5	56	566	5660
4829	462919	581448	581450	3	3	4833	1	11	4	25	27	9	35	17	140	573	16	12	17	19	27	46	51	169	710	6	66	660	6604
4830	463017	581571	581572	3	3	4834	1	7	13	5	30	3	32	88	206	822	4	1	15	28	9	37	62	116	448	6	60	604	6049
4831	463112	581691	581693	3	3	4835	1	5	0	7	12	19	31	26	232	413	15	0	21	5	14	34	78	194	230	0	4	49	496
4832	463208	581812	581813	3	3	4836	1	1	7	17	15	14	37	47	211	645	3	2	22	14	42	52	40	131	926	4	49	496	4963
4833	463304	581932	581934	3	3	4837	1	1	6	7	30	23	43	64	77	999	3	18	21	28	26	11	91	231	979	9	96	963	9631
4834	463395	582048	582049	3	3	4838	1	10	1	28	13	14	11	55	22	49	13	3	26	8	42	33	64	66	147	6	63	631	6318
4835	463493	582170	582172	3	3	4839	1	2	4	16	1	10	14	7	141	75	6	12	19	3	30	42	21	172	225	3	31	318	3186
4836	463592	582293	582295	3	3	4840	1	9	18	5	3	27	57	17	182	881	10	16	15	9	38	53	51	44	625	1	18	186	1862
4837	463687	582413	582415	3	3	4841	1	16	14	25	30	30	54	43	77	395	14	4	17	28	4	44	28	231	176	8	86	862	8629
4838	463783	582534	582535	3	3	4842	1	7	15	19	22	41	41	4	225	832	4	7	28	4	37	5	12	173	478	6	62	629	6294
4839	463866	582642	582643	3	3	4843	1	7	12	15	30	9	53	37	205	77	4	17	16	28	27	41	10	113	231	2	29	294	2947
4840	463975	582774	582776	3	3	4844	1	16	15	18	14	35	26	61	41	548	14	7	25	11	19	19	82	123	635	9	94	947	9472
4841	464071	582895	582896	3	3	4845	1	15	2	19	9	37	49	44	198	565	11	6	28	27	25	29	31	92	686	4	47	472	4726
4842	464166	583015	583017	3	3	4846	1	10	7	6	23	41	14	12	226	150	13	2	18	7	37	42	36	176	450	7	72	726	7265
4843	464255	583129	583130	3	3	4847	1	7	8	16	16	29	50	44	35	478	4	5	19	17	1	32	31	105	425	2	26	265	2654
4844	464356	583254	583255	3	3	4848	1	15	5	10	13	41	24	32	30	889	11	15	1	8	37	13	96	90	649	6	65	654	6547
4845	464454	583376	583378	3	3	4849	1	12	12	26	14	38	14	50	238	74	2	17	20	11	28	42	49	212	222	5	54	547	5473
4846	464550	583497	583498	3	3	4850	1	4	18	1	20	32	30	75	28	543	12	16	3	29	10	31	23	84	620	4	47	473	4736
4847	464643	583615	583616	3	3	4851	1	5	9	28	3	8	6	80	233	324	15	8	26	9	24	18	38	197	972	7	73	736	7364
4848	464741	583737	583739	3	3	4852	1	16	16	7	23	1	36	82	218	281	14	10	21	7	3	49	44	152	843	3	36	364	3642
4849	464835	583855	583857	3	3	4853	1	14	18	10	26	15	22	37	8	736	8	16	1	16	2	7	10	24	190	6	64	642	6425
4850	464933	583978	583980	3	3	4854	1	1	11	11	20	8	52	76	75	496	3	14	4	29	24	38	26	225	479	4	42	425	4252
4851	465026	584096	584098	3	3	4855	1	5	15	17	25	20	53	96	244	755	15	7	22	13	17	41	86	230	247	2	25	252	2523
4852	465120	584214	584220	57	3*19	4856	1	8	3	0	14	35	56	80	10	793	14	0	0	23	17	6	15	68	805	5	52	523	5230
4853	465220	584339	584341	3	3	4857	1	3	5	23	30	17	24	40	95	895	9	15	11	28	8	13	19	34	667	2	23	230	2308
4854	465314	584457	584459	3	3	4858	1	9	16	13	30	9	10	11	29	548	10	10	10	28	27	30	33	87	635	3	30	308	3081
4855	465412	584580	584581	3	3	4859	1	7	6	17	1	8	5	94	2	130	4	18	22	3	24	15	80	6	390	0	8	81	817
4856	465508	584700	584702	3	3	4860	1	3	5	2	5	42	3	39	30	979	9	15	6	15	40	9	16	90	919	8	81	817	8177
4857	465604	584820	584822	3	3	4861	1	3	16	4	4	3	0	86	139	220	9	10	12	12	9	0	56	166	660	1	17	177	1770
4858	465699	584941	584942	3	3	4862	1	1	6	1	2	33	11	72	61	178	3	18	3	6	13	33	14	183	534	7	77	770	7703
4859	465791	585056	585058	3	3	4863	1	5	17	1	26	26	22	95	83	762	15	13	3	16	35	7	83	249	268	7	70	703	7036
4860	465889	585179	585181	3	3	4864	1	14	2	14	0	24	38	27	180	718	8	6	13	0	29	55	81	38	136	0	3	36	367
4861	465987	585302	585303	3	3	4865	1	16	1	1	14	37	24	10	101	187	14	3	3	11	25	13	30	52	561	3	36	367	3675
4862	466083	585422	585424	3	3	4866	1	14	12	12	5	29	24	91	100	801	8	17	7	15	1	13	71	49	385	6	67	675	6751
4863	466178	585543	585544	3	3	4867	1	4	16	21	15	29	58	15	160	871	12	10	5	14	1	56	45	229	595	7	75	751	7515
4864	466267	585656	585658	3	3	4868	1	2	16	17	29	32	50	73	168	682	6	10	22	25	10	32	17	2	28	5	51	515	5159
4865	466370	585783	585785	3	3	4869	1	9	11	19	13	34	16	30	15	408	10	14	28	8	16	48	90	45	215	1	15	159	1590
4866	466466	585904	585905	3	3	4870	1	6	11	24	4	4	14	70	32	411	1	14	14	12	12	42	8	96	224	5	59	590	5906
4867	466562	586024	586026	3	3	4871	1	1	10	11	3	36	29	76	143	859	3	11	4	9	22	28	26	178	559	9	90	906	9067
4868	466655	586142	586144	3	3	4872	1	12	5	4	11	19	3	7	98	164	2	15	12	2	14	9	21	43	492	0	6	67	673
4869	466751	586262	586264	3	3	4873	1	8	15	19	28	18	5	8	193	907	7	7	28	22	11	15	24	77	703	6	67	673	6735
4870	466849	586385	586387	3	3	4874	1	13	6	16	30	6	40	95	225	893	5	18	19	28	18	2	83	173	661	7	73	735	7350
4871	466945	586505	586507	3	3	4875	1	8	10	16	17	16	15	76	155	133	7	11	19	20	5	45	26	214	399	3	35	350	3502
4872	467038	586623	586625	3	3	4876	1	15	14	23	15	28	13	40	109	282	11	4	11	14	41	39	19	76	846	5	50	502	5023
4873	467137	586746	586748	3	3	4877	1	12	18	2	10	5	47	71	164	832	2	16	6	30	15	23	11	241	478	0	2	23	235
4874	467230	586864	586866	3	3	4878	1	14	9	2	7	24	36	66	5	599	8	8	6	21	29	49	97	15	788	2	23	235	2350
4875	467328	586987	586988	3	3	4879	1	13	1	6	21	36	40	90	195	783	5	3	18	1	22	2	68	83	331	3	35	350	3507
4876	467422	587105	587106	3	3	4880	1	15	13	5	17	23	34	3	237	336	11	1	15	20	26	43	9	209	1008	5	50	507	5072
4877	467520	587227	587229	3	3	4881	1	12	5	3	18	29	44	16	49	313	2	15	9	23	1	14	48	147	939	0	7	72	728
4878	467611	587343	587349	87	3*29	4882	1	10	9	0	26	6	31	28	7	202	3	4	0	30	6	42	12	107	421	7	72	728	7283
4879	467701	587458	587460	3	3	4883	1	1	8	24	6	5	27	59	134	137	3	5	14	18	15	22	76	151	411	2	28	283	2835
4880	467807	587589	587590	3	3	4884	1	4	11	22	22	42	26	70	118	932	12	14	8	4	40	19	8	103	778	8	83	835	8354
4881	467903	587709	587710	3	3	4885	1	11	12	25	6	29	7	75	36	402	16	17	17	18	1	21	23	108	197	3	35	354	3540
4882	467999	587829	587831	3	3	4886	1	15	12	0	4	14	22	98	17	168	11	17	0	12	42	7	92	51	504	5	54	540	5405
4883	468095	587950	587951	3	3	4887	1	5	4	24	30	20	45	0	6	520	15	12	14	28	17	17	0	18	551	4	40	405	4056
4884	468184	588063	588065	3	3	4888	1	3	13	18	9	18	17	43	150	590	9	1	25	27	11	51	28	199	761	0	5	56	567
4885	468282	588186	588187	3	3	4889	1	8	6	10	24	16	44	87	131	901	7	18	1	10	5	14	59	142	685	5	56	567	5670
4886	468382	588311	588312	3	3	4890	1	0	1	16	26	12	47	64	49	119	0	3	19	16	36	23	91	147	357	6	67	670	6704
4887	468478	588431	588433	3	3	4891	1	2	13	1	2	5	40	48	227	643	6	1	3	6	15	2	43	179	920	7	70	704	7040
4888	468574	588551	588553	3	3	4892	1	13	0	15	27	18	7	52	106	574	5	0	16	19	11	21	55	67	713	0	4	40	403
4889	468665	588667	588669	3	3	4893	1	3	17	11	15	33	5	91	121	156	9	13	4	14	13	15	71	112	468	4	40	403	4038
4890	468765	588792	588794	3	3	4894	1	14	6	4	8	15	32	39	62	496	8	18	12	24	2	37	16	186	479	0	3	38	386
4891	468861	588912	588914	3	3	4895	1	15	6	14	9	28	26	24	177	152	11	18	13	27	41	19	72	29	456	3	38	386	3867
4892	468957	589033	589034	3	3	4896	1	10	1	6	13	35	9	41	163	739	13	3	18	8	19	27	22	238	199	8	86	867	8674
4893	469051	589151	589152	3	3	4897	1	9	15	8	23	7	57	22	96	1004	10	7	24	7	21	53	66	37	994	6	67	674	6743
4894	469146	589271	589273	3	3	4898	1	7	18	16	3	36	32	23	150	840	4	16	19	9	22	37	69	199	502	7	74	743	7435
4895	469244	589394	589395	3	3	4899	1	9	15	14	27	31	48	7	218	160	10	7	13	19	7	26	21	152	480	4	43	435	4351
4896	469340	589514	589516	3	3	4900	1	3	13	10	9	5	45	7	25	273	9	1	1	27	15	17	21	75	819	3	35	351	3513
4897	469434	589632	589634	3	3	4901	1	11	3	17	19	25	42	59	217	423	16	9	22	26	32	8	76	149	260	5	51	513	5136
4898	469532	589755	589757	3	3	4902	1	7	2	24	3	22	27	84	95	346	4	6	14	9	23	22	50	34	29	1	13	136	1362
4899	469625	589873	589875	3	3	4903	1	1	9	25	21	27	20	96	214	744	3	8	17	1	38	1	86	140	214	3	36	362	3622
4900	469724	589996	589997	3	3	4904	1	1	12	15	4	35	8	24	80	322	3	17	16	12	19	24	72	240	966	6	62	622	6222
4901	469817	590114	590115	3	3	4905	1	7	5	12	21	5	22	8	147	506	4	15	7	1	15	7	24	190	509	2	22	222	2222
4902	469915	590236	590238	3	3	4906	1	12	12	14	23	27	17	0	84	626	2	17	13	7	38	51	0	1	869	2	22	222	2224
4903	470011	590357	590358	3	3	4907	1	10	18	15	21	18	34	18	123	646	13	16	16	1	11	43	54	118	929	2	22	224	2247
4904	470104	590475	590476	3	3	4908	1	12	9	11	3	1	9	87	61	227	2	8	4	9	3	27	59	183	681	2	24	247	2477
4905	470203	590597	590599	3	3	4909	1	16	16	4	11	38	36	21	200	483	14	10	12	2	28	49	63	98	440	4	47	477	4771
4906	470298	590718	590719	3	3	4910	1	7	14	10	26	24	39	30	207	218	4	4	1	16	29	58	90	119	654	7	77	771	7715
4907	470394	590838	590840	3	3	4911	1	5	11	26	10	26	40	3	97	471	15	14	20	30	35	2	9	40	404	7	71	715	7158
4908	470490	590958	590960	3	3	4912	1	16	18	21	14	41	50	53	190	731	14	16	5	11	37	32	58	68	175	1	15	158	1589
4909	470577	591070	591076	57	3*19	4913	1	2	7	11	0	18	56	21	248	89	12	0	18	0	37	6	86	80	28	5	58	589	5891
4910	470679	591197	591198	3	3	4914	1	2	1	28	21	5	44	60	205	409	6	3	26	1	15	14	79	113	218	8	89	891	8915
4911	470777	591320	591321	3	3	4915	1	8	4	5	23	38	29	90	154	187	7	12	15	7	28	28	68	211	561	9	91	915	9150
4912	470868	591435	591441	87	3*29	4916	1	2	12	18	11	4	3	35	29	716	4	18	0	27	4	25	15	13	743	1	15	150	1504
4913	470969	591560	591562	3	3	4917	1	12	5	24	10	12	4	98	120	1003	2	15	14	30	36	12	92	109	991	5	50	504	5049
4914	471060	591676	591678	3	3	4918	1	9	9	25	22	17	58	88	123	981	10	8	17	4	8	56	62	118	925	0	4	49	495
4915	471161	591801	591803	3	3	4919	1	8	6	7	29	30	21	100	103	621	7	18	21	25	4	4	98	58	854	4	49	495	4953
4916	471257	591921	591923	3	3	4920	1	16	7	27	12	31	48	4	206	329	14	2	23	5	7	26	12	116	987	9	95	953	9530
4917	471352	592042	592043	3	3	4921	1	2	10	10	14	1	29	50	85	793	6	11	1	11	3	28	49	4	361	5	53	530	5309
4918	471446	592160	592161	3	3	4922	1	7	4	16	24	38	40	20	210	207	4	12	19	10	28	2	60	128	621	3	30	309	3098
4919	471534	592272	592274	3	3	4923	1	5	13	16	28	11	39	94	145	716	15	1	19	22	33	58	80	184	130	0	9	98	984
4920	471640	592403	592404	3	3	4924	1	16	16	22	5	1	29	98	218	875	14	10	8	15	3	28	92	152	607	9	98	984	9844
4921	471736	592523	592525	3	3	4925	1	3	5	19	26	40	30	50	74	518	9	15	28	16	34	31	49	222	545	8	84	844	8444
4922	471829	592641	592643	3	3	4926	1	9	6	28	24	38	44	76	55	236	10	18	26	10	28	14	26	165	708	4	44	444	4448
4923	471927	592764	592765	3	3	4927	1	7	11	2	11	3	33	82	111	395	4	14	6	2	9	40	44	82	176	4	44	448	4489
4924	472021	592882	592883	3	3	4928	1	4	2	14	5	0	9	51	41	24	12	6	13	15	0	27	52	123	72	4	48	489	4893
4925	472119	593004	593006	3	3	4929	1	3	6	13	15	19	15	14	112	722	9	18	10	14	14	45	42	85	148	8	89	893	8933
4926	472212	593123	593124	3	3	4930	1	7	15	1	17	20	4	40	1	285	4	7	3	20	17	12	19	3	855	9	93	933	9333
4927	472310	593245	593247	3	3	4931	1	6	6	4	1	42	17	16	33	562	1	18	12	3	40	51	48	99	677	3	33	333	3330
4928	472406	593366	593367	3	3	4932	1	2	10	10	29	31	43	32	172	261	6	11	1	25	7	11	96	14	783	3	33	330	3309
4929	472500	593484	593485	3	3	4933	1	10	14	18	13	29	0	52	21	69	13	4	25	8	1	0	55	63	207	3	30	309	3096
4930	472598	593606	593608	3	3	4934	1	14	18	13	19	24	25	76	118	445	8	16	10	26	29	16	26	103	326	0	9	96	963
4931	472694	593727	593728	3	3	4935	1	4	7	11	11	29	50	25	146	934	12	2	4	2	1	32	75	187	784	9	96	963	9634
4932	472790	593847	593849	3	3	4936	1	12	1	8	7	10	38	2	62	1006	2	3	24	21	30	55	6	186	1000	6	63	634	6340
4933	472885	593967	593969	3	3	4937	1	9	8	13	4	27	25	55	23	165	10	5	10	12	38	16	64	69	495	3	34	340	3408
4934	472976	594083	594085	3	3	4938	1	5	4	10	30	26	52	16	200	117	15	12	1	28	35	38	48	98	351	4	40	408	4087
4935	473075	594206	594207	3	3	4939	1	7	18	2	5	34	39	69	216	345	4	16	6	15	16	58	5	146	26	0	8	87	878
4936	473173	594328	594330	3	3	4940	1	9	3	18	25	38	14	24	183	557	10	9	25	13	28	42	72	47	662	8	87	878	8780
4937	473269	594449	594450	3	3	4941	1	6	11	15	5	40	3	75	239	888	1	14	16	15	34	9	23	215	646	7	78	780	7807
4938	473364	594569	594571	3	3	4942	1	13	12	0	15	15	49	75	68	74	5	17	0	14	2	29	23	204	222	8	80	807	8076
4939	473456	594685	594686	3	3	4943	1	1	2	11	30	37	14	97	141	757	3	6	4	28	25	42	89	172	253	0	7	76	769
4940	473556	594810	594811	3	3	4944	1	7	4	28	11	8	20	15	159	795	4	12	26	2	24	1	45	226	367	7	76	769	7693
4941	473652	594930	594932	3	3	4945	1	12	10	9	18	39	10	63	242	567	2	11	27	23	31	30	88	224	692	6	69	693	6932
4942	473748	595050	595052	3	3	4946	1	2	17	11	25	42	14	60	212	684	6	13	4	13	40	42	79	134	34	9	93	932	9325
4943	473841	595169	595170	3	3	4947	1	6	4	1	3	15	25	33	48	3	1	12	3	9	2	16	99	144	9	3	32	325	3259
4944	473937	595289	595290	3	3	4948	1	15	14	16	23	25	7	85	114	270	11	4	19	7	32	21	53	91	810	2	25	259	2599
4945	474035	595412	595413	3	3	4949	1	12	0	16	9	37	47	56	147	832	2	0	19	27	25	23	67	190	478	5	59	599	5993
4946	474126	595527	595533	87	3*29	4950	1	10	14	20	12	21	36	11	10	133	3	2	0	21	21	5	48	117	472	9	99	993	9939
4947	474220	595645	595647	3	3	4951	1	15	4	27	14	10	43	82	247	268	11	12	23	11	30	11	44	239	804	9	93	939	9397
4948	474323	595773	595774	3	3	4952	1	4	6	20	21	16	32	86	42	950	12	18	2	1	5	37	56	126	832	3	39	397	3978
4949	474416	595891	595892	3	3	4953	1	9	4	8	3	14	50	55	103	329	10	12	24	9	42	32	64	58	987	9	97	978	9780
4950	474514	596013	596015	3	3	4954	1	15	18	26	10	25	28	63	244	352	11	16	20	30	32	25	88	230	47	7	78	780	7805
4951	474603	596127	596133	75	3*5^2	4955	1	15	3	5	9	2	24	21	133	54	3	16	27	24	21	30	60	186	14	8	80	805	8054
4952	474706	596254	596256	3	3	4956	1	1	15	18	0	6	27	66	236	124	3	7	25	0	18	22	97	206	372	0	5	54	541
4953	474802	596374	596376	3	3	4957	1	13	13	13	1	34	5	34	100	456	5	1	10	3	16	15	1	49	359	5	54	541	5419
4954	474895	596492	596494	3	3	4958	1	0	3	4	20	7	36	97	136	329	0	9	12	29	21	49	89	157	987	4	41	419	4193
4955	474993	596615	596617	3	3	4959	1	2	2	20	0	23	54	62	81	690	6	6	2	0	26	44	85	243	52	1	19	193	1934
4956	475089	596735	596737	3	3	4960	1	13	7	14	15	42	49	63	55	247	5	2	13	14	40	29	88	165	741	9	93	934	9341
4957	475185	596856	596857	3	3	4961	1	7	12	5	15	9	30	27	100	629	4	17	15	14	27	31	81	49	878	3	34	341	3414
4958	475273	596968	596970	3	3	4962	1	14	4	6	12	16	1	65	8	0	8	12	18	5	5	3	94	24	0	4	41	414	4144
4959	475372	597092	597093	3	3	4963	1	4	2	3	12	36	14	13	17	572	12	6	9	5	22	42	39	51	707	1	14	144	1447
4960	475470	597215	597216	3	3	4964	1	2	15	27	13	1	50	43	246	913	6	7	23	8	3	32	28	236	721	4	44	447	4473
4961	475568	597337	597339	3	3	4965	1	11	7	12	2	18	42	73	126	53	16	2	7	6	11	8	17	127	159	4	47	473	4737
4962	475664	597458	597459	3	3	4966	1	1	16	26	25	10	50	13	208	408	3	10	20	13	30	32	39	122	215	7	73	737	7377
4963	475760	597578	597579	3	3	4967	1	9	14	24	28	42	13	82	210	689	10	4	14	22	40	39	44	128	49	3	37	377	3774
4964	475851	597694	597695	3	3	4968	1	11	5	5	16	24	41	12	60	571	16	15	15	17	29	5	36	180	704	7	77	774	7744
4965	475951	597819	597820	3	3	4969	1	4	18	25	7	24	52	41	198	50	12	16	17	21	29	38	22	92	150	7	74	744	7441
4966	476043	597935	597941	57	3*19	4970	1	12	5	18	4	40	32	38	235	40	4	0	11	11	1	54	45	92	262	4	44	441	4418
4967	476143	598059	598061	3	3	4971	1	5	5	20	22	9	8	1	117	857	15	15	2	4	27	24	3	100	553	4	41	418	4184
4968	476234	598175	598177	3	3	4972	1	15	7	26	1	23	37	58	167	599	11	2	20	3	26	52	73	250	788	1	18	184	1842
4969	476332	598298	598299	3	3	4973	1	7	5	11	5	37	12	73	250	959	4	15	4	15	25	36	17	248	859	8	84	842	8426
4970	476424	598415	598422	177	3*59	4974	1	10	12	4	24	35	49	50	49	206	2	15	12	1	3	0	63	139	138	4	42	426	4263
4971	476526	598541	598542	3	3	4975	1	10	16	1	2	41	45	80	0	359	13	10	3	6	37	17	38	0	68	2	26	263	2631
4972	476620	598659	598660	3	3	4976	1	12	5	1	6	7	33	13	215	40	2	15	3	18	21	40	39	143	120	6	63	631	6312
4973	476718	598781	598783	3	3	4977	1	16	7	12	29	24	28	11	229	20	14	2	7	25	29	25	33	185	60	3	31	312	3129
4974	476811	598899	598901	3	3	4978	1	15	2	14	24	22	14	29	3	876	11	6	13	10	23	42	87	9	610	1	12	129	1298
4975	476909	599022	599024	3	3	4979	1	5	1	11	15	30	8	15	212	221	15	3	4	14	4	24	45	134	663	2	29	298	2986
4976	477003	599140	599142	3	3	4980	1	10	10	16	21	27	34	28	18	472	13	11	19	1	38	43	84	54	407	9	98	986	9860
4977	477101	599263	599264	3	3	4981	1	15	16	3	25	18	12	2	228	940	11	10	9	13	11	36	6	182	802	8	86	860	8608
4978	477197	599383	599385	3	3	4982	1	10	5	22	18	19	12	63	156	832	13	15	8	23	14	36	88	217	478	6	60	608	6080
4979	477290	599501	599503	3	3	4983	1	5	6	13	7	27	11	60	4	97	15	18	10	21	38	33	79	12	291	0	8	80	809
4980	477384	599619	599626	87	3*29	4984	1	2	3	24	20	7	47	98	156	6	4	14	0	4	7	18	42	18	522	8	80	809	8099
4981	477484	599744	599746	3	3	4985	1	12	10	16	8	42	44	37	241	186	2	11	19	24	40	14	10	221	558	0	9	99	998
4982	477580	599865	599866	3	3	4986	1	4	6	28	17	1	25	87	107	220	12	18	26	20	3	16	59	70	660	9	99	998	9988
4983	477676	599985	599987	3	3	4987	1	8	18	19	10	27	18	57	37	15	7	16	28	30	38	54	70	111	45	9	98	988	9888
4984	477767	600101	600102	3	3	4988	1	2	1	25	24	3	31	42	42	885	6	3	17	10	9	34	25	126	637	8	88	888	8886
4985	477865	600223	600225	3	3	4989	1	14	2	27	6	0	25	87	176	426	8	6	23	18	0	16	59	26	269	8	88	886	8868
4986	477963	600346	600348	3	3	4990	1	1	13	10	12	23	1	77	217	543	3	1	1	5	26	3	29	149	620	8	86	868	8687
4987	478059	600466	600468	3	3	4991	1	8	18	21	15	27	50	17	66	179	7	16	5	14	38	32	51	198	537	6	68	687	6874
4988	478147	600578	600588	921	3*307	4992	1	16	15	9	21	24	28	79	245	33	14	2	24	28	2	5	39	247	123	8	87	874	8741
4989	478244	600700	600702	3	3	4993	1	9	7	18	15	25	20	98	106	778	10	2	25	14	32	1	92	67	316	7	74	741	7413
4990	478347	600827	600829	3	3	4994	1	11	8	18	5	19	43	82	193	429	16	5	25	15	14	11	44	77	278	4	41	413	4132
4991	478442	600948	600949	3	3	4995	1	7	5	12	3	6	55	46	231	187	4	15	7	9	18	47	37	191	561	1	13	132	1326
4992	478538	601068	601070	3	3	4996	1	3	14	15	30	34	51	74	87	487	9	4	16	28	16	35	20	10	452	3	32	326	3260
4993	478632	601186	601188	3	3	4997	1	4	12	3	23	13	24	100	90	245	12	17	9	7	39	13	98	19	735	2	26	260	2604
4994	478728	601307	601308	3	3	4998	1	7	6	25	14	31	3	51	204	836	4	18	17	11	7	9	52	110	490	6	60	604	6047
4995	478826	601429	601431	3	3	4999	1	6	12	9	14	9	14	89	190	576	1	17	27	11	27	42	65	68	719	0	4	47	472
4996	478921	601550	601551	3	3	5000	1	2	12	25	9	34	6	11	126	473	6	17	17	27	16	18	33	127	410	4	47	472	4721
4997	479015	601668	601669	3	3	5001	1	10	16	20	17	32	35	51	158	184	13	10	2	20	10	46	52	223	552	7	72	721	7215
4998	479105	601782	601784	3	3	5002	1	14	13	2	12	17	28	6	40	726	8	1	6	5	8	25	18	120	160	2	21	215	2156
4999	479207	601908	601910	3	3	5003	1	11	11	14	13	41	14	84	86	81	16	14	13	8	37	42	50	7	243	1	15	156	1569
5000	479305	602031	602033	3	3	5004	1	12	1	9	14	33	37	51	131	69	2	3	27	11	13	52	52	142	207	5	56	569	5695
